Batch_ID,Production_Date,Plant_ID,Product_Category,Supplier_ID,Shift,Batch_Size,Planned_Cost,Scrap_Rate,Rework_Hours,Machine_Downtime_Hours,Energy_Consumption_kWh,Temperature_C,Post_Overrun_Amount,Post_Inspection_Score,Post_Warranty_Claim_Flag,Cost_Escalation_Level
B004711,2025-08-06,PLT10,C,SUP0044,Day,1100,158002.85,0.086,2.9,3.04,1451.9,22.3,15318.69,77.0,0,Normal
B000692,2025-03-21,PLT01,C,SUP0049,Day,967,136356.33,0.1125,7.32,3.63,1207.8,26.9,17850.11,72.2,0,Normal
B000066,2025-02-22,PLT06,C,SUP0087,Night,1590,205014.2,0.1359,10.43,2.4,1808.6,23.0,48087.16,48.9,0,High
B003427,2025-08-17,PLT02,C,SUP0055 ,Day,1266,187496.65,0.1098,1.93,6.54,1608.8,29.6,33987.51,74.7,0,Watch
B004821,2025-11-23,PLT02,B,SUP0037,Day,1459,169309.75,0.1093,2.33,2.48,1497.6,,23920.04,77.4,0,Normal
B000394,2025-07-07,PLT09,A,SUP0100,Night,1707,173769.55,0.0879,0.83,10.24,,24.7,42197.43,83.0,0,Critical
B001425,2025-02-16,PLT05,B,SUP0040,Night,1362,156816.89,0.0924,5.7,1.95,1309.1,29.7,25865.36,79.5,0,Normal
B000643,2025-11-08,PLT03,D,SUP0011,Day,1558,273256.24,0.0876,5.41,3.59,2249.8,,40549.57,61.2,0,Normal
B002836,2025-06-23,PLT07,B,SUP0152,Night,857,93418.11,0.1126,1.15,4.27,1134.9,,14943.22,69.3,0,Normal
B001739,2025-01-25,PLT01,B,sup0108,Night,1300,140857.27,0.094,9.83,10.35,1311.0,35.5,36963.56,79.6,0,Critical
B002946,2025-08-18,PLT05,A,SUP0106,Night,2783,247046.61,0.0716,5.46,3.06,2396.5,31.1,32500.86,79.3,0,Normal
B002068,2025-05-07,PLT08,B,SUP0101,Day,1156,134732.65,0.0754,4.33,8.99,1485.7,32.5,27132.87,80.8,0,High
B003348,2025-06-10,PLT01,C,SUP0164,Night,937,132957.0,0.0829,1.21,5.43,1002.3,34.0,23084.16,65.7,0,Watch
B000531,2025-10-26,PLT09,C,SUP0152,Day,1661,273710.23,0.1083,1.55,2.43,1738.7,25.8,34409.32,70.0,0,Normal
B004302,2025-02-06,PLT07,D,SUP0145,Night,1812,305176.69,0.0752,1.27,3.85,2626.3,24.1,43014.59,77.6,0,Normal
B000829,2025-04-30,PLT07,C,SUP0177,Day,1733,244270.23,0.1259,5.19,7.72,2194.6,28.7,51710.06,68.8,1,High
B001205,2025-03-06,PLT07,D,SUP0144,Night,1412,240567.86,0.0879,4.13,6.33,2048.2,24.8,46618.08,75.2,0,High
B000180,2025-08-13,PLT03,D,SUP0133,Day,843,150716.12,0.1231,1.54,4.07,1336.2,16.7,16361.4,72.0,0,Normal
B002766,2025-01-22,PLT09,C,SUP0148,Night,2178,356105.68,0.0884,7.2,0.21,2775.8,35.2,58078.6,66.0,1,Normal
B001778,2025-05-27,PLT09,A,SUP0046,Day,1277,129599.19,0.0896,4.1,5.77,1316.0,29.1,24910.98,78.9,1,Watch
B004928,2025-11-14,PLT10,A,SUP0175,Day,1053,93090.29,0.135,2.97,1.77,816.1,30.8,18127.67,62.8,0,High
B000492,2025-06-17,PLT06,B,SUP0101,Night,754,77064.77,0.0702,10.2,2.01,791.2,22.0,10233.73,65.9,0,Normal
B004654,2025-08-03,PLT04,C,SUP0150,Day,1860,265677.92,0.1058,10.14,,2828.4,36.9,73890.68,66.6,0,Critical
B000034,2025-06-15,PLT09,A,SUP0038,Night,854,85867.14,0.0616,6.08,3.42,660.6,30.3,12418.32,71.8,0,Normal
B003023,2025-05-08,PLT08,B,SUP0005,Day,411,49214.69,0.1119,7.2,7.95,572.1,,6862.97,70.4,0,Normal
B003621,2025-04-05,PLT03,B,SUP0143,Day,1945,222239.58,0.0824,4.9,2.55,1850.9,26.2,35487.3,67.6,0,Normal
B000486,2025-06-16,PLT07,B,SUP0045,Day,787,84733.57,0.068,9.61,12.22,1004.8,40.0,24900.92,67.4,0,Critical
B000080,2025-02-25,PLT01,C,SUP0083,Night,1598,224660.84,0.0754,5.82,7.19,2172.4,34.2,37914.61,78.9,0,Watch
B001345,2025-04-09,PLT03,C,SUP0174 ,Day,1460,212339.38,0.0521,1.83,3.58,1685.2,29.1,14918.07,81.6,0,Normal
B000578,2025-09-25,PLT05,D,SUP0039,Night,1113,200531.52,0.0682,2.08,1.75,1779.4,36.4,18856.78,74.1,0,Normal
B001176,2025-12-20,PLT09,C,SUP0138,Night,1264,215694.98,0.1161,5.97,3.3,1527.0,31.0,36670.91,61.0,0,Watch
B001488,2025-10-28,PLT02,C,SUP0012,Day,1733,248907.96,0.1638,3.2,2.23,2393.9,23.6,41458.18,56.9,0,Watch
B000498,2025-05-13,PLT09,C,SUP0122,Night,1110,184425.31,0.0902,9.63,1.49,1483.2,29.5,27019.92,61.9,0,Normal
B004103,2025-09-07,PLT02,A,SUP0004,Day,1667,147864.3,0.0788,10.16,4.27,1256.1,27.7,25185.02,76.8,0,Watch
B001145,2025-07-05,PLT03,B,sup0056,Day,1208,136436.83,0.0846,4.16,8.67,1225.7,21.2,27237.44,81.5,0,High
B003735,2025-12-25,PLT03,B,SUP0026,Day,1377,156113.56,0.0858,5.49,4.57,1104.2,38.2,27398.56,74.7,0,Watch
B004238,2025-03-25,PLT01,B,SUP0147,Day,3042,345047.81,0.0926,1.93,2.66,2649.4,25.3,45290.45,71.8,0,Normal
B003244,2025-10-26,PLT07,D,SUP0073,Night,1674,285049.48,0.12,2.53,1.04,2320.8,34.6,41356.8,79.0,0,Normal
B001236,2025-01-29,PLT08,C,SUP0127,Night,1409,213482.74,0.0464,1.14,5.16,1674.7,26.4,35014.44,84.7,0,Normal
B004569,2025-09-11,PLT01,A,SUP0150,Day,1423,126468.62,0.1224,11.46,2.05,880.6,21.9,17717.03,60.8,0,Normal
B004268,2025-07-06,PLT04,D,SUP0025,Day,1158,197123.27,0.1327,5.7,1.56,1442.2,28.6,34108.4,63.3,0,Watch
B000625,2025-08-16,PLT06,C,SUP0086,Night,2488,318436.43,0.1246,9.36,14.44,2906.3,31.4,92149.69,68.6,0,Critical
B001630,2025-01-20,PLT05,B,SUP0143,Day,866,98994.61,0.0623,1.56,2.76,831.1,24.3,6758.51,83.2,0,Normal
B000200,2025-10-21,PLT02,C,SUP0153,Day,1048,154518.6,0.0798,9.23,2.2,1230.6,33.2,20740.71,76.9,0,Normal
B003614,2025-09-16,PLT02,D,SUP0077,Day,1331,236155.2,0.1234,2.42,0.97,,33.6,32098.46,69.4,0,Normal
B001989,2025-07-02,PLT01,A,SUP0004,Day,1325,121829.91,0.0791,10.0,6.0,927.9,29.7,20796.2,69.5,0,Watch
B002345,2025-06-25,PLT03,A,SUP0095,Day,1276,112107.95,0.0814,6.73,1.0,1010.7,32.0,16137.0,74.8,0,Normal
B003264,2025-06-11,PLT10,C,SUP0129,Day,1696,238062.85,0.0724,12.3,1.59,2058.9,27.4,25514.1,76.9,0,Normal
B001906,2025-07-04,PLT08,A,SUP0010,Night,557,51142.36,0.0667,6.7,8.63,630.6,15.9,9700.75,74.6,0,Watch
B000766,2025-07-23,PLT09,A,SUP0157,Night,1035,105248.87,0.0909,1.65,11.08,1057.1,28.6,30035.22,74.1,0,Critical
B000804,2025-12-26,PLT01,B,SUP0149,Night,2128,233442.11,0.0986,1.43,1.74,1686.2,28.3,45501.83,74.6,0,Watch
B001502,2025-12-13,PLT07,A,SUP0103,Day,1206,101100.62,0.1195,9.39,3.72,1140.4,38.7,19968.92,72.8,0,High
B001771,2025-08-18,PLT01,B,SUP0019,Night,1784,197350.34,0.105,1.47,2.19,1679.4,27.6,23112.9,78.1,0,Normal
B000107,2025-12-21,PLT08,D,SUP0039,Night,2252,418759.62,0.0547,14.89,7.56,3818.5,25.6,72340.88,82.3,0,Watch
B002965,2025-05-04,PLT02,B,SUP0082,Day,1061,121120.74,0.0659,1.97,4.82,1109.4,28.0,11316.55,64.6,0,Normal
B000839,2025-12-01,PLT02,B,SUP0049,Day,1512,179865.9,0.1187,10.03,6.29,1371.2,27.7,39805.6,69.9,0,High
B003972,2025-01-15,PLT09,A,SUP0023,Night,1920,195001.19,0.051,1.21,3.07,1268.8,18.0,18813.25,78.6,0,Normal
B000706,2025-05-08,PLT01,C,SUP0122,Day,1846,271432.48,0.0879,4.23,2.93,2493.5,26.3,44773.46,77.0,0,Normal
B004151,2025-07-21,PLT03,B,SUP0117,Day,1950,225690.43,0.0897,5.27,7.62,1757.3,33.8,36343.87,70.0,0,Watch
B003180,2025-06-06,PLT04,B,SUP0086,Night,822,87041.29,0.1097,4.66,1.8,661.0,22.7,6739.98,70.8,0,Normal
B004777,2025-03-22,PLT05,A,SUP0165,Day,1162,104188.99,0.0375,0.78,11.41,1045.1,18.1,21895.36,81.5,0,High
B000229,2025-10-22,PLT03,D,SUP0133,Night,950,165911.74,0.1391,10.76,7.46,1545.9,22.4,38709.07,67.3,1,High
B003337,2025-01-14,PLT04,B,SUP0141,Day,1491,159733.18,0.0555,1.44,2.49,1580.4,,19331.02,68.3,0,Normal
B002269,2025-12-25,PLT04,D,SUP0177,Day,3103,531935.42,0.1146,4.18,5.98,4930.2,26.4,126121.1,56.9,0,High
B003853,2025-05-07,PLT03,B,SUP0120,Day,1278,145153.65,0.1018,8.79,3.65,1326.4,22.6,31140.83,60.7,0,High
B000502,2025-10-10,PLT09,D,SUP0165,Night,1778,350362.63,0.0789,2.65,1.36,2424.8,31.6,40957.24,78.7,0,Normal
B003129,2025-05-14,PLT10,A,SUP0093,Night,773,68593.06,0.1126,3.75,3.22,476.7,22.6,10003.44,61.7,0,Normal
B003353,2025-02-05,PLT03,A,SUP0063,Night,793,70456.74,0.1316,5.44,8.68,776.1,29.5,20575.51,64.2,1,Critical
B004175,2025-10-09,PLT03,B,SUP0022,Night,1280,144948.13,0.0923,6.17,6.43,1368.0,26.3,29386.39,70.8,0,High
B001635,2025-02-01,PLT06,C,SUP0109,Day,1141,148613.29,0.0717,20.48,3.34,1451.6,25.0,26658.44,81.4,0,Watch
B001481,2025-09-17,PLT08,B,SUP0143,Night,1203,144847.59,0.075,4.66,2.9,1094.3,27.1,24169.7,71.4,1,Watch
B002116,2025-04-12,PLT09,C,SUP0076,Day,2160,351774.32,0.1335,4.32,8.18,2482.5,30.4,86521.75,71.9,0,Critical
B004000,2025-10-21,PLT03,B,SUP0072,Day,1516,175558.98,0.093,6.32,4.03,1471.3,29.2,25631.27,61.3,1,Normal
B000562,2025-08-27,PLT06,D,SUP0006,Night,1288,201635.75,0.1071,1.75,3.03,1674.1,35.5,24424.03,65.4,0,Normal
B004199,2025-07-30,PLT06,C,SUP0083 ,Day,1358,175483.04,0.077,7.17,0.54,1727.9,24.0,15896.73,66.5,0,Normal
B003698,2025-06-28,PLT09,B,SUP0029,Night,1433,189608.0,0.0937,9.98,7.56,1692.3,30.5,38184.45,70.0,0,High
B004698,2025-12-25,PLT06,C,SUP0076,Night,740,92541.68,0.1534,11.36,4.03,962.7,21.7,17934.25,59.6,0,Watch
B000280,2025-06-13,PLT06,A,SUP0019 ,Day,1464,116947.51,0.0683,8.71,3.16,1260.6,32.5,12841.12,87.0,0,Normal
B002267,2025-02-18,PLT07,A,SUP0176,Day,668,54307.16,0.0866,11.23,3.71,584.9,33.8,7864.16,70.5,0,Normal
B000158,2025-06-18,PLT10,A,SUP0151,Day,1758,153652.87,0.1125,9.95,2.94,,47.6,14443.5,65.3,0,Normal
B000539,2025-03-06,PLT10,A,SUP0038,Day,1181,102599.06,0.1008,0.42,1.15,800.8,,15065.8,77.7,0,Normal
B004115,2025-11-06,PLT02,B,SUP0054,Night,1023,117278.98,0.1091,11.41,5.46,1070.3,22.2,22545.23,64.8,0,Watch
B004458,2025-02-19,PLT05,B,SUP0158,Day,780,88048.01,0.0896,4.43,7.64,714.5,24.3,18108.3,71.8,0,High
B001651,2025-08-15,PLT08,B,SUP0079,Night,1596,186550.03,0.0832,2.67,3.27,1384.0,29.3,20944.53,76.3,0,Normal
B003151,2025-01-07,PLT03,B,SUP0056,Night,1183,136146.59,0.0112,6.31,3.73,1453.0,12.7,16556.19,91.1,0,Normal
B000765,2025-01-14,PLT04,A,SUP0118,Day,1265,108173.09,0.0421,4.83,4.39,894.1,29.2,9146.15,80.7,0,Normal
B001865,2025-09-03,PLT08,A,SUP0106,Day,2039,189876.52,0.091,4.92,3.44,1652.3,22.7,26483.96,72.9,1,Normal
B003486,2025-06-18,PLT09,B,SUP0131,Day,1199,153967.57,0.1725,5.25,2.01,1080.8,33.9,30357.5,54.4,0,High
B000732,2025-09-26,PLT09,C,SUP0159,Day,1430,240435.57,0.1253,6.31,0.59,1534.5,33.0,18822.66,67.3,0,Normal
B000085,2025-12-25,PLT08,C,SUP0076,Night,1021,157431.47,0.1047,2.15,2.27,1148.3,28.9,22976.75,74.6,0,Normal
B002581,2025-12-16,PLT05,A,SUP0126,Day,1700,150664.78,0.0882,0.59,0.73,1254.4,22.2,18189.66,78.9,0,Normal
B003208,2025-06-17,PLT05,B,SUP0141,Night,1428,164034.43,0.0758,19.82,3.73,1166.8,36.6,40037.46,71.1,0,Critical
B002975,2025-07-09,PLT09,C,SUP0011,Day,1215,203123.38,0.0616,3.91,1.77,1321.9,33.5,17496.95,74.6,0,Normal
B002697,2025-01-25,PLT09,B,SUP0016,Day,1245,166527.69,0.0905,4.53,1.91,1198.1,28.8,24968.05,82.7,0,Normal
B001339,2025-09-04,PLT09,C,SUP0148,Day,967,158167.18,0.1013,14.64,1.6,1124.3,36.8,29242.16,66.0,1,Watch
B003903,2025-01-03,PLT08,C,SUP0076,Day,1108,164536.3,0.1016,2.2,8.25,1402.0,26.5,31020.51,72.4,0,Watch
B000912,2025-03-05,PLT08,B,SUP0060,Day,766,92701.74,0.0735,12.46,6.39,731.9,35.7,15702.12,69.4,0,Watch
B000030,2025-05-31,PLT09,C,SUP0033,Night,1037,170402.43,0.0736,4.67,3.38,1215.6,43.3,27077.33,84.0,0,Normal
B000678,2025-03-16,PLT08,C,SUP0072,Day,675,104773.28,0.092,4.64,2.72,812.4,25.8,18263.96,81.0,0,Watch
B004502,2025-08-13,PLT01,C,SUP0087,Night,1086,156190.65,0.0847,9.72,3.58,1108.1,27.6,23900.23,73.2,0,Normal
B003686,2025-02-26,PLT02,A,SUP0079,Night,1551,136403.25,0.0463,,1.37,946.7,28.4,11600.65,81.9,0,Normal
B003742,2025-01-20,PLT08,B,SUP0029,Night,1296,155815.1,0.1102,0.78,0.69,1085.7,27.0,17320.08,81.6,0,Normal
B001621,2025-11-10,PLT07,B,SUP0171,Day,1524,164262.12,0.0903,6.35,2.88,1241.7,35.2,28945.99,73.8,0,Watch
B000423,2025-11-08,PLT08,D,SUP0103,Day,1007,184944.42,0.1241,9.99,7.47,1388.6,34.5,30289.97,68.2,0,Normal
B001666,2025-03-12,PLT05,B,SUP0180,Night,827,95282.79,0.0583,8.95,4.85,765.6,24.3,17548.44,77.3,0,Watch
B004990,2025-09-25,PLT07,C,SUP0110,Day,1466,207945.56,0.0749,4.97,3.99,1549.1,37.9,37598.07,68.9,0,Watch
B002728,2025-07-07,PLT03,C,SUP0033,Day,888,129026.94,0.0935,2.2,4.53,1247.1,32.8,29190.02,76.7,0,High
B003194,2025-03-12,PLT01,A,SUP0089,Night,1056,92770.73,0.0968,1.78,1.94,746.6,30.1,13376.21,73.9,0,Normal
B003969,2025-01-09,PLT02,B,SUP0037,Day,2509,277785.6,0.0747,8.38,4.52,2908.2,39.1,61494.27,72.7,0,High
B000169,2025-03-26,PLT07,C,SUP0101,Day,836,113783.47,0.0938,1.22,3.13,919.7,22.2,10834.3,83.3,0,Normal
B003835,2025-10-14,PLT06,C,SUP0140,Day,1654,219226.81,0.0915,2.94,2.94,1810.0,27.2,28155.32,73.8,0,Normal
B003482,2025-11-11,PLT10,D,SUP0092,Day,911,159281.24,0.0841,1.01,4.23,1436.7,24.8,24142.77,78.1,0,Normal
B003470,2025-02-20,PLT06,C,SUP0004,Night,903,114508.19,0.0966,11.98,0.56,1041.6,16.2,12364.1,68.8,0,Normal
B000228,2025-02-27,PLT09,A,SUP0037,Night,1982,199688.95,0.0678,13.21,7.33,1495.5,27.4,36774.12,87.6,0,Watch
B002655,2025-11-18,PLT01,D,SUP0053,Day,1910,332918.14,0.0997,8.59,2.05,2561.4,25.6,47205.7,73.4,0,Normal
B000487,2025-08-28,PLT05,A,SUP0041,Day,1433,129641.31,0.1113,2.06,6.0,1150.4,20.3,29904.31,74.5,0,High
B001695,2025-03-01,PLT01,B,SUP0053,Day,1017,115875.53,0.054,1.53,2.99,1056.7,28.2,11033.25,86.9,0,Normal
B001201,2025-04-18,PLT06,C,SUP0154,Day,1276,161237.32,0.0723,3.42,1.78,1845.7,32.4,13585.86,72.3,0,Normal
B002686,2025-11-05,PLT10,B,SUP0108,Day,2145,242420.45,0.115,8.19,6.78,2440.0,30.2,48524.39,70.9,0,High
B003173,2025-06-07,PLT04,D,SUP0169 ,Night,925,155434.99,0.0836,3.84,2.16,1514.5,32.0,23174.7,82.7,0,Normal
B000024,2025-01-03,PLT03,C,SUP0011,Day,1544,227058.55,0.1087,3.67,2.42,1988.3,21.4,24566.28,86.9,0,Normal
B003085,2025-02-05,PLT04,A,SUP0112 ,Day,1492,126475.1,0.0506,9.03,6.07,1100.7,28.3,20117.43,84.1,0,Normal
B003131,2025-03-11,PLT08,C,SUP0146,Night,1457,221315.49,0.0685,2.52,8.55,1524.3,24.3,43433.1,80.0,0,Watch
B002537,2025-08-03,PLT03,B,SUP0079,Night,1782,209375.6,0.0935,5.62,1.78,1682.7,28.9,28409.03,81.4,0,Normal
B002898,2025-04-27,PLT10,C,SUP0072,Day,997,143958.57,0.1164,8.45,1.79,1179.3,26.5,19668.76,63.2,0,Normal
B004841,2025-02-19,PLT08,A,SUP0041,Night,2741,248671.24,0.112,2.95,3.88,2506.1,,35856.95,64.6,0,Normal
B002094,2025-08-09,PLT10,D,SUP0057,Night,2113,364390.43,0.1026,2.32,1.12,3103.1,,56904.88,70.5,0,Normal
B000240,2025-03-14,PLT07,A,SUP0160,Night,1680,142170.84,0.0737,2.72,4.33,1378.1,33.3,24638.46,79.4,0,Watch
B003572,2025-02-09,PLT05,B,SUP0037,Day,1007,112464.73,0.0729,10.05,0.9,933.4,,13129.89,77.3,0,Normal
B003766,2025-07-28,PLT08,C,SUP0060,Day,1716,260030.34,0.0991,14.24,7.53,2124.1,17.9,54320.41,68.1,0,High
B002017,2025-07-24,PLT01,D,SUP0020,Day,1461,250184.1,0.071,5.25,4.68,2087.0,22.0,38552.78,70.0,0,Normal
B004039,2025-03-10,PLT01,D,SUP0140,Day,1016,177337.1,0.0713,4.49,6.34,1596.4,21.8,32361.74,78.0,0,Watch
B000298,2025-06-04,PLT02,A,SUP0081,Night,1720,153892.78,0.0282,4.02,2.72,1267.9,,22855.83,91.8,0,Normal
B000249,2025-08-18,PLT09,B,SUP0145,Night,1212,158118.81,0.1004,8.02,4.97,993.0,22.7,26429.18,59.5,0,Watch
B002136,2025-07-17,PLT06,A,SUP0151,Night,2026,159846.89,0.0956,5.45,0.77,1403.0,25.9,19444.85,68.9,0,Normal
B000374,2025-10-27,PLT07,C,SUP0107,Night,2489,337555.04,0.0795,2.61,4.61,3129.5,26.6,44618.02,71.5,0,Normal
B000882,2025-05-19,PLT07,B,SUP0068,Day,1019,109849.48,0.1029,6.94,0.87,1054.5,31.0,15492.48,65.8,0,Normal
B002308,2025-04-21,PLT01,B,SUP0096,Day,2785,305797.74,0.0745,1.82,1.22,2843.1,28.7,27981.42,78.1,0,Normal
B003888,2025-05-26,PLT03,B,SUP0060,Night,1022,116819.55,0.0905,23.68,9.55,1058.0,34.0,31106.64,65.3,0,Critical
B004504,2025-11-09,PLT05,B,SUP0026,Day,920,104146.26,0.1108,5.06,6.54,789.8,,22827.22,68.8,0,High
B002992,2025-06-09,PLT10,C,SUP0101,Night,1447,204825.9,0.1111,9.12,5.13,1947.9,20.7,36438.32,69.1,0,Watch
B000725,2025-05-29,PLT10,C,SUP0014,Day,1249,175951.21,0.0391,7.54,0.8,1406.6,33.2,2655.48,84.6,0,Normal
B002221,2025-01-17,PLT04,B,SUP0087,Day,1358,152333.72,0.0712,2.47,2.58,,25.3,12339.96,78.4,0,Normal
B002218,2025-05-31,PLT02,A,SUP0019,Day,1291,113809.77,0.0564,8.82,3.21,929.2,35.1,17126.17,84.9,0,Normal
B001469,2025-10-07,PLT05,C,SUP0049,Day,591,84926.63,0.075,5.79,2.35,746.1,20.4,10683.74,77.2,0,Normal
B001593,2025-01-05,PLT10,A,SUP0041,Day,1092,92897.82,0.0955,3.15,4.11,824.1,27.3,18510.3,86.6,0,High
B003952,2025-10-21,PLT06,D,SUP0048,Day,1974,299226.38,0.1009,8.2,3.43,3056.2,31.5,25892.42,75.8,0,Normal
B002446,2025-01-27,PLT06,A,SUP0121,Night,1305,100390.55,0.1005,3.84,3.61,1090.0,27.9,13675.18,83.6,0,Normal
B003092,2025-01-04,PLT02,B,sup0026,Day,2003,233507.62,0.0863,7.48,1.3,2002.8,28.3,32571.81,78.4,0,Normal
B000928,2025-04-26,PLT03,A,SUP0088,Day,768,69629.49,0.1227,5.54,5.59,601.3,28.4,10849.85,73.2,0,Normal
B004580,2025-06-11,PLT07,D,SUP0077,Night,1645,272511.44,0.1017,6.19,3.11,2338.3,26.7,36040.85,61.3,0,Normal
B004653,2025-04-02,PLT09,B,SUP0066,Day,1455,191793.51,0.0873,8.25,5.48,1538.7,24.1,25896.84,75.0,0,Normal
B000600,2025-02-05,PLT04,B,SUP0014,Night,1593,170362.26,0.0419,1.44,1.92,1389.8,22.4,19561.15,76.8,0,Normal
B001393,2025-07-21,PLT07,A,SUP0151,Night,1739,149408.47,0.0955,10.91,1.63,1352.5,24.2,15037.69,70.8,0,Normal
B002228,2025-12-02,PLT05,B,SUP0031,Night,1082,124092.35,0.2275,8.32,4.04,1176.6,13.7,38593.01,47.6,0,Critical
B004177,2025-02-24,PLT06,D,SUP0021,Night,1733,263738.44,0.0564,4.51,4.46,2455.7,29.8,41636.15,75.4,0,Normal
B001610,2025-10-06,PLT04,B,SUP0013,Day,1566,171574.22,0.0791,5.88,,1484.7,31.8,28463.65,84.9,0,Normal
B004291,2025-02-23,PLT06,B,SUP0052,Day,1740,175811.51,0.0605,11.03,6.93,2023.1,23.6,22021.24,77.8,0,Normal
B002877,2025-08-22,PLT08,A,SUP0045,Night,1296,115858.39,0.0612,6.13,3.06,1024.7,31.8,20345.15,79.6,0,Watch
B003289,2025-03-26,PLT04,B,SUP0072,Day,995,111124.34,0.1291,6.98,4.6,1048.3,32.2,17031.42,70.4,0,Normal
B002143,2025-11-04,PLT05,C,SUP0126,Night,1912,268765.06,0.0761,3.44,4.63,2601.4,23.0,42518.6,70.4,0,Normal
B000472,2025-11-22,PLT03,A,SUP0165,Night,2181,187579.92,0.0668,9.31,1.44,1947.2,28.1,21583.38,72.3,0,Normal
B001245,2025-08-14,PLT06,A,SUP0051,Day,1101,85940.08,0.0752,8.7,4.21,828.9,25.4,14113.14,80.4,0,Normal
B003691,2025-08-24,PLT04,A,SUP0095,Day,1078,91839.75,0.09,4.09,1.55,753.7,28.3,9880.92,70.2,0,Normal
B004222,2025-02-22,PLT02,C,SUP0107,Night,2054,297608.96,0.0823,3.56,5.94,2471.1,18.4,45690.11,84.0,1,Normal
B001074,2025-05-22,PLT02,C,SUP0168,Day,841,119916.21,0.0532,0.88,2.23,1168.9,30.2,7234.99,81.2,0,Normal
B001045,2025-01-19,PLT06,A,SUP0139,Day,1133,88086.26,0.0562,5.28,9.06,880.0,31.9,18694.43,82.7,0,High
B001715,2025-01-30,PLT08,C,SUP0107,Day,1419,216159.78,0.103,2.35,7.37,1296.2,17.4,42964.87,72.9,0,Watch
B004041,2025-06-23,PLT08,A,SUP0151,Day,1458,135595.7,0.1411,2.9,6.17,1259.7,36.9,28312.2,58.4,0,High
B004779,2025-10-12,PLT05,D,SUP0121,Day,1290,227691.59,0.0922,12.96,1.8,2289.0,21.5,31331.76,72.8,0,Normal
B001035,2025-08-20,PLT03,D,SUP0057,Day,1276,227497.73,0.0915,1.17,8.91,1962.5,,34668.86,79.0,0,Normal
B004418,2025-05-01,PLT08,C,SUP0059,Night,1217,186807.46,0.0703,6.54,2.39,1346.0,33.5,17798.14,73.8,0,Normal
B001753,2025-07-14,PLT10,A,SUP0008,Night,1173,100986.66,0.0274,4.8,2.53,881.4,16.7,7750.95,84.2,0,Normal
B003650,2025-01-02,PLT04,A,SUP0058,Night,943,82840.28,0.1194,5.67,4.89,840.5,27.9,20382.25,69.9,0,High
B004809,2025-05-04,PLT01,A,SUP0060,Night,2573,221992.66,0.0853,1.13,1.54,2087.1,29.4,19180.42,75.6,0,Normal
B001555,2025-05-11,PLT02,A,SUP0139,Night,687,59952.25,0.0658,0.95,1.5,525.1,23.3,5583.73,75.4,0,Normal
B004196,2025-03-15,PLT06,B,SUP0180,Night,1482,151259.12,0.0712,6.51,5.35,1365.6,35.0,32398.93,84.9,0,High
B002987,2025-02-13,PLT08,C,SUP0056,Day,1025,154103.49,0.0759,6.22,5.09,1230.0,27.9,15535.07,70.7,0,Normal
B002722,2025-11-01,PLT03,D,SUP0167,Day,1135,202399.54,0.0527,1.25,1.53,1839.6,22.8,14342.01,68.1,0,Normal
B000830,2025-09-20,PLT03,A,SUP0103,Day,1195,105927.18,0.0976,5.01,1.75,999.9,24.8,9839.05,66.5,0,Normal
B001096,2025-11-18,PLT06,C,SUP0078,Night,800,104158.4,0.104,1.95,3.5,1275.0,37.4,14632.08,76.0,0,Normal
B000427,2025-10-22,PLT06,A,SUP0033,Night,1217,93093.54,0.0888,9.33,13.43,1286.6,32.5,25089.9,69.1,0,Critical
B002146,2025-03-28,PLT10,B,SUP0013,Night,2021,224535.94,0.0731,2.03,6.0,2165.3,32.4,35785.49,77.4,0,Watch
B003136,2025-07-09,PLT02,C,SUP0014,Night,1084,155814.68,0.0681,2.99,2.19,1285.8,29.8,17528.85,83.3,0,Normal
B004161,2025-08-30,PLT05,D,SUP0053,Day,1533,263219.41,0.0915,11.58,1.05,2409.3,27.4,22888.34,80.9,1,Normal
B004065,2025-01-23,PLT04,A,SUP0066,Night,2785,237182.7,0.098,5.65,5.73,1855.0,12.0,40674.17,75.3,0,Watch
B004343,2025-11-14,PLT05,A,SUP0112,Day,1810,157524.83,0.0812,12.84,2.25,1105.8,25.3,16292.19,75.0,1,Normal
B004952,2025-07-04,PLT03,A,SUP0002,Day,848,73769.12,0.104,11.04,1.43,619.0,24.6,10805.26,58.7,0,Normal
B003581,2025-02-23,PLT04,A,SUP0047,Day,1111,94983.2,0.1035,3.62,10.73,1053.0,19.3,25826.49,73.5,0,Critical
B004231,2025-04-29,PLT10,B,SUP0096,Night,1872,209977.19,0.1208,17.23,2.13,2079.2,15.9,33780.87,59.9,1,Watch
B002663,2025-07-09,PLT07,B,SUP0009,Night,1685,187115.89,0.0485,7.6,5.52,1896.0,26.8,24978.27,85.1,0,Normal
B002706,2025-12-13,PLT07,A,SUP0045,Day,1252,104059.6,0.0417,1.59,0.72,976.2,23.0,6965.31,87.5,0,Normal
B001324,2025-04-02,PLT10,B,SUP0149,Night,2385,260974.0,0.0842,1.81,6.19,2312.9,30.3,34859.98,73.3,0,Normal
B004130,2025-05-01,PLT01,B,SUP0170,Night,587,64018.84,0.1032,1.03,5.29,616.7,27.9,12976.6,61.3,0,High
B003985,2025-11-06,PLT01,B,SUP0120,Day,1574,174548.14,0.1096,6.78,7.79,1404.8,21.8,32873.01,74.1,0,Watch
B004826,2025-05-02,PLT02,A,SUP0143,Day,2747,240163.28,0.0868,8.5,3.7,2183.2,35.9,34836.87,73.8,1,Normal
B004460,2025-04-12,PLT01,A,SUP0015,Night,1644,140443.43,0.117,2.69,4.98,1109.7,26.4,27708.35,61.4,0,Watch
B002884,2025-08-09,PLT04,A,SUP0129,Day,3307,279422.15,0.0637,9.76,1.81,2692.3,25.0,24151.01,75.4,0,Normal
B002118,2025-05-14,PLT02,A,SUP0065,Night,1637,146112.35,0.0481,2.69,1.67,1135.7,24.7,14587.59,88.4,0,Normal
B000654,2025-04-02,PLT07,B,SUP0009,Day,1905,206760.6,0.0329,4.0,14.84,1978.0,,51966.98,76.3,0,Critical
B004437,2025-03-19,PLT05,A,SUP0021,Night,750,66691.61,0.1184,23.2,9.8,657.6,34.3,18761.81,58.1,0,Critical
B001019,2025-02-03,PLT10,B,SUP0082,Day,2222,252277.97,0.085,5.47,3.94,2676.3,23.1,22813.59,75.5,0,Normal
B000089,2025-12-11,PLT06,A,SUP0124,Day,2447,191097.33,0.0946,2.38,5.13,1511.4,27.5,34025.49,72.3,0,Watch
B001130,2025-11-02,PLT07,B,SUP0049,Night,1607,175143.96,0.113,11.95,4.78,1349.1,25.8,36591.04,55.0,0,High
B004456,2025-12-12,PLT09,A,SUP0162,Day,712,71641.85,0.0476,5.92,5.56,519.3,25.9,10615.37,74.9,0,Normal
B000009,2025-02-23,PLT02,D,SUP0052,Day,2593,448737.35,0.0468,11.23,6.8,3346.8,30.5,86072.15,79.0,0,Watch
B001887,2025-09-15,PLT05,C,SUP0138,Day,1575,224068.6,0.1784,6.17,0.76,1934.1,34.4,31228.49,50.2,0,Normal
B001663,2025-07-29,PLT08,A,SUP0109,Day,837,76837.88,0.085,3.48,4.09,806.1,22.1,10789.34,67.1,0,Normal
B003911,2025-09-04,PLT04,D,SUP0111,Day,1174,200594.73,0.114,6.52,3.27,1524.9,28.2,37309.53,68.5,0,Watch
B000682,2025-03-10,PLT05,B,SUP0054,Day,1163,131719.8,0.0891,1.58,2.75,1216.6,22.6,10617.6,77.9,0,Normal
B003774,2025-07-05,PLT03,B,SUP0147,Night,1555,181948.96,0.068,8.55,7.79,1654.9,26.2,35551.18,69.5,0,High
B003659,2025-01-08,PLT08,C,SUP0046,Day,1209,182648.14,0.1017,1.61,4.52,1749.3,26.6,24120.03,71.8,0,Normal
B000145,2025-07-11,PLT07,C,SUP0013,Day,1090,149142.3,0.1114,4.63,1.97,1162.8,27.4,15286.27,68.4,0,Normal
B000995,2025-01-21,PLT03,C,SUP0168,Night,1731,256407.37,0.0588,2.94,1.22,2469.7,26.0,23371.51,82.9,0,Normal
B003653,2025-10-11,PLT06,C,SUP0089,Day,1096,140740.77,0.1177,4.37,,1777.6,27.0,51014.69,74.6,0,Critical
B001742,2025-02-06,PLT09,A,SUP0062,Day,2243,232957.67,0.0932,5.52,0.65,1593.1,33.4,27122.18,75.2,0,Normal
B003341,2025-08-10,PLT02,C,SUP0114,Day,1619,239097.74,0.0766,0.12,5.05,1883.3,35.1,34686.52,83.8,0,Normal
B003836,2025-03-26,PLT10,A,SUP0027,Day,2017,171857.5,0.0905,4.72,4.06,1496.3,33.2,24767.37,80.6,0,Normal
B002742,2025-01-28,PLT10,A,sup0118 ,Night,1424,123867.22,0.0672,12.91,0.64,988.3,25.6,16188.88,70.6,0,Normal
B000152,2025-03-13,PLT08,B,SUP0069,Day,973,116290.38,0.1009,1.53,5.53,989.3,30.8,19612.86,64.7,1,Watch
B001671,2025-09-20,PLT08,C,SUP0098,Night,1508,232087.66,0.0705,3.22,2.7,1749.0,26.9,20213.08,72.4,0,Normal
B003918,2025-11-30,PLT01,C,SUP0074,Night,1302,188530.24,0.1759,10.39,9.43,1804.1,42.0,65532.71,55.7,0,Critical
B001832,2025-10-04,PLT04,B,SUP0001,Day,645,71061.39,0.0753,0.98,7.21,692.7,23.7,14888.77,70.8,0,High
B000241,2025-05-08,PLT04,A,SUP0047,Day,1968,169938.22,0.0835,2.42,5.45,1582.9,22.8,19055.82,68.9,1,Normal
B000849,2025-01-11,PLT02,A,SUP0136,Day,1589,138173.95,0.0711,10.04,0.63,1134.7,33.9,13193.31,80.7,0,Normal
B002173,2025-11-24,PLT09,B,SUP0096,Day,437,56808.11,0.1009,4.94,9.49,534.6,38.9,12042.82,71.7,0,High
B001882,2025-04-26,PLT07,B,SUP0024,Night,743,81299.88,0.0794,4.92,5.49,740.9,34.2,11040.32,83.6,0,Normal
B000857,2025-01-28,PLT04,C,SUP0159,Day,1019,143558.44,0.1079,7.29,3.97,1317.2,26.1,20106.55,75.6,0,Normal
B003356,2025-03-01,PLT07,B,SUP0123,Day,1536,165029.64,0.0713,4.88,2.96,1422.3,26.9,22894.37,75.8,0,Normal
B001414,2025-08-02,PLT10,C,SUP0146,Night,1891,269996.9,0.0839,5.38,3.65,1981.0,22.7,46522.71,65.3,0,Watch
B000965,2025-01-03,PLT10,B,SUP0132 ,Day,1390,155229.46,0.1125,3.95,2.24,1099.4,33.2,16114.3,64.5,0,Normal
B001418,2025-03-25,PLT08,D,SUP0111,Day,1555,288144.75,0.1105,10.1,5.07,2241.3,25.1,51811.47,67.8,0,Watch
B002750,2025-08-25,PLT08,B,SUP0172,Day,1808,214438.7,0.0949,5.95,3.28,,27.9,30502.94,80.0,1,Normal
B000458,2025-02-11,PLT09,D,SUP0011,Day,1531,310019.64,0.0847,4.59,5.6,2083.9,35.7,57676.09,72.5,0,Watch
B001104,2025-10-02,PLT09,B,SUP0155,Day,1932,255126.0,0.0952,0.63,1.1,1742.8,26.7,33169.32,77.6,0,Normal
B001437,2025-05-03,PLT03,A,SUP0088,Night,1421,127447.8,0.1121,1.22,3.14,1417.0,34.2,22772.43,77.6,0,Watch
B004760,2025-04-10,PLT01,A,SUP0126,Day,1837,160352.26,0.0627,7.38,5.97,1383.3,18.8,29975.06,79.6,0,Watch
B004085,2025-01-01,PLT01,B,SUP0152,Night,1015,114900.1,0.0896,10.18,2.7,1014.4,27.4,20390.63,82.7,0,Watch
B001591,2025-01-21,PLT10,B,SUP0167,Night,1479,165229.75,0.085,4.86,1.06,1421.9,23.2,18742.85,77.7,0,Normal
B003387,2025-11-26,PLT10,C,SUP0178,Night,1145,164613.47,0.1348,17.95,2.58,1481.4,30.9,21447.16,61.4,0,Normal
B000466,2025-07-19,PLT05,C,SUP0029,Night,1038,150032.36,0.1015,4.49,4.06,1014.9,22.7,17426.28,76.6,0,Normal
B002674,2025-01-04,PLT10,C,SUP0007,Day,884,124200.47,0.0752,1.06,8.17,1247.3,39.9,13634.01,67.7,0,Normal
B003258,2025-04-03,PLT04,A,SUP0171,Night,1203,101195.33,0.0621,4.12,3.19,982.5,22.9,12361.32,83.7,0,Normal
B004294,2025-02-03,PLT09,B,SUP0115,Day,2098,272992.46,0.1116,3.51,4.03,2067.4,41.3,44736.28,65.7,0,Normal
B001787,2025-10-15,PLT06,A,SUP0142,Day,981,76055.17,0.0619,0.86,4.56,729.7,26.5,7656.69,81.5,0,Normal
B001719,2025-01-16,PLT01,C,SUP0011,Night,1178,168055.19,0.0934,15.48,16.08,1716.8,16.8,53870.62,73.8,0,Critical
B000101,2025-04-20,PLT07,C,SUP0046,Day,1632,224409.59,0.0966,3.14,2.57,1968.6,30.0,33226.11,69.6,0,Normal
B004029,2025-11-22,PLT01,A,SUP0141,Night,1203,109146.16,0.0604,4.38,2.33,950.3,34.5,9611.42,70.7,0,Normal
B001706,2025-06-20,PLT06,B,SUP0109 ,Day,1807,181235.63,0.0884,6.26,5.35,1636.5,25.3,21848.29,77.7,0,Normal
B003320,2025-06-08,PLT10,D,SUP0104,Night,1472,249529.12,0.0777,7.57,1.85,1953.3,17.1,27620.39,69.8,0,Normal
B001050,2025-03-01,PLT10,B,SUP0120,Night,1539,173966.43,0.0691,4.18,5.29,1389.5,25.6,26820.5,67.5,0,Normal
B001407,2025-10-18,PLT01,A,SUP0143,Night,1071,91983.67,0.0558,5.7,2.79,804.8,27.0,9942.18,85.6,0,Normal
B003626,2025-12-05,PLT02,A,SUP0150,Day,718,63947.47,0.0847,2.99,4.17,608.7,26.1,6217.29,80.1,0,Normal
B004193,2025-07-28,PLT02,C,SUP0018,Night,1301,190998.45,0.1067,1.57,2.07,1682.5,25.9,22236.49,61.9,0,Normal
B001254,2025-07-28,PLT05,C,SUP0154,Night,1420,204376.9,0.0484,3.71,3.24,1491.2,31.6,19786.73,75.1,0,Normal
B004739,2025-09-11,PLT01,B,SUP0177,Day,1067,117456.76,0.0666,2.92,5.79,970.7,36.5,20904.61,76.5,0,Watch
B002421,2025-02-25,PLT03,C,SUP0035,Day,1919,279626.6,0.0773,6.83,2.49,2047.1,29.9,28798.49,74.9,0,Normal
B004274,2025-05-23,PLT08,B,SUP0170,Night,1167,137556.32,0.111,8.01,3.78,958.9,30.7,29495.06,70.9,0,High
B002848,2025-12-27,PLT08,B,SUP0125,Day,1180,139350.65,0.098,5.73,5.5,1319.8,34.8,23935.78,74.9,0,Watch
B001057,2025-06-19,PLT03,C,SUP0121,Night,1426,212574.69,0.0935,7.33,4.91,1737.5,25.6,41900.98,84.0,0,High
B002073,2025-12-30,PLT01,B,SUP0166,Day,716,80581.29,0.0658,,1.22,755.0,30.3,11099.92,78.7,1,Normal
B001727,2025-10-24,PLT10,C,SUP0098,Day,1153,165727.75,0.0875,7.3,3.01,1591.2,20.1,18137.3,70.2,0,Normal
B004253,2025-12-21,PLT01,A,SUP0178,Day,972,84448.21,0.1161,3.66,1.64,661.8,32.0,11966.36,73.6,1,Normal
B003362,2025-11-20,PLT03,D,SUP0140 ,Day,1221,216441.62,0.1202,14.83,9.8,2111.6,19.7,50799.04,72.0,1,High
B001296,2025-08-01,PLT07,A,SUP0139,Day,968,82162.15,0.0627,7.47,0.51,719.3,32.2,6472.2,70.2,0,Normal
B003593,2025-12-26,PLT06,B,SUP0144,Day,1059,107425.71,0.1035,16.77,3.01,1225.3,30.3,13683.34,63.4,0,Normal
B003489,2025-11-23,PLT07,B,SUP0162,Night,1809,198004.86,0.0623,2.26,0.86,1887.6,25.4,7503.75,72.7,0,Normal
B001293,2025-11-07,PLT07,B,SUP0072,Day,805,87593.37,0.1313,1.7,2.55,839.3,25.6,15244.53,69.8,0,Watch
B000590,2025-03-11,PLT10,B,SUP0024,Night,1091,120490.82,0.0743,7.83,6.61,1035.7,16.1,27051.52,86.9,0,Critical
B004117,2025-08-13,PLT05,A,SUP0067,Day,3266,284534.24,0.0964,11.29,6.2,2773.9,29.2,58278.03,71.8,0,High
B002838,2025-08-31,PLT01,C,SUP0035,Night,1220,180279.62,0.1163,9.13,4.54,1474.8,22.1,30488.58,72.2,0,Watch
B004611,2025-04-28,PLT06,B,SUP0120,Day,2544,250382.32,0.1096,8.59,5.79,2511.8,17.4,43692.75,66.8,0,Watch
B000932,2025-01-29,PLT03,C,SUP0078,Night,1340,200098.05,0.1085,5.47,4.23,1618.7,23.2,28672.1,63.1,0,Normal
B001171,2025-05-21,PLT02,B,SUP0158,Day,852,95701.8,0.114,10.53,4.23,815.7,32.2,21042.54,76.7,0,High
B003168,2025-09-08,PLT04,A,SUP0102,Day,1062,90518.05,0.09,2.24,5.92,977.3,20.8,13979.64,80.7,0,Normal
B001700,2025-12-03,PLT06,B,SUP0037,Day,1071,110356.82,0.0885,3.05,5.21,1259.7,27.3,17948.68,71.5,0,Normal
B002620,2025-02-10,PLT05,C,SUP0177,Night,1535,219610.74,0.0984,2.43,5.86,1667.5,24.3,37999.7,66.9,0,Watch
B000684,2025-09-07,PLT08,B,SUP0165,Day,1026,123212.1,0.1011,2.86,0.89,1020.1,21.2,15514.28,69.8,0,Normal
B000231,2025-12-30,PLT10,B,SUP0125,Day,1011,111167.44,0.0845,8.36,3.35,1060.2,24.5,12629.57,80.7,0,Normal
B004606,2025-07-27,PLT02,D,SUP0009,Day,1201,210664.93,0.0684,2.29,5.1,1647.3,21.8,28558.95,76.7,0,Normal
B003409,2025-08-19,PLT06,C,SUP0029,Night,1549,190547.91,0.122,1.49,3.55,1813.7,21.7,27546.39,72.9,0,Normal
B004323,2025-02-28,PLT03,C,SUP0029,Day,1465,216970.31,0.0794,4.68,1.54,1601.9,20.0,30102.61,69.3,0,Normal
B004047,2025-04-23,PLT10,A,SUP0081,Night,1671,144967.12,0.0741,5.94,4.85,1140.0,25.6,25576.07,77.8,0,Watch
B002408,2025-12-13,PLT05,B,SUP0135,Day,827,94195.52,0.0663,6.99,1.02,753.3,31.6,6360.45,87.3,0,Normal
B002338,2025-10-28,PLT02,A,SUP0162,Night,1173,103211.65,0.0725,2.01,3.76,760.4,20.7,10415.15,71.5,0,Normal
B004052,2025-01-28,PLT02,C,SUP0043,Day,1192,173388.92,0.0529,6.89,4.41,1513.7,28.2,15327.28,71.8,0,Normal
B000297,2025-07-01,PLT02,C,SUP0046 ,Day,2179,318641.04,0.0991,0.93,2.3,2361.6,37.8,50652.04,74.8,0,Normal
B004750,2025-04-09,PLT09,C,SUP0018,Day,1494,247818.91,0.0847,2.42,1.37,1518.0,25.8,22556.19,74.0,0,Normal
B003781,2025-07-23,PLT08,C,SUP0127,Day,876,130660.76,0.0667,15.99,3.14,1092.2,31.4,12924.62,74.1,0,Normal
B001174,2025-02-25,PLT03,A,SUP0160,Day,1724,150020.32,0.0891,3.87,1.01,1236.5,28.2,13541.53,73.4,1,Normal
B003128,2025-01-09,PLT05,C,SUP0073,Day,1144,158178.24,0.0405,7.28,4.75,1583.9,24.6,25618.25,76.9,0,Normal
B003036,2025-06-17,PLT05,C,SUP0164,Day,1226,175243.18,0.0318,1.41,5.14,1417.0,27.7,13406.37,80.4,0,Normal
B000743,2025-08-11,PLT09,C,SUP0012,Night,1732,284850.7,0.1261,3.9,7.26,1803.4,33.4,54317.36,63.2,0,Watch
B003941,2025-12-31,PLT01,D,SUP0169,Night,813,143621.7,0.0674,5.62,12.05,1417.3,23.2,35442.22,81.3,0,Critical
B003869,2025-08-12,PLT06,D,SUP0065,Day,1041,161071.31,0.1036,18.89,1.83,1245.8,36.4,27724.15,75.9,0,Watch
B000506,2025-08-31,PLT09,B,SUP0016,Day,1920,247393.15,0.1122,1.66,10.29,1810.2,30.9,66342.2,74.0,0,Critical
B004601,2025-07-29,PLT02,B,SUP0057,Night,1521,171797.61,0.1333,2.89,1.9,1564.9,20.7,28008.0,78.6,0,Normal
B004259,2025-12-28,PLT07,C,SUP0136,Night,1785,248452.24,0.1179,5.29,2.63,2262.3,22.3,34247.64,73.1,0,Normal
B001486,2025-08-04,PLT10,D,SUP0065,Day,1110,192222.24,0.0784,6.71,8.77,1722.5,17.4,44876.52,67.9,0,Critical
B001420,2025-03-01,PLT01,C,SUP0144,Day,1712,241339.85,0.086,5.77,3.21,1868.9,22.5,46539.83,67.2,0,Watch
B003099,2025-03-04,PLT03,C,SUP0110,Night,2401,350127.81,0.0543,4.57,5.86,2990.9,36.1,56113.9,79.5,0,Normal
B001346,2025-06-02,PLT09,B,SUP0129,Night,1394,182269.26,0.0413,1.63,3.81,1417.5,28.5,32623.75,80.3,0,Watch
B004726,2025-03-31,PLT05,C,SUP0101,Night,1585,236654.43,0.1209,3.58,1.55,1805.7,30.4,34316.36,74.7,0,Normal
B000334,2025-08-06,PLT10,B,SUP0049,Day,1231,138869.15,0.0916,1.54,4.71,1338.0,34.3,18672.07,61.2,0,Normal
B000469,2025-02-06,PLT08,C,SUP0164,Night,859,128098.15,0.0528,5.52,2.14,1044.2,20.6,16167.27,73.5,0,Normal
B003451,2025-07-12,PLT07,B,SUP0066,Day,2155,240970.14,0.0946,3.71,0.6,1805.1,30.1,29897.06,73.6,0,Normal
B003106,2025-10-31,PLT01,C,SUP0122,Day,1719,240921.53,0.084,7.09,,1976.1,35.2,28790.59,76.6,0,Normal
B001435,2025-03-31,PLT09,A,SUP0121,Day,1541,155620.42,0.1077,24.61,1.17,1162.4,22.9,27033.11,64.7,0,Watch
B000150,2025-05-12,PLT09,B,SUP0081,Day,1534,197955.8,0.0714,2.74,5.12,1769.1,28.9,29782.95,84.6,0,Normal
B004032,2025-10-30,PLT01,B,sup0119,Day,1167,129541.09,0.1023,1.28,6.27,1147.8,25.6,23443.22,75.9,0,Watch
B000415,2025-12-05,PLT03,C,SUP0111,Night,2365,345430.4,0.0821,4.72,1.54,3490.8,33.4,30566.05,69.8,0,Normal
B001306,2025-12-25,PLT03,A,SUP0105,Day,1182,106099.99,0.111,0.29,18.41,1075.6,24.9,32999.47,73.8,0,Critical
B002630,2025-02-07,PLT09,A,SUP0040,Day,943,90651.88,0.0802,7.97,7.63,788.9,24.7,19971.16,80.7,0,High
B001127,2025-05-23,PLT08,B,SUP0132,Day,1798,213499.9,0.0712,1.39,17.76,1803.8,31.7,69280.01,84.3,0,Critical
B003693,2025-08-05,PLT02,B,SUP0083,Day,963,109211.86,0.1048,10.83,5.52,796.2,29.7,24496.15,70.5,0,High
B000013,2025-12-08,PLT09,B,SUP0116,Night,924,120576.66,0.0826,4.9,5.88,896.8,29.5,27880.52,80.1,0,High
B000094,2025-05-06,PLT04,B,SUP0147,Day,4491,491550.59,0.0876,6.33,2.29,4473.9,31.0,68120.56,68.1,0,Normal
B003658,2025-08-06,PLT01,D,SUP0145,Day,1245,221239.7,0.1057,12.11,3.09,1930.2,19.7,39858.41,65.6,1,Watch
B001542,2025-11-20,PLT09,A,SUP0131,Day,1018,101099.77,0.131,11.03,3.11,839.6,21.6,18064.26,70.4,0,Watch
B004373,2025-08-07,PLT06,A,SUP0105,Night,2584,196145.99,0.1165,13.12,2.96,1819.9,28.7,35976.27,71.5,0,Watch
B003760,2025-05-17,PLT03,B,SUP0090,Night,1403,164238.78,0.0999,0.73,4.12,1398.1,25.4,30058.48,72.3,0,Watch
B003734,2025-08-22,PLT07,B,SUP0180,Night,1312,144324.95,0.0773,6.04,14.28,1560.3,22.8,36271.0,78.7,0,Critical
B003768,2025-08-16,PLT09,D,SUP0070 ,Night,714,143512.33,0.0704,5.26,6.7,984.5,35.8,20748.63,78.1,0,Normal
B002903,2025-09-22,PLT05,B,SUP0101,Day,1753,199239.13,0.0804,1.9,4.27,1661.8,34.0,25001.1,79.7,0,Normal
B000734,2025-10-14,PLT06,C,SUP0109,Night,1610,209717.84,0.0772,1.76,4.7,1898.1,31.6,39504.66,74.6,0,Watch
B003498,2025-10-14,PLT08,A,SUP0022,Night,1579,145923.73,0.0885,3.68,3.65,1178.6,17.0,22034.98,86.4,0,Normal
B004126,2025-10-16,PLT06,D,SUP0128,Night,1504,232935.98,0.1195,5.2,4.76,2528.3,23.5,41237.33,72.1,0,Watch
B001785,2025-09-24,PLT09,B,SUP0141,Night,1146,143054.01,0.0736,1.88,4.02,899.4,21.4,12471.53,81.1,0,Normal
B002182,2025-03-02,PLT10,D,SUP0017,Day,626,108487.75,0.0913,1.36,7.88,996.7,25.3,28627.29,76.5,0,Critical
B000417,2025-09-03,PLT06,B,SUP0037,Day,1384,137314.82,0.0856,4.08,0.68,1387.9,31.2,19766.6,74.4,0,Normal
B002317,2025-06-15,PLT09,C,SUP0129,Night,1321,215535.46,0.0747,6.1,3.08,1349.0,22.2,30954.02,58.9,0,Normal
B004326,2025-11-03,PLT10,D,SUP0153,Day,1304,224861.15,0.0315,2.89,4.78,2245.7,28.3,29368.86,90.4,0,Normal
B004178,2025-04-01,PLT01,A,SUP0043,Night,1532,133522.17,0.088,8.15,1.78,1186.9,20.6,9376.17,79.9,0,Normal
B001563,2025-11-12,PLT01,C,SUP0046,Day,1044,152688.57,0.1174,3.94,1.29,1322.7,23.1,30699.86,78.4,0,High
B001095,2025-09-06,PLT02,C,SUP0146,Night,2118,312059.56,0.0607,3.11,3.5,2637.5,34.4,46475.24,85.7,0,Normal
B000747,2025-11-06,PLT05,D,SUP0003,Day,1060,188754.85,0.1038,4.79,7.47,1675.7,36.1,41844.4,74.7,0,High
B003900,2025-11-13,PLT07,B,SUP0062,Day,1315,138668.05,0.0596,4.48,6.14,1381.2,31.9,15991.49,83.4,0,Normal
B003980,2025-04-29,PLT08,C,SUP0092,Night,2021,304573.05,0.0643,5.54,1.2,2681.6,22.1,35045.98,83.6,0,Normal
B002688,2025-12-24,PLT04,A,SUP0043,Day,1205,103303.28,0.1095,0.82,1.36,720.7,35.8,15199.88,75.6,0,Normal
B003018,2025-10-24,PLT02,C,SUP0047,Night,885,128739.02,0.071,2.28,9.02,,27.1,35582.55,82.9,0,Critical
B001993,2025-11-16,PLT06,A,SUP0046,Day,1227,95446.57,0.1079,2.03,2.86,943.4,31.3,16125.82,71.3,0,Watch
B004905,2025-07-14,PLT08,B,SUP0091,Night,1428,169754.96,0.1341,1.95,10.17,1452.4,30.1,48652.47,62.8,0,Critical
B002652,2025-12-20,PLT07,B,SUP0135,Day,1558,171461.55,0.0818,4.29,9.58,1731.0,,37624.34,68.9,0,High
B002851,2025-04-20,PLT03,A,SUP0100,Day,998,88907.35,0.0981,13.77,1.69,637.0,31.2,16925.8,69.2,0,Watch
B002859,2025-09-15,PLT03,C,SUP0074,Night,1418,208779.78,0.1074,2.25,1.53,1650.9,33.7,36056.68,68.7,0,Watch
B003528,2025-07-20,PLT01,A,SUP0033,Day,1664,144951.06,0.1068,0.88,7.15,1285.1,20.6,17971.77,77.1,0,Normal
B004243,2025-07-08,PLT09,C,SUP0098,Night,542,88833.84,0.0674,11.93,1.87,633.9,27.2,11109.55,72.5,0,Normal
B003683,2025-01-06,PLT08,B,SUP0081,Night,1173,141898.64,0.0445,5.1,2.29,943.4,30.3,14401.46,85.8,0,Normal
B000133,2025-01-12,PLT10,D,SUP0087,Day,1980,337707.44,0.1009,2.18,4.23,3297.2,37.8,49196.26,71.8,0,Normal
B004439,2025-03-20,PLT09,B,SUP0170,Night,1643,213951.35,0.072,0.82,4.48,1551.3,20.7,36026.32,90.3,0,Watch
B003635,2025-06-22,PLT07,A,SUP0129,Day,628,53700.89,0.0733,3.51,1.37,476.6,24.7,4252.34,70.6,0,Normal
B001483,2025-02-28,PLT05,C,SUP0032 ,Day,978,141169.93,0.0721,1.89,5.66,1233.6,28.1,17103.97,70.9,0,Normal
B000430,2025-03-12,PLT07,B,SUP0165 ,Day,1360,144909.1,0.0607,3.39,1.39,1187.5,25.6,11278.79,80.6,0,Normal
B004806,2025-08-21,PLT07,A,SUP0063,Day,1717,147591.92,0.1352,19.46,2.06,1218.7,32.9,28392.81,72.0,0,Watch
B004740,2025-04-15,PLT04,B,SUP0069,Day,773,86034.09,0.0771,3.0,2.4,794.8,36.2,10372.53,76.2,0,Normal
B001908,2025-08-05,PLT07,B,SUP0053,Night,2922,320312.09,0.0862,1.93,0.88,2761.8,21.8,29264.17,72.5,1,Normal
B000288,2025-12-24,PLT02,A,SUP0165,Night,1458,131828.18,0.0313,2.05,2.28,988.5,21.0,11792.73,89.4,0,Normal
B003275,2025-07-16,PLT02,C,SUP0114,Night,1355,197904.22,0.1037,1.75,5.29,1697.6,29.4,36432.45,76.1,0,Watch
B003654,2025-01-26,PLT10,C,SUP0002,Night,1869,267037.29,0.0659,10.04,,2224.5,26.1,47697.24,77.7,0,Watch
B003923,2025-07-30,PLT09,B,SUP0072 ,Day,1290,164782.09,0.14,6.6,0.89,1250.9,34.8,24104.15,48.1,0,Normal
B004164,2025-12-07,PLT10,C,SUP0004,Day,870,124480.79,0.1169,13.33,1.84,909.2,39.3,15907.18,57.9,0,Normal
B003108,2025-07-17,PLT05,D,SUP0072,Night,1807,315750.75,0.1201,6.55,6.23,3057.6,28.6,61252.28,75.6,0,Watch
B002095,2025-04-21,PLT04,C,SUP0015,Day,1050,147479.23,0.1437,8.11,12.84,1560.6,33.8,46290.26,67.8,0,Critical
B002437,2025-05-01,PLT09,A,SUP0131,Night,1298,129911.25,0.1324,1.11,5.14,995.5,18.5,21755.15,74.0,0,Watch
B001871,2025-04-05,PLT05,C,sup0033,Day,824,116964.26,0.0825,5.72,6.15,1256.6,27.5,25447.22,67.1,0,High
B002695,2025-11-11,PLT06,B,SUP0086,Day,1063,106942.68,0.0903,9.73,6.64,1067.5,39.9,17810.39,81.1,0,Normal
B002971,2025-11-19,PLT07,C,SUP0071,Day,1713,236301.31,0.0925,1.21,1.27,1729.8,18.3,14893.93,77.9,0,Normal
B004976,2025-03-13,PLT01,A,SUP0168,Day,2338,200488.14,0.0545,2.78,1.92,1415.6,25.9,25725.09,87.9,0,Normal
B003545,2025-01-23,PLT01,C,SUP0159 ,Night,1347,189373.5,0.0932,4.53,9.82,1532.1,23.6,38659.66,75.7,0,High
B004895,2025-12-05,PLT08,B,SUP0141,Night,2240,265105.88,0.0752,3.72,3.15,2174.6,,37362.04,73.2,0,Normal
B003725,2025-07-06,PLT02,A,SUP0118,Night,2357,209434.4,0.122,13.83,3.49,1222.5,20.3,38587.28,70.5,0,Watch
B000438,2025-09-30,PLT08,B,SUP0081,Day,2021,235259.39,0.103,10.86,3.88,1774.0,30.9,29224.82,60.3,0,Normal
B003874,2025-12-21,PLT06,B,SUP0062,Day,647,64110.39,0.073,3.92,2.52,555.5,31.8,3234.12,81.7,0,Normal
B000585,2025-04-20,PLT08,C,SUP0171,Day,2054,314209.04,0.0817,0.2,5.27,2468.9,31.1,39238.66,71.1,0,Normal
B002300,2025-06-22,PLT02,D,SUP0104,Day,1211,214623.82,0.0826,7.91,4.6,1796.8,23.7,36638.23,80.9,0,Watch
B001439,2025-06-30,PLT08,C,SUP0101,Night,1559,226391.84,0.1206,11.92,12.12,1723.8,35.9,63257.53,62.5,0,Critical
B004577,2025-06-03,PLT07,C,SUP0101,Day,2271,305067.39,0.1398,15.69,1.81,2529.0,,41674.95,54.1,0,Normal
B003872,2025-04-23,PLT08,A,SUP0046,Day,1688,156203.53,0.1189,7.67,4.18,1262.1,22.9,25344.66,70.0,0,Normal
B000712,2025-04-05,PLT06,D,SUP0052,Night,1227,190964.62,0.0954,7.55,5.85,1405.8,27.5,42393.42,73.8,0,High
B002852,2025-04-02,PLT04,C,SUP0109,Night,883,120075.59,0.1073,4.56,3.75,1166.2,17.7,19355.35,65.5,0,Normal
B004485,2025-10-07,PLT10,C,SUP0168,Day,912,131956.26,0.0533,3.27,4.5,964.0,35.5,19269.73,91.1,0,Normal
B002417,2025-02-14,PLT01,B,SUP0120,Day,996,109798.08,0.1123,5.16,1.55,854.1,34.3,12212.5,62.9,0,Normal
B004553,2025-04-18,PLT02,A,SUP0126,Day,748,65491.34,0.0641,4.76,1.27,658.2,22.0,6206.08,74.4,0,Normal
B002322,2025-05-22,PLT03,A,SUP0041,Night,658,58149.94,0.0835,5.59,3.38,519.6,19.8,6765.79,73.0,0,Normal
B003008,2025-12-05,PLT08,D,SUP0166 ,Day,1795,324724.79,0.0675,10.11,1.4,2320.5,36.0,10852.32,72.2,0,Normal
B002132,2025-07-23,PLT04,A,SUP0160,Day,1404,119319.65,0.0325,5.15,4.81,985.9,29.1,12902.53,82.4,0,Normal
B004735,2025-04-15,PLT03,A,SUP0019,Night,1227,109913.73,0.0695,3.63,4.28,1041.0,35.2,12882.51,77.2,1,Normal
B002670,2025-03-26,PLT04,A,SUP0170,Night,1332,114185.16,0.0654,7.9,11.32,1276.0,38.1,26635.75,83.3,0,High
B000587,2025-12-26,PLT09,A,SUP0129,Night,1000,101836.77,0.0614,5.82,1.54,680.5,25.1,8435.16,75.6,0,Normal
B002373,2025-08-23,PLT06,B,SUP0082,Night,594,59564.6,0.0922,1.34,1.42,597.3,27.5,10373.62,76.5,0,Watch
B001535,2025-10-14,PLT10,C,SUP0030,Day,2581,362538.78,0.0728,6.99,2.52,3451.0,,34450.92,74.3,0,Normal
B000735,2025-12-22,PLT09,C,SUP0035,Day,1147,189457.15,0.0653,2.8,3.58,1621.0,33.0,20223.1,74.0,0,Normal
B002165,2025-01-11,PLT03,B,SUP0088,Night,840,94543.69,0.1362,2.66,1.36,710.7,29.4,11491.33,66.4,0,Normal
B003107,2025-09-28,PLT01,A,SUP0084,Day,1412,122526.49,0.1286,3.26,5.12,1053.9,28.9,23407.65,68.5,0,Watch
B004425,2025-05-15,PLT10,D,SUP0083,Night,1874,320034.82,0.0762,5.23,6.19,2945.0,26.7,53804.32,78.4,0,Watch
B002587,2025-12-03,PLT03,A,SUP0104,Night,713,63662.04,0.0867,0.98,3.91,554.7,19.9,9469.25,67.8,0,Normal
B000554,2025-07-13,PLT03,C,SUP0122,Night,1114,164016.86,0.0755,0.56,3.62,1296.4,29.0,23733.79,74.2,0,Normal
B004944,2025-10-14,PLT07,C,SUP0148,Night,735,100395.54,0.1121,1.74,3.05,981.5,26.2,12552.06,73.2,0,Normal
B000473,2025-10-22,PLT10,C,SUP0080,Night,1788,262350.64,0.0963,7.82,5.22,2676.3,18.4,51696.92,78.1,0,High
B001058,2025-03-14,PLT07,A,SUP0139,Night,910,77816.96,0.063,2.8,1.61,605.9,,6020.22,76.4,0,Normal
B003291,2025-10-23,PLT04,B,SUP0160,Day,2744,302856.84,0.0697,5.27,4.16,2622.3,26.1,52721.13,74.1,0,Watch
B004676,2025-05-01,PLT02,D,SUP0114 ,Night,742,128313.37,0.11,5.21,11.2,1434.1,33.6,28108.22,67.0,0,High
B001048,2025-06-03,PLT02,C,SUP0149 ,Day,1313,189369.93,0.1141,1.27,5.23,1569.6,32.3,30251.42,73.0,0,Normal
B001221,2025-11-07,PLT10,A,SUP0116,Day,1277,113818.12,0.0865,4.45,1.89,1000.9,36.9,15928.32,67.0,0,Normal
B000545,2025-11-04,PLT08,C,SUP0011,Night,1661,250928.31,0.0944,2.68,3.69,1943.9,16.7,32196.25,81.4,0,Normal
B000801,2025-06-13,PLT05,A,SUP0038,Day,1245,108898.78,0.0565,8.35,2.54,961.5,22.0,20086.3,73.1,0,Watch
B004232,2025-11-25,PLT04,D,SUP0150,Night,2952,502355.74,0.0919,2.58,2.21,3947.2,33.3,71389.33,67.1,0,Normal
B003525,2025-11-15,PLT06,A,SUP0010,Night,960,75565.55,0.0626,3.25,3.44,850.9,26.7,5936.25,76.1,0,Normal
B000291,2025-06-27,PLT07,A,SUP0081,Day,1428,120987.27,0.0582,9.02,0.54,1022.1,19.8,8314.13,83.8,0,Normal
B004721,2025-08-06,PLT07,C,SUP0152,Night,1249,173105.11,0.0849,1.12,5.33,1550.8,22.6,29303.02,75.9,0,Watch
B000927,2025-07-09,PLT07,A,SUP0157,Day,1618,132580.37,0.1043,7.46,10.09,1223.2,29.9,28146.83,75.1,0,High
B000253,2025-04-08,PLT08,B,SUP0079,Night,1832,226641.66,0.1276,11.52,4.26,1672.9,23.4,32012.86,61.5,0,Normal
B000970,2025-06-27,PLT02,B,SUP0149,Day,1055,120103.35,0.0963,3.63,5.77,1192.5,29.6,22597.83,72.2,0,Watch
B003312,2025-12-18,PLT05,A,SUP0038,Day,1416,123858.31,0.0797,4.47,1.61,929.4,27.5,18366.93,81.4,0,Normal
B000351,2025-12-06,PLT06,B,SUP0096,Day,757,76179.5,0.0627,3.1,6.3,816.9,28.7,10792.9,81.1,0,Normal
B003207,2025-12-02,PLT09,A,SUP0041,Day,1301,125909.7,0.1921,0.36,2.46,1009.1,32.2,29754.48,51.5,0,High
B002035,2025-01-01,PLT05,B,SUP0155,Night,2423,272633.48,0.0624,4.05,1.48,2191.0,31.3,35449.97,83.1,0,Normal
B003035,2025-02-01,PLT02,C,SUP0117,Night,1988,287717.44,0.0658,0.57,2.29,2550.1,29.8,46801.67,92.5,1,Normal
B001594,2025-01-27,PLT10,D,SUP0053,Day,941,163584.56,0.0532,2.83,1.27,1506.2,31.1,13013.83,82.2,0,Normal
B000091,2025-09-20,PLT05,B,SUP0013,Day,747,83507.26,0.0618,7.42,2.2,651.3,19.0,7130.19,77.5,0,Normal
B001619,2025-09-30,PLT06,C,SUP0101,Day,2187,282761.92,0.0933,2.72,3.18,2808.4,15.3,55691.04,68.3,0,Watch
B000812,2025-07-07,PLT06,C,sup0152,Night,1256,160502.65,0.0894,4.48,3.89,1743.9,18.6,14940.28,74.2,0,Normal
B000722,2025-08-18,PLT04,D,SUP0115,Day,1559,273077.92,0.094,3.81,4.5,2520.3,26.4,40687.11,84.6,0,Normal
B003103,2025-12-15,PLT08,D,SUP0144,Night,908,166127.07,0.1075,3.59,7.14,1500.5,21.8,28156.03,71.0,0,Watch
B000027,2025-09-25,PLT09,B,SUP0028,Night,1424,184920.78,0.0747,7.47,3.91,1322.9,22.1,34852.36,76.0,0,Watch
B001346,2025-06-02,PLT09,B,SUP0129,Night,1394,182269.26,0.0413,1.63,3.81,1417.5,28.5,32623.75,80.3,0,Watch
B002084,2025-03-02,PLT08,D,SUP0032,Day,1717,306967.61,0.0621,1.32,1.35,2365.1,34.9,35797.71,82.9,0,Normal
B002609,2025-10-04,PLT08,A,SUP0043,Night,871,79694.92,0.0776,0.52,0.58,570.6,17.9,12027.5,81.6,0,Normal
B001211,2025-11-05,PLT01,D,SUP0135,Day,1644,290956.62,0.0415,6.78,9.06,2312.7,26.9,52704.79,78.7,0,Watch
B004023,2025-06-18,PLT03,B,SUP0069,Day,984,114274.22,0.0955,5.36,1.98,787.1,23.7,8125.66,73.5,0,Normal
B004072,2025-10-30,PLT08,B,SUP0125,Day,1012,122124.65,0.1023,8.32,8.91,924.0,28.0,24252.99,68.5,0,Watch
B002374,2025-04-29,PLT08,B,SUP0026,Day,2718,331609.0,0.0685,4.18,0.41,1994.7,29.3,43622.63,77.5,0,Normal
B004966,2025-05-16,PLT10,D,SUP0026,Day,1096,183046.12,0.0918,2.2,3.84,1876.5,23.8,27312.26,75.0,0,Normal
B003772,2025-10-30,PLT05,C,SUP0083,Night,1337,189814.58,0.0854,1.27,2.41,1651.9,24.5,24772.0,76.9,1,Normal
B000916,2025-04-29,PLT10,D,SUP0146 ,Day,843,147842.35,0.0935,11.1,4.67,1242.0,22.0,21076.89,72.6,0,Normal
B002526,2025-08-22,PLT01,B,SUP0087,Night,1436,157484.01,0.0738,13.38,6.67,1542.1,25.0,19971.56,86.3,0,Normal
B001075,2025-03-28,PLT04,C,SUP0115,Day,2123,288692.53,0.09,7.26,3.77,2598.3,32.4,35180.08,63.8,0,Normal
B003699,2025-12-10,PLT05,B,SUP0005,Day,902,100501.45,0.0872,2.5,3.37,,32.4,14610.07,78.8,0,Normal
B000255,2025-12-22,PLT08,A,SUP0058,Night,1097,100139.59,0.1292,3.23,1.42,836.7,,11619.29,66.6,0,Normal
B004300,2025-01-02,PLT08,B,SUP0042,Day,948,112353.84,0.1062,4.72,5.56,996.1,21.8,21817.64,64.9,0,Watch
B003211,2025-09-11,PLT07,A,SUP0165,Night,1033,87389.39,0.0719,1.35,2.91,,26.2,11688.64,80.5,0,Normal
B004087,2025-08-05,PLT01,B,SUP0031,Day,1659,181884.63,0.119,4.51,4.92,1433.4,31.6,31970.66,69.2,0,Watch
B004355,2025-08-24,PLT06,B,SUP0088,Day,1162,116653.32,0.0921,3.61,13.76,1302.9,24.0,31062.48,70.6,0,Critical
B004597,2025-07-16,PLT06,A,SUP0008,Night,1245,96695.72,0.0808,11.58,1.27,1027.8,25.1,12055.82,66.6,0,Normal
B001730,2025-05-19,PLT10,B,SUP0079,Day,1504,168860.17,0.1012,3.96,7.76,1384.8,26.1,36382.19,71.2,0,High
B002276,2025-10-25,PLT09,A,SUP0102,Night,1287,134671.73,0.0625,10.65,2.14,823.6,29.8,13549.14,73.2,0,Normal
B001953,2025-02-09,PLT05,C,SUP0055,Day,891,127180.47,0.0979,5.43,1.52,1205.4,,20527.83,75.7,0,Normal
B001271,2025-10-31,PLT06,D,SUP0022,Day,676,106233.3,0.0965,4.11,4.91,938.3,39.2,14793.81,79.9,0,Normal
B004695,2025-03-13,PLT01,B,SUP0173,Night,824,91346.74,0.074,14.14,2.47,711.3,36.1,13114.04,67.0,0,Normal
B000316,2025-01-22,PLT03,B,SUP0068,Night,1722,203341.16,0.087,6.97,7.81,1996.3,18.2,52834.94,65.3,0,Critical
B004965,2025-04-29,PLT08,C,SUP0035,Day,729,112731.7,0.1182,3.09,1.47,808.3,35.4,10667.13,68.4,0,Normal
B004922,2025-07-20,PLT05,A,SUP0101,Day,1444,124242.93,0.0838,2.13,3.78,1218.8,26.8,14350.22,68.7,0,Normal
B003829,2025-12-29,PLT10,A,SUP0046,Night,1316,111473.36,0.1286,6.34,4.37,1044.6,30.2,20228.96,62.1,1,Watch
B000556,2025-10-19,PLT02,D,SUP0075,Night,1201,214853.96,0.1094,3.34,1.47,1480.4,27.1,35361.22,68.6,0,Normal
B001920,2025-10-20,PLT06,C,SUP0101,Day,2480,313724.53,0.0945,2.35,8.58,2955.0,27.3,84175.04,80.4,0,Critical
B003946,2025-07-31,PLT01,D,SUP0072,Day,2037,354372.88,0.1518,1.84,5.02,2776.8,32.3,64664.15,63.4,0,Watch
B000070,2025-08-24,PLT08,C,SUP0049,Day,1606,245721.78,0.1005,,3.93,1991.9,32.0,25465.03,82.0,0,Normal
B002528,2025-04-13,PLT05,C,SUP0168 ,Day,1347,190856.67,0.0395,8.82,2.53,1408.4,27.2,19003.32,93.1,0,Normal
B003444,2025-11-04,PLT07,C,SUP0035,Day,1769,248106.46,0.0624,0.69,2.67,2006.4,34.9,34299.89,78.5,1,Normal
B003410,2025-01-28,PLT01,D,SUP0084,Night,1625,280887.0,0.1295,3.1,1.63,2464.2,23.7,53314.17,61.0,0,Watch
B002875,2025-07-16,PLT08,C,SUP0014,Night,1627,245299.39,0.0594,1.37,1.25,1744.1,29.3,43138.09,81.5,0,Watch
B004336,2025-12-18,PLT09,B,SUP0116,Day,1212,160315.21,0.0733,3.12,3.77,1254.3,29.4,20762.94,78.3,0,Normal
B003170,2025-01-17,PLT03,C,SUP0143,Day,1377,201948.5,0.062,7.07,1.43,1879.4,33.7,21017.06,80.6,0,Normal
B000806,2025-03-14,PLT01,A,SUP0066,Day,1137,97471.91,0.1081,3.0,3.0,842.0,30.2,12962.22,59.0,0,Normal
B001554,2025-06-28,PLT06,C,SUP0149,Day,875,109011.77,0.0959,5.35,1.1,1031.3,38.1,5636.24,71.9,0,Normal
B002119,2025-06-23,PLT08,C,SUP0168,Night,711,105794.22,0.0536,6.94,5.66,731.0,29.1,18104.15,79.5,0,Watch
B004221,2025-04-15,PLT03,B,SUP0108 ,Day,1830,216770.25,0.0999,10.42,1.96,1729.6,32.0,35515.86,78.4,0,Watch
B003704,2025-06-09,PLT05,B,SUP0067,Night,1333,151821.12,0.083,3.47,6.05,1060.0,23.8,32639.35,70.7,0,High
B000894,2025-08-06,PLT05,C,SUP0133,Day,1022,143572.41,0.1101,1.73,4.27,1241.9,31.0,20686.93,59.1,0,Normal
B004993,2025-05-09,PLT06,C,SUP0043,Day,1684,211554.02,0.0544,4.14,7.92,2291.5,13.3,42516.02,82.8,0,High
B002147,2025-04-11,PLT04,C,SUP0109,Day,1563,220420.66,0.1096,9.8,0.72,2019.2,33.6,25794.48,67.2,0,Normal
B000388,2025-02-17,PLT02,B,SUP0049,Night,2175,251842.56,0.0848,4.15,3.08,2104.4,,50958.02,79.7,0,Watch
B000752,2025-05-31,PLT02,B,SUP0015,Night,703,80607.67,0.0822,6.02,8.39,896.7,17.8,20841.53,81.7,0,Critical
B002843,2025-11-03,PLT08,B,SUP0069,Night,1377,164590.64,0.1018,9.37,0.48,1345.6,38.1,16819.29,68.1,0,Normal
B003183,2025-07-18,PLT09,A,SUP0151,Day,1537,154860.76,0.0802,1.17,2.11,1193.8,30.2,12337.85,82.9,0,Normal
B001984,2025-11-03,PLT09,B,SUP0094,Night,1157,148918.64,0.0877,5.91,2.11,1135.3,26.6,21080.45,77.8,1,Normal
B004038,2025-03-24,PLT03,D,SUP0136,Night,1423,252861.25,0.0851,10.53,1.76,2310.5,,34899.75,69.1,0,Normal
B003025,2025-08-24,PLT03,C,SUP0046,Night,1474,213129.99,0.1157,5.69,7.98,1708.8,30.0,41573.36,71.5,0,Watch
B002188,2025-10-06,PLT08,A,SUP0159,Day,2870,265943.62,0.0988,14.54,0.7,1970.1,25.5,26470.41,70.0,0,Normal
B000411,2025-05-08,PLT07,D,SUP0026,Day,1591,263609.92,0.0874,8.08,3.38,2197.4,33.4,37433.0,78.9,0,Normal
B004491,2025-06-18,PLT08,B,SUP0131,Night,738,86384.35,0.129,13.45,5.16,744.2,29.9,18065.37,67.7,0,High
B000110,2025-03-31,PLT07,A,SUP0003,Day,1084,91042.48,0.0681,3.55,8.67,826.5,21.6,20702.03,80.9,0,Critical
B002556,2025-08-17,PLT03,B,SUP0149,Day,1600,183710.94,0.0944,5.32,6.53,,30.3,22172.06,68.1,1,Normal
B003221,2025-09-22,PLT03,B,SUP0014,Night,1788,211052.16,0.0603,2.17,3.37,1862.1,23.2,31894.22,84.7,1,Normal
B002154,2025-10-28,PLT10,B,SUP0062,Night,1651,184805.42,0.0743,6.74,3.7,1375.9,12.0,36681.21,76.9,0,High
B004732,2025-12-10,PLT05,C,SUP0069 ,Day,2527,366314.68,0.121,0.46,4.2,2577.9,30.9,66614.57,71.3,0,Watch
B002664,2025-04-10,PLT01,B,SUP0049,Night,2190,247099.25,0.0685,4.13,4.87,1881.6,34.4,37332.38,88.8,0,Normal
B002192,2025-04-15,PLT05,C,SUP0055,Night,2264,332407.8,0.1417,8.51,6.74,2703.8,21.3,90775.7,60.4,0,Critical
B004329,2025-03-07,PLT06,C,SUP0168,Day,1736,214866.6,0.0731,1.99,3.91,2093.2,31.5,27319.68,84.5,0,Normal
B001648,2025-02-10,PLT08,C,SUP0074,Day,1689,254833.18,0.1012,1.39,0.81,2289.0,22.8,37005.46,82.3,0,Normal
B000222,2025-07-05,PLT06,A,SUP0128,Day,814,63176.65,0.1489,14.96,3.69,697.1,26.8,12145.08,54.2,0,Watch
B004410,2025-04-01,PLT10,B,SUP0080,Day,1794,199441.94,0.0799,11.0,3.08,1888.1,,29425.84,77.7,1,Normal
B004638,2025-04-23,PLT05,A,SUP0152,Day,1584,137993.17,0.103,30.04,2.39,1205.0,32.8,21877.29,51.0,0,Normal
B000656,2025-05-04,PLT02,C,SUP0174,Night,719,104223.36,0.0638,0.98,4.53,984.1,28.0,12904.07,77.6,1,Normal
B004145,2025-12-28,PLT04,D,sup0114,Day,1114,196233.09,0.0985,1.61,3.99,1572.1,36.4,26516.01,68.1,0,Normal
B001789,2025-06-05,PLT04,B,SUP0037,Night,1342,148121.5,0.0903,0.82,4.79,1468.5,32.5,29679.25,83.9,0,Watch
B002922,2025-04-01,PLT10,B,sup0079,Day,2262,251605.05,0.0908,3.75,13.43,2273.7,31.5,66541.52,71.0,0,Critical
B001256,2025-10-01,PLT09,B,SUP0088,Day,1046,134214.5,0.1135,4.97,3.58,964.3,32.2,26493.42,73.7,0,High
B004014,2025-07-02,PLT03,B,SUP0159,Night,836,97149.23,0.1162,2.95,13.73,1084.0,30.7,26427.77,60.9,0,Critical
B004455,2025-05-04,PLT09,B,SUP0109,Night,671,85820.86,0.0761,12.21,1.68,538.4,23.9,12445.51,60.9,1,Normal
B001210,2025-12-05,PLT09,B,SUP0180,Night,1603,205137.23,0.089,5.27,2.85,1695.1,33.3,35808.44,71.5,0,Watch
B004249,2025-01-01,PLT08,A,SUP0161,Day,1112,101599.56,0.0861,2.42,3.74,835.3,28.8,19868.6,82.6,0,Watch
B001129,2025-12-02,PLT10,C,SUP0087,Day,1886,262268.94,0.0955,6.03,,1982.6,28.8,36301.17,72.9,1,Normal
B004174,2025-12-20,PLT04,B,SUP0155,Day,1270,136954.67,0.0849,1.31,4.16,1226.6,15.4,13024.22,81.2,0,Normal
B002320,2025-11-11,PLT06,D,SUP0140 ,Day,1216,192895.14,0.0809,5.85,2.17,1810.0,,26575.83,74.9,0,Normal
B003990,2025-12-11,PLT03,A,SUP0130 ,Day,1671,147665.88,0.1128,9.58,2.23,1260.3,28.9,24107.8,66.5,1,Watch
B000178,2025-06-10,PLT10,D,SUP0017,Day,1459,260082.73,0.1189,1.02,1.26,1772.3,25.6,34498.99,74.7,0,Normal
B002950,2025-08-08,PLT01,B,SUP0069,Night,1295,143226.71,0.1098,,6.83,1192.6,25.7,28310.72,68.5,0,Watch
B004793,2025-05-01,PLT06,A,SUP0121,Night,1105,83852.12,0.0853,2.96,3.27,778.9,20.4,13235.22,69.2,0,Normal
B000081,2025-11-17,PLT01,D,SUP0003,Night,1460,247236.15,0.1183,19.1,5.51,2206.9,29.7,45146.41,62.2,0,Watch
B001225,2025-11-02,PLT02,B,SUP0147,Day,1448,167747.74,0.1282,4.93,1.8,1212.6,31.5,10225.02,60.2,0,Normal
B002299,2025-11-05,PLT08,C,SUP0056,Day,877,135421.49,0.0761,5.83,2.54,1106.8,34.7,18103.45,81.6,1,Normal
B002916,2025-02-18,PLT10,A,sup0089,Day,1725,144989.13,0.1008,3.75,7.44,1134.4,29.7,28389.99,81.1,0,High
B002544,2025-10-08,PLT03,C,SUP0147,Day,2617,384563.04,0.0918,7.31,6.81,3636.8,23.3,78252.06,76.5,0,High
B004324,2025-07-07,PLT07,C,SUP0030,Night,1280,181487.99,0.074,7.94,2.48,1572.5,24.5,26501.71,73.7,0,Normal
B001780,2025-07-25,PLT03,C,SUP0164,Day,921,135573.82,0.0629,8.49,10.47,1129.8,23.1,33126.13,77.3,1,High
B004768,2025-08-02,PLT01,B,SUP0053,Day,2104,234025.72,0.0674,9.38,5.11,1906.5,24.4,29740.92,76.3,0,Normal
B001612,2025-08-22,PLT02,A,SUP0046,Day,564,49248.11,0.1084,7.87,0.84,382.6,26.2,7404.24,64.0,0,Normal
B003779,2025-07-04,PLT03,C,SUP0014,Night,549,81324.89,0.0412,2.94,2.18,746.8,21.5,4654.48,79.9,0,Normal
B001868,2025-01-24,PLT08,A,SUP0060,Day,2037,190668.05,0.1034,16.05,8.4,1618.6,24.0,39267.29,59.9,1,High
B000671,2025-01-04,PLT03,B,SUP0060,Day,1619,190237.31,0.079,5.99,4.32,1591.9,28.6,28165.12,78.5,0,Normal
B004832,2025-05-04,PLT06,C,SUP0166,Night,1195,154989.42,0.0497,5.52,1.59,1454.7,22.1,13962.29,80.8,0,Normal
B003619,2025-04-12,PLT01,C,SUP0104,Night,2294,324263.99,0.1032,8.46,0.64,2925.4,29.5,35106.65,64.8,0,Normal
B001808,2025-02-22,PLT01,A,SUP0152,Night,2000,175954.94,0.0901,3.61,5.59,1769.4,,25070.85,60.0,0,Normal
B003394,2025-10-19,PLT06,C,SUP0029,Day,1580,206450.06,0.1138,5.18,4.25,1971.9,27.5,30731.11,67.7,0,Normal
B002689,2025-04-15,PLT08,C,SUP0179,Day,1183,181698.33,0.0823,4.81,6.62,1484.1,32.2,33507.36,83.6,0,Watch
B002895,2025-01-24,PLT02,C,SUP0122,Day,1243,184208.75,0.0486,2.4,6.04,1345.7,32.8,28093.45,83.1,0,Normal
B004874,2025-10-15,PLT06,C,SUP0157,Night,1104,142400.7,0.114,5.4,6.19,1374.6,32.4,26559.63,73.1,1,Watch
B000220,2025-04-25,PLT04,D,SUP0073,Day,1458,248429.11,0.0653,5.3,1.4,2280.0,30.7,14730.73,79.2,0,Normal
B002096,2025-04-20,PLT05,C,SUP0086,Night,1217,172273.14,0.0912,2.63,1.2,1545.5,27.8,11623.85,75.1,0,Normal
B003045,2025-04-18,PLT01,A,SUP0080,Day,1375,118700.73,0.1037,10.58,8.73,1147.6,19.2,22209.81,74.4,0,Watch
B000044,2025-05-18,PLT01,B,SUP0066,Night,1542,170383.42,0.0537,2.35,4.94,1491.9,39.2,25216.84,77.6,0,Normal
B000211,2025-02-04,PLT07,C,SUP0009,Night,1253,172918.04,0.0567,8.0,1.03,1143.7,25.3,13940.66,79.3,0,Normal
B001514,2025-03-14,PLT07,C,SUP0033,Day,1342,192989.53,0.0848,1.15,1.47,1718.6,34.8,22785.41,85.2,0,Normal
B000355,2025-05-29,PLT07,D,SUP0145,Day,1115,189013.3,0.0903,2.74,3.34,1754.0,25.1,33308.69,78.9,0,Watch
B002442,2025-05-10,PLT07,A,SUP0131,Night,1438,120004.32,0.1309,17.12,25.39,1633.9,30.6,57017.09,59.3,0,Critical
B001198,2025-09-25,PLT08,C,SUP0107 ,Day,1907,289852.27,0.0876,5.74,2.89,2177.8,18.0,47111.98,74.7,0,Normal
B003976,2025-06-09,PLT01,A,SUP0106,Day,2102,186259.75,0.0732,2.06,,1670.5,18.7,21310.31,78.7,0,Normal
B003205,2025-12-19,PLT09,A,SUP0069,Day,1832,184111.27,0.1319,0.93,6.7,1487.1,26.4,34915.28,54.0,0,Watch
B000368,2025-12-09,PLT10,B,SUP0090,Night,1838,206215.54,0.0869,3.29,6.73,1804.2,29.1,26298.05,73.6,0,Normal
B002597,2025-11-09,PLT05,A,SUP0028,Night,1560,137276.8,0.0513,4.02,3.45,1338.3,28.3,7347.78,81.3,0,Normal
B003790,2025-03-19,PLT05,B,SUP0131 ,Night,1259,142125.57,0.1414,2.36,4.06,1227.4,23.4,21757.7,68.6,0,Normal
B001729,2025-07-20,PLT06,C,SUP0051,Day,1831,234108.06,0.0693,6.02,3.48,2173.6,40.5,20135.63,83.8,0,Normal
B000136,2025-03-18,PLT02,B,SUP0072,Night,1456,167546.88,0.1158,9.47,3.32,1333.7,25.4,20542.09,63.9,0,Normal
B001504,2025-08-03,PLT10,C,SUP0007,Day,881,126154.33,0.0919,8.16,0.87,1034.0,23.8,18347.27,67.2,0,Normal
B000048,2025-08-10,PLT03,B,SUP0165,Night,1450,169700.47,0.0793,1.61,,1637.2,36.8,14027.73,72.8,0,Normal
B002319,2025-03-20,PLT06,C,SUP0076,Day,1563,202535.17,0.1039,4.15,2.33,2031.8,,17831.23,69.5,0,Normal
B001392,2025-07-26,PLT02,B,SUP0001,Day,2161,247163.57,0.0766,3.91,1.16,1892.6,25.6,20108.6,81.9,0,Normal
B002064,2025-09-17,PLT07,B,SUP0148,Night,994,109223.95,0.1507,2.03,3.36,947.6,25.2,19276.7,68.2,0,Watch
B001011,2025-11-25,PLT05,B,SUP0060,Day,1059,119273.25,0.0743,4.9,7.97,1134.3,36.0,20429.38,85.9,0,Watch
B002122,2025-03-15,PLT06,A,SUP0058 ,Day,1453,112898.58,0.082,11.77,5.42,1119.4,21.2,18098.66,78.7,0,Normal
B003996,2025-10-09,PLT01,D,SUP0132,Day,1597,274819.17,0.0978,6.18,4.77,2370.3,43.2,31445.95,80.4,0,Normal
B000062,2025-01-29,PLT09,B,SUP0001,Day,683,88422.91,0.0725,2.56,3.3,739.1,28.8,10406.95,79.4,0,Normal
B001033,2025-03-22,PLT08,A,SUP0060,Day,965,92825.97,0.0721,2.88,3.0,808.1,27.0,11960.61,85.8,1,Normal
B003246,2025-11-25,PLT02,D,SUP0080,Day,1576,276820.5,0.1174,8.12,4.89,2786.5,25.4,42031.61,66.9,1,Normal
B000096,2025-01-19,PLT01,A,SUP0063,Night,796,70643.49,0.1305,18.05,2.13,782.7,20.9,12864.81,65.3,0,Watch
B000479,2025-02-05,PLT01,B,SUP0031 ,Night,1063,117559.87,0.1271,1.9,4.19,1201.0,28.9,27814.89,61.4,0,High
B004322,2025-11-27,PLT10,C,SUP0114,Night,1446,207406.15,0.1182,0.71,3.42,1806.7,25.2,44252.2,76.6,0,High
B000843,2025-07-28,PLT03,B,SUP0155,Night,1666,194445.08,0.1207,3.22,3.44,1556.0,20.5,33785.4,68.8,0,Watch
B000890,2025-06-09,PLT02,A,SUP0067,Day,1679,152184.42,0.0639,7.21,3.44,1279.3,30.1,15875.28,78.6,0,Normal
B001617,2025-09-07,PLT04,A,SUP0161,Night,1848,155750.97,0.0531,9.57,5.59,1202.8,23.5,21964.96,80.9,0,Normal
B001903,2025-03-10,PLT06,C,SUP0069,Night,1409,179911.09,0.0857,7.39,0.58,1599.2,27.4,26695.25,77.7,0,Normal
B001506,2025-09-23,PLT01,C,SUP0007,Day,829,117718.52,0.0552,4.44,5.73,883.1,36.2,22257.7,76.1,0,Watch
B000323,2025-04-18,PLT01,C,SUP0071,Night,1584,227317.89,0.0787,3.87,1.48,2319.4,22.9,34576.13,83.8,0,Normal
B001323,2025-07-04,PLT03,D,SUP0104,Night,1511,276177.38,0.0648,0.15,4.06,2493.2,31.3,44218.0,86.0,0,Normal
B003474,2025-04-12,PLT10,C,SUP0078,Night,1132,160464.94,0.0934,2.35,0.97,1232.6,28.5,23009.71,68.0,1,Normal
B004042,2025-12-17,PLT07,A,SUP0006,Night,1402,122872.39,0.1054,26.44,2.92,974.4,28.2,15634.46,65.2,0,Normal
B002388,2025-07-23,PLT04,B,SUP0062,Night,1514,164892.69,0.0755,1.02,1.65,,25.0,15537.0,82.6,0,Normal
B001426,2025-01-12,PLT10,B,SUP0129,Day,2196,254955.27,0.084,4.59,1.85,1607.1,24.8,23793.94,73.9,1,Normal
B002522,2025-10-01,PLT08,B,SUP0053,Day,1106,132402.49,0.0813,7.89,3.52,1132.1,24.7,21890.49,71.4,1,Normal
B003130,2025-05-05,PLT06,B,SUP0165,Day,1874,188908.81,0.0573,9.37,3.83,1943.8,34.5,29800.91,86.1,0,Normal
B001188,2025-03-30,PLT02,A,SUP0151,Night,970,83466.81,0.0998,5.43,1.39,662.8,33.3,12747.31,76.5,0,Normal
B002464,2025-10-08,PLT10,C,SUP0059,Day,1037,148401.44,0.1048,13.7,1.23,1290.5,25.1,12025.31,59.9,0,Normal
B000292,2025-08-28,PLT04,C,SUP0013,Night,810,117955.15,0.046,10.17,0.57,820.5,12.0,18596.44,78.9,0,Normal
B002358,2025-12-24,PLT07,B,SUP0094,Day,936,101460.96,0.0872,13.42,2.48,917.8,30.4,21063.68,70.3,0,High
B002755,2025-04-04,PLT06,A,SUP0103,Day,1447,112140.29,0.0828,2.01,4.65,873.6,42.7,20298.35,83.2,0,Watch
B000534,2025-12-25,PLT06,A,SUP0116,Night,1815,144207.21,0.095,5.83,3.45,1213.0,32.2,25714.92,70.3,0,Watch
B002054,2025-08-02,PLT05,D,SUP0060,Day,989,174112.52,0.0583,0.6,1.21,1392.8,,11338.54,84.6,0,Normal
B003936,2025-10-19,PLT09,B,SUP0085,Day,2243,301360.71,0.1025,3.82,7.93,2284.0,32.9,73441.64,79.3,0,Critical
B001262,2025-08-23,PLT02,B,SUP0134,Day,1980,225972.64,0.0585,2.9,2.24,1744.4,22.2,27306.98,82.3,0,Normal
B001877,2025-05-19,PLT08,B,SUP0082,Day,2007,237700.89,0.0911,8.74,0.44,1754.2,32.1,34988.78,72.3,0,Normal
B002588,2025-12-21,PLT03,C,SUP0171,Day,1172,173782.48,0.0955,1.54,3.59,1251.4,21.3,7631.9,80.4,0,Normal
B004020,2025-11-19,PLT10,B,SUP0152,Day,1224,136205.62,0.1265,1.51,4.86,1100.7,22.7,26698.63,82.0,0,High
B004983,2025-12-17,PLT04,C,SUP0082,Day,1447,200856.02,0.1059,9.1,5.97,1807.9,29.0,47376.38,77.9,0,High
B003335,2025-03-13,PLT05,D,SUP0169,Day,1830,323957.69,0.0515,8.13,1.26,2630.4,30.4,20893.43,80.2,0,Normal
B000429,2025-08-01,PLT04,A,SUP0060,Day,1963,161091.02,0.0959,2.78,3.27,1596.1,25.7,29111.24,83.2,0,Watch
B001039,2025-07-05,PLT05,B,SUP0086,Day,675,78949.11,0.085,0.44,4.93,731.1,25.2,10958.26,78.2,0,Normal
B003309,2025-02-02,PLT06,A,SUP0099,Night,1404,106791.02,0.0705,6.82,1.95,1077.4,28.4,16081.09,65.9,0,Normal
B004303,2025-05-20,PLT03,C,SUP0087,Night,2093,315000.31,0.0956,2.74,3.79,2326.1,29.8,61044.14,67.2,0,Watch
B003649,2025-10-10,PLT06,B,SUP0053,Day,2048,203493.52,0.0959,4.7,1.24,1554.2,21.2,20872.0,76.6,0,Normal
B001193,2025-08-17,PLT10,B,SUP0019 ,Night,1186,133493.79,0.0814,0.66,1.42,1002.4,20.2,16270.24,79.5,0,Normal
B002239,2025-06-13,PLT06,A,SUP0121,Night,2838,221623.39,0.0741,18.14,0.87,2195.1,12.0,32500.62,67.4,0,Normal
B002427,2025-05-28,PLT04,A,SUP0129,Night,1227,102369.57,0.0562,5.48,4.26,1029.0,16.4,17718.58,64.5,0,Watch
B001085,2025-04-20,PLT09,D,sup0108,Day,935,188770.31,0.115,3.04,5.29,1542.3,27.1,36368.62,63.7,0,Watch
B000627,2025-09-10,PLT06,A,SUP0118,Night,2442,193491.7,0.0931,8.38,6.72,1876.4,28.6,38249.41,71.9,0,Watch
B002022,2025-08-17,PLT09,A,SUP0093,Night,769,76912.31,0.1184,2.12,2.51,617.3,26.0,13794.15,67.6,0,Watch
B004712,2025-03-24,PLT07,C,SUP0129,Day,852,118458.78,0.0515,8.18,1.53,1011.3,24.6,11450.68,69.5,0,Normal
B004571,2025-02-02,PLT03,C,SUP0086,Day,2071,306325.87,0.1016,5.76,1.55,2112.6,31.5,13754.59,73.0,0,Normal
B004971,2025-01-17,PLT10,D,SUP0169,Night,807,141756.34,0.0687,3.74,2.66,1191.2,25.2,9064.76,76.0,0,Normal
B000658,2025-04-15,PLT04,D,SUP0070,Night,1536,254600.62,0.0606,5.31,5.25,2400.0,30.6,38825.49,85.9,1,Normal
B002560,2025-10-22,PLT06,A,SUP0178,Day,1339,105444.25,0.0999,6.39,7.01,910.1,29.2,19817.2,62.2,0,Watch
B000764,2025-07-06,PLT06,C,SUP0140 ,Day,1573,198232.52,0.0897,3.95,7.57,2369.1,35.7,39182.74,78.8,0,Watch
B000788,2025-01-02,PLT04,B,SUP0054,Day,1967,213032.43,0.1273,9.93,3.71,2228.9,34.6,39241.66,68.2,0,Watch
B003287,2025-03-02,PLT02,A,SUP0118,Night,1185,104636.1,0.0906,6.2,5.59,758.4,25.2,24092.28,65.9,0,High
B001184,2025-11-19,PLT02,C,SUP0007,Day,1767,256649.46,0.0562,3.61,1.25,2440.5,30.2,25676.63,80.5,0,Normal
B004511,2025-02-13,PLT01,B,SUP0129,Night,2563,283690.13,0.0915,4.8,4.96,1864.1,26.8,63975.79,73.3,0,High
B002281,2025-07-11,PLT06,A,SUP0058,Day,1678,130420.46,0.1021,0.85,5.0,1247.4,38.1,26984.83,76.0,0,High
B000953,2025-06-07,PLT08,B,SUP0062,Day,2656,318064.81,0.0685,1.23,4.18,2742.3,30.0,39667.36,75.2,0,Normal
B003544,2025-06-11,PLT03,A,SUP0171,Night,580,51714.7,0.1007,1.48,3.79,326.1,20.6,6078.39,64.3,0,Normal
B001938,2025-04-18,PLT02,A,SUP0028,Day,636,56600.64,0.0813,1.57,6.93,580.7,,9073.37,74.5,0,Normal
B001544,2025-04-03,PLT07,A,SUP0034,Day,791,66179.29,0.1234,5.71,5.58,618.5,,7686.6,68.9,0,Normal
B002283,2025-05-19,PLT05,C,SUP0111,Day,1365,193305.48,0.1059,3.39,1.44,1420.1,26.9,21577.94,78.7,0,Normal
B001021,2025-10-05,PLT07,B,SUP0149,Day,1587,168252.65,0.1099,3.36,0.96,1455.9,23.7,23643.77,71.2,0,Normal
B001737,2025-05-28,PLT02,A,SUP0083,Night,1673,151611.47,0.1064,1.96,6.36,1378.7,23.2,27019.34,75.7,0,Watch
B001282,2025-07-30,PLT01,D,SUP0022,Day,851,146788.48,0.0432,1.7,1.38,1140.3,37.7,14819.36,80.4,0,Normal
B002202,2025-06-27,PLT10,D,SUP0104,Day,1777,299269.44,0.0847,2.14,2.15,2300.8,23.5,46039.72,76.9,1,Normal
B000071,2025-07-15,PLT08,B,SUP0120,Night,1641,191444.13,0.1054,1.77,4.27,1518.0,29.0,33266.05,73.8,0,Watch
B000950,2025-04-19,PLT01,B,SUP0038,Night,1541,169549.58,0.0943,6.14,1.12,1492.9,27.2,18383.23,69.7,0,Normal
B001232,2025-11-03,PLT05,C,SUP0011,Day,725,104192.41,0.1093,6.2,1.37,872.0,32.7,10298.34,68.3,0,Normal
B000832,2025-03-28,PLT08,A,SUP0093,Day,815,76933.36,0.071,22.48,3.41,679.1,,15622.96,68.0,0,High
B003304,2025-11-20,PLT03,B,SUP0162,Night,1310,150364.08,0.048,3.25,14.0,1473.1,37.6,407290.14,80.5,0,Watch
B001935,2025-04-11,PLT05,B,SUP0066,Night,1429,159282.72,0.0898,4.43,5.06,1462.4,23.7,22204.45,71.1,0,Normal
B003739,2025-11-03,PLT02,A,SUP0165,Night,2281,201046.41,0.0859,4.3,2.82,1399.7,17.5,25510.29,88.4,1,Normal
B004278,2025-10-30,PLT09,B,SUP0024,Night,1065,135143.62,0.0528,5.8,2.13,906.8,25.2,11832.88,84.6,0,Normal
B004677,2025-10-27,PLT01,A,SUP0003,Night,699,60333.34,0.1147,1.54,0.82,543.4,26.9,7260.07,72.0,0,Normal
B001613,2025-12-26,PLT03,B,SUP0080,Day,1585,185969.58,0.0915,6.08,1.93,1570.2,29.7,19606.39,79.3,0,Normal
B001222,2025-08-28,PLT03,B,SUP0090,Day,2099,246037.79,0.1028,1.74,7.25,2138.5,28.5,45164.67,71.6,0,Watch
B002826,2025-11-12,PLT08,A,SUP0063,Day,1857,169013.78,0.1065,9.37,8.58,1445.9,30.2,32968.25,69.3,0,Watch
B003520,2025-04-30,PLT07,D,sup0040,Day,849,143308.55,0.0932,5.27,4.34,1076.1,32.0,23151.03,85.6,0,Normal
B001175,2025-04-25,PLT08,D,SUP0133,Day,1107,200149.89,0.0833,1.41,3.78,1582.7,36.6,10948.26,82.5,0,Normal
B002701,2025-07-20,PLT06,A,SUP0142,Day,1258,99248.83,0.0603,2.52,16.55,1364.1,30.9,37342.31,72.2,0,Critical
B004909,2025-09-01,PLT08,A,SUP0140,Day,1220,111442.07,0.0855,2.16,6.51,1301.8,34.9,16745.68,84.4,0,Normal
B004392,2025-04-29,PLT05,C,SUP0146,Day,1360,192823.16,0.0636,4.83,0.86,1279.5,27.2,14410.21,69.9,0,Normal
B001331,2025-06-23,PLT10,C,SUP0087,Day,1370,197034.39,0.0935,3.67,1.96,1724.0,29.4,15338.82,74.3,0,Normal
B002343,2025-07-10,PLT03,C,SUP0169,Day,944,138371.68,0.0693,7.73,5.95,1262.9,28.1,22708.43,63.1,0,Watch
B000897,2025-02-16,PLT07,D,SUP0104,Day,929,158864.55,0.0674,3.37,5.34,1267.3,26.1,13542.18,80.4,0,Normal
B004972,2025-05-20,PLT02,B,SUP0158,Night,1166,134708.67,0.1271,0.72,9.51,1340.7,26.0,34000.45,69.6,0,Critical
B004929,2025-09-21,PLT02,A,SUP0023,Day,961,86336.7,0.0715,4.88,1.59,769.9,30.7,10361.39,79.8,0,Normal
B002611,2025-01-07,PLT01,C,SUP0171,Day,1424,207558.32,0.0833,6.77,1.72,1733.9,,27737.68,85.2,0,Normal
B004847,2025-04-21,PLT06,A,SUP0104,Night,2914,229125.05,0.1065,7.81,5.64,2554.8,,40480.95,70.9,0,Watch
B001091,2025-07-20,PLT09,C,SUP0076,Day,1180,191410.99,0.0734,0.84,4.07,1356.8,26.2,30233.04,81.1,0,Normal
B001947,2025-03-11,PLT07,C,SUP0075,Night,1381,190496.08,0.1217,2.89,9.0,1462.7,23.6,49578.76,74.3,1,Critical
B000945,2025-10-29,PLT06,D,SUP0156,Night,992,151490.57,0.0701,8.68,2.23,1488.3,27.9,19992.35,70.3,0,Normal
B003743,2025-04-20,PLT10,A,SUP0046 ,Day,1247,107851.37,0.1193,4.42,3.16,1076.0,25.3,13201.88,65.6,0,Normal
B002352,2025-01-10,PLT08,B,SUP0029,Day,841,99065.81,0.0939,4.81,3.83,738.0,16.1,13213.53,73.2,0,Normal
B001627,2025-12-23,PLT01,A,SUP0130,Day,1625,147908.56,0.1157,1.76,5.45,1084.0,23.0,27448.35,59.4,0,Watch
B002589,2025-05-05,PLT10,C,SUP0136,Day,1080,152936.06,0.0808,2.16,7.21,1524.1,21.4,24343.27,78.9,0,Watch
B003758,2025-07-23,PLT10,B,SUP0024,Day,1385,154389.84,0.0831,5.25,1.67,1662.3,31.2,-958.98,67.8,0,Normal
B001438,2025-11-12,PLT06,B,SUP0134,Day,2145,212962.9,0.0824,1.91,8.1,2088.9,26.9,36482.15,76.8,0,Watch
B004754,2025-10-03,PLT02,A,SUP0035,Night,3985,352805.94,0.0938,10.1,0.34,2726.0,19.5,43381.1,76.3,0,Normal
B003670,2025-06-07,PLT09,B,SUP0002,Day,1454,192754.96,0.1015,2.32,0.61,1451.0,27.3,29051.66,81.3,0,Normal
B002649,2025-09-16,PLT03,D,SUP0130,Night,2447,430137.63,0.1073,8.24,9.32,3486.2,30.1,111155.38,57.8,0,Critical
B000234,2025-02-02,PLT07,A,SUP0105,Day,886,73391.94,0.079,4.03,1.13,619.8,23.6,7637.65,66.5,0,Normal
B004645,2025-10-29,PLT01,D,SUP0104,Day,1982,346411.11,0.0856,5.08,2.05,3338.5,31.7,27765.1,77.9,0,Normal
B000799,2025-11-05,PLT05,B,SUP0029,Day,1424,157366.51,0.0735,2.54,6.51,1414.4,27.0,22874.35,99.8,0,Normal
B000634,2025-04-10,PLT05,A,SUP0176,Day,1384,123482.03,0.0879,1.41,3.17,899.2,35.1,16925.44,84.9,0,Normal
B002315,2025-12-22,PLT01,D,SUP0099,Day,1610,275741.81,0.0943,4.05,1.08,2499.3,23.3,25670.8,75.2,0,Normal
B000416,2025-09-25,PLT04,D,SUP0040,Night,1103,193045.45,0.0884,5.46,0.38,1326.1,21.9,17717.96,64.6,0,Normal
B002660,2025-12-03,PLT08,B,SUP0111,Day,974,115358.37,0.0997,6.75,6.38,970.7,16.5,21261.09,68.3,0,Watch
B002025,2025-07-03,PLT05,B,SUP0100,Day,1277,152788.19,0.0844,10.04,7.47,1027.8,32.5,37491.47,73.4,0,Critical
B002608,2025-04-21,PLT04,B,SUP0135,Day,1499,166436.04,0.0758,7.63,5.17,1768.7,26.4,25210.31,78.9,0,Normal
B003894,2025-11-26,PLT04,B,SUP0015,Night,1651,179129.03,0.1015,4.13,1.35,1442.6,13.7,22464.26,73.3,0,Normal
B003494,2025-07-13,PLT08,A,SUP0079,Day,929,86390.99,0.0826,6.22,3.86,737.3,34.5,14943.58,81.1,0,Watch
B000811,2025-08-06,PLT06,A,SUP0095,Day,1099,83847.21,0.0907,11.86,5.64,844.6,41.4,13049.12,76.4,0,Normal
B000018,2025-07-04,PLT08,B,SUP0152,Day,1190,142144.26,0.0927,3.26,9.26,1464.5,32.8,30972.92,59.1,0,High
B002534,2025-08-10,PLT08,A,SUP0067,Night,2091,189266.18,0.0824,12.6,1.26,1388.1,18.4,32931.88,72.5,0,Watch
B002463,2025-12-14,PLT03,D,SUP0177,Day,1379,247375.4,0.0788,14.88,6.85,1973.8,29.5,46427.07,64.4,0,Watch
B002092,2025-05-15,PLT02,A,SUP0040,Night,1112,97963.84,0.0805,1.52,2.11,728.3,23.4,15952.01,72.5,0,Normal
B002171,2025-02-13,PLT06,B,SUP0132,Night,1429,144716.02,0.1063,6.59,0.86,1225.1,,18614.82,56.8,0,Normal
B000597,2025-02-21,PLT07,A,SUP0102,Night,1484,124748.07,0.0637,0.92,1.19,1032.3,38.5,13095.96,84.3,0,Normal
B004409,2025-02-21,PLT02,D,SUP0145,Night,1483,258021.92,0.0737,5.06,3.61,2169.4,22.2,38191.49,63.7,0,Normal
B002195,2025-07-26,PLT01,D,SUP0116,Night,1501,255430.8,0.0689,2.91,1.42,2394.7,39.6,47138.6,74.6,0,Watch
B004398,2025-07-26,PLT02,B,SUP0054,Day,1639,189175.83,0.0905,1.96,9.95,1752.4,28.5,51442.73,81.5,0,Critical
B001558,2025-12-25,PLT09,D,SUP0084,Night,1447,288833.89,0.1082,2.31,2.68,2446.3,24.7,64563.47,64.0,0,High
B002245,2025-12-07,PLT02,C,SUP0056,Night,867,124301.08,0.0654,3.86,1.67,929.2,23.7,17741.0,80.1,0,Normal
B004440,2025-04-15,PLT08,C,SUP0093,Night,1510,225898.0,0.0833,10.32,2.1,1945.9,30.2,24850.8,64.3,1,Normal
B000372,2025-12-28,PLT10,C,SUP0128,Day,986,134654.48,0.1299,8.48,7.38,1160.0,25.4,34181.44,62.5,0,Critical
B003719,2025-05-28,PLT01,B,SUP0146,Night,2788,311673.67,0.0611,9.64,1.87,2639.5,25.2,49218.81,72.7,0,Normal
B002758,2025-01-08,PLT08,C,SUP0140,Day,1442,217000.01,0.0773,5.46,2.56,1646.5,24.9,26728.52,84.3,0,Normal
B003054,2025-09-08,PLT05,C,SUP0083,Night,1112,156833.35,0.0955,4.4,4.89,1462.0,17.3,22686.43,78.0,0,Normal
B000599,2025-11-06,PLT01,A,SUP0176 ,Day,1158,101631.0,0.1215,1.11,0.51,928.2,26.4,17524.3,76.7,0,Watch
B000677,2025-05-12,PLT06,A,SUP0062,Night,1078,83677.71,0.0952,1.35,6.96,826.2,30.9,23435.49,75.1,0,Critical
B000239,2025-07-24,PLT05,D,SUP0077 ,Night,1391,244294.14,0.0949,5.33,11.18,1990.9,26.7,75062.78,77.4,0,Critical
B004013,2025-11-25,PLT06,C,SUP0171,Night,2962,373976.04,0.0883,12.11,5.22,3751.8,,74473.12,66.7,0,Watch
B004265,2025-08-19,PLT03,A,SUP0059,Night,1197,107258.32,0.0734,5.26,1.52,877.8,35.7,10527.12,64.7,0,Normal
B001213,2025-10-21,PLT09,C,SUP0002,Day,952,154478.88,0.0991,9.8,1.8,1343.7,27.4,15619.12,70.9,1,Normal
B001850,2025-01-21,PLT06,A,SUP0178,Day,2241,174914.72,0.1251,,2.51,1553.1,26.8,25819.4,70.2,0,Normal
B002043,2025-03-17,PLT07,C,SUP0012,Night,973,133581.49,0.132,8.69,0.66,984.4,24.8,19975.78,69.7,0,Normal
B001363,2025-06-25,PLT04,B,SUP0057,Night,1984,219156.09,0.0722,6.48,2.76,1913.8,24.6,29604.81,82.2,0,Normal
B004370,2025-08-11,PLT03,C,SUP0002,Day,1285,188537.15,0.0795,3.92,0.64,1624.5,18.1,12868.4,80.3,0,Normal
B003535,2025-08-16,PLT02,A,SUP0060,Day,1162,105169.04,0.0848,15.03,4.3,811.8,29.4,19873.07,66.8,0,Watch
B003167,2025-03-18,PLT06,A,SUP0116,Day,1067,82357.89,0.0641,8.03,6.38,815.6,29.8,10192.69,83.2,0,Normal
B002805,2025-07-01,PLT04,B,SUP0068,Day,1315,144684.12,0.0884,2.31,3.44,,18.0,19663.09,85.5,0,Normal
B004257,2025-09-28,PLT08,D,SUP0163,Day,1035,186757.17,0.118,6.26,7.8,1611.8,29.9,39858.45,67.6,0,High
B003863,2025-12-29,PLT03,D,SUP0163,Day,957,172881.77,0.1477,2.66,1.02,1466.2,29.6,27386.05,59.8,0,Normal
B002830,2025-07-22,PLT08,C,SUP0014 ,Night,1781,272318.54,0.0369,2.07,4.73,2134.7,25.1,35985.76,92.0,0,Normal
B002368,2025-02-14,PLT07,D,SUP0169,Day,2498,425363.47,0.0598,6.84,4.02,4253.4,24.9,62607.0,74.4,0,Normal
B001757,2025-01-20,PLT09,A,SUP0032,Day,1916,190309.06,0.0538,2.98,7.17,1515.4,20.1,29940.56,92.5,0,Normal
B004297,2025-01-02,PLT05,C,SUP0166,Day,1331,187025.41,0.0657,3.81,7.65,1816.3,28.2,36333.73,74.1,0,Watch
B004290,2025-03-13,PLT05,A,SUP0160,Day,3079,270498.23,0.057,3.38,1.6,1920.8,25.6,33095.63,89.9,0,Normal
B002415,2025-10-20,PLT01,A,SUP0108,Day,2406,213426.75,0.1278,3.84,7.88,1852.0,34.0,39168.15,59.2,0,Watch
B004009,2025-12-21,PLT07,B,SUP0054,Day,1406,154800.43,0.1142,6.46,3.39,1392.8,29.1,22660.11,75.7,1,Normal
B003675,2025-12-01,PLT06,D,SUP0073,Day,1285,196243.9,0.1052,6.28,4.48,2154.9,37.8,34475.6,85.0,0,Watch
B003558,2025-07-05,PLT02,B,SUP0101,Day,1970,224089.78,0.0914,5.67,6.73,2011.9,28.5,40329.44,66.4,0,Watch
B004113,2025-06-11,PLT04,C,SUP0148,Day,881,123165.8,0.0999,3.52,2.81,1431.5,29.8,15969.08,75.9,0,Normal
B000622,2025-09-17,PLT09,B,SUP0016,Day,945,118698.15,0.1072,5.93,3.41,989.7,20.9,17877.18,76.7,0,Normal
B002342,2025-12-19,PLT09,D,SUP0082,Day,1044,203641.0,0.1175,3.67,3.13,1492.9,29.8,33693.07,72.0,0,Normal
B003703,2025-03-01,PLT02,B,SUP0115,Day,1522,174339.43,0.082,5.34,3.29,1416.7,21.3,6915.38,68.8,0,Normal
B000567,2025-11-14,PLT02,B,SUP0028,Day,1270,145616.41,0.073,2.95,4.05,1090.8,,17216.13,80.6,0,Normal
B001515,2025-05-27,PLT10,B,SUP0128,Night,1169,131889.56,0.1381,0.9,7.43,1312.2,20.4,22602.91,63.6,0,Watch
B002521,2025-09-12,PLT05,C,SUP0169,Day,1468,213408.6,0.0756,5.68,2.62,1615.9,29.0,41460.6,86.0,0,Watch
B001216,2025-08-21,PLT07,A,SUP0106,Night,1320,111372.06,0.0905,8.98,5.94,1321.9,30.9,20546.28,75.8,0,Watch
B000052,2025-04-28,PLT04,A,SUP0131,Day,770,65485.54,0.1016,7.67,1.56,583.6,27.9,9189.45,70.6,0,Normal
B002211,2025-08-01,PLT05,D,SUP0104,Night,1431,250914.43,0.0797,7.03,4.64,2291.6,25.7,44671.99,76.7,0,Watch
B000808,2025-02-16,PLT07,C,SUP0007,Night,1002,135796.05,0.0687,7.16,3.43,1122.1,30.1,12037.13,76.8,0,Normal
B002703,2025-07-22,PLT01,C,SUP0147,Day,1312,188611.71,0.1321,12.13,2.12,1229.9,20.1,27419.46,58.7,0,Normal
B004184,2025-03-04,PLT08,C,SUP0059,Day,1501,231847.36,0.0876,1.75,5.02,1976.4,27.8,25249.89,66.0,0,Normal
B000535,2025-08-01,PLT03,B,SUP0141,Day,1455,166181.71,0.0956,3.3,9.21,1411.9,31.3,26970.78,60.5,1,Watch
B003250,2025-06-30,PLT01,C,SUP0059,Day,1484,213497.53,0.0939,2.51,4.76,2071.8,25.8,33629.2,74.3,0,Normal
B003962,2025-10-04,PLT10,C,SUP0133,Day,1182,166711.51,0.1149,8.26,3.91,1461.7,,24442.99,62.3,0,Normal
B000444,2025-08-30,PLT04,B,SUP0091,Day,549,61473.93,0.1205,1.5,0.8,497.7,45.5,8505.11,73.8,0,Normal
B001002,2025-07-10,PLT04,B,SUP0109,Day,1490,163388.97,0.1094,2.97,16.09,1538.2,26.0,47478.05,72.3,0,Critical
B000196,2025-08-12,PLT03,A,SUP0004,Night,648,59254.85,0.0861,7.12,0.41,456.8,28.4,5236.64,73.3,0,Normal
B001421,2025-07-08,PLT01,B,SUP0086,Day,747,82005.67,0.0989,0.9,3.83,686.1,35.9,10652.69,79.3,0,Normal
B000813,2025-09-29,PLT04,A,sup0023,Night,1679,138976.03,0.0674,9.83,1.73,1268.7,13.2,11139.09,75.9,0,Normal
B001875,2025-06-25,PLT04,D,SUP0072,Day,2208,362893.71,0.1049,7.75,2.64,3014.3,39.0,56659.13,70.1,0,Normal
B004456,2025-12-12,PLT09,A,SUP0162,Day,712,71641.85,0.0476,5.92,5.56,,25.9,10615.37,74.9,0,Normal
B003064,2025-09-20,PLT06,C,SUP0111,Night,2109,276496.23,0.1272,5.27,7.34,2395.5,,69726.64,69.6,0,Critical
B004308,2025-12-16,PLT07,B,SUP0014,Day,1094,120149.83,0.0518,5.67,10.24,1277.0,27.5,21135.55,89.9,0,Watch
B003271,2025-04-01,PLT10,C,SUP0122,Day,1098,159601.64,0.0709,2.38,0.75,1340.4,33.1,16409.24,75.9,0,Normal
B002610,2025-05-06,PLT08,A,SUP0002,Day,3457,315245.68,0.0743,10.01,6.25,2814.9,25.8,38846.8,86.0,0,Normal
B003934,2025-12-21,PLT04,B,SUP0155,Night,2101,235536.3,0.0916,1.2,1.99,2019.9,30.4,28024.13,81.0,0,Normal
B004191,2025-10-09,PLT01,C,SUP0133,Night,1366,190991.65,0.1472,0.41,0.39,1395.0,31.0,30975.77,70.9,0,Normal
B000645,2025-07-27,PLT10,A,SUP0050,Night,1900,161638.86,0.107,2.47,4.31,1681.0,28.2,20869.62,59.0,0,Normal
B002285,2025-12-13,PLT09,C,SUP0150,Night,1779,297898.77,0.0866,3.35,1.89,2210.9,27.0,47859.09,57.6,0,Normal
B003592,2025-04-24,PLT10,A,SUP0162,Night,3056,270157.82,0.0693,10.65,2.49,2228.6,21.8,37021.33,75.1,0,Normal
B002578,2025-01-20,PLT09,A,SUP0131,Day,1287,126752.74,0.1285,6.96,0.63,886.4,21.7,16052.19,77.4,0,Normal
B004448,2025-03-29,PLT07,C,SUP0166,Day,2406,326413.5,0.0433,3.23,0.83,3336.3,31.1,39763.85,90.0,0,Normal
B000121,2025-10-26,PLT02,B,SUP0173,Day,569,63656.15,0.1029,3.47,0.82,572.2,19.3,10471.3,68.7,0,Normal
B001269,2025-05-28,PLT10,B,SUP0149,Night,1854,207768.12,0.0927,5.09,4.08,1781.0,35.3,35759.87,58.9,0,Watch
B004614,2025-08-14,PLT05,A,sup0176,Day,1258,109328.46,0.0982,3.16,2.78,745.0,39.3,12187.17,72.5,0,Normal
B004939,2025-11-13,PLT09,D,SUP0077,Night,2496,490518.23,0.0919,3.01,4.59,3794.5,27.5,79363.08,80.9,0,Normal
B002496,2025-05-24,PLT01,C,SUP0070,Day,1100,157211.99,0.0694,4.2,2.02,1229.3,34.8,16573.99,70.5,0,Normal
B002023,2025-06-19,PLT05,A,SUP0098,Day,2121,185993.79,0.056,0.67,4.9,1577.7,25.8,29549.58,90.8,0,Normal
B000135,2025-11-15,PLT04,B,SUP0101,Day,1293,143181.96,0.086,5.22,5.15,1207.5,28.2,26658.66,78.9,0,Watch
B002790,2025-07-07,PLT02,A,SUP0177,Night,573,51372.24,0.0916,1.4,5.0,,26.1,7753.5,74.8,0,Normal
B003858,2025-02-14,PLT01,B,SUP0101,Night,1073,121544.35,0.1056,3.68,4.56,992.2,27.5,16287.14,70.0,0,Normal
B004767,2025-10-24,PLT10,C,SUP0148,Night,1544,224786.4,0.0991,8.9,1.93,2075.8,38.4,29595.43,69.6,0,Normal
B000185,2025-03-20,PLT06,A,SUP0176,Day,996,76615.81,0.0859,3.41,4.02,719.4,18.3,11676.13,77.7,0,Normal
B001361,2025-07-30,PLT08,A,SUP0008,Day,1507,136446.77,0.0713,2.86,5.51,1376.3,31.9,14616.36,64.9,0,Normal
B001704,2025-03-14,PLT07,A,SUP0174 ,Day,757,63908.22,0.0886,5.6,2.64,618.8,23.6,7706.21,76.6,1,Normal
B000512,2025-12-02,PLT05,B,SUP0171,Day,1037,116459.06,0.0823,5.98,5.75,1079.1,20.9,13667.6,80.8,0,Normal
B000878,2025-07-25,PLT05,A,SUP0021,Night,1928,172471.24,0.1166,12.05,1.43,1433.7,,25231.36,61.8,0,Normal
B000063,2025-12-29,PLT06,C,SUP0118,Day,1622,211049.9,0.0716,1.97,4.87,2052.2,30.2,25299.06,69.8,0,Normal
B004787,2025-11-15,PLT10,B,SUP0172,Night,1134,126121.07,0.1046,2.43,4.84,1261.9,21.9,25354.58,64.8,0,High
B002723,2025-04-23,PLT04,B,SUP0020,Night,1078,118786.05,0.0926,4.1,6.85,978.2,27.9,26513.05,68.2,0,High
B003788,2025-01-02,PLT06,D,SUP0137,Night,1103,167685.09,0.1106,5.8,4.08,1811.6,12.0,33622.88,78.3,0,High
B002576,2025-11-20,PLT01,A,SUP0129,Day,1429,125577.72,0.0811,3.81,3.16,1096.8,21.9,16797.69,76.8,0,Normal
B000777,2025-08-21,PLT09,B,SUP0070,Day,918,119284.71,0.086,6.77,4.17,1058.2,42.6,20046.66,69.9,0,Watch
B000252,2025-03-27,PLT02,B,SUP0134,Night,3400,389887.04,0.0549,3.51,7.69,2762.4,27.9,68995.08,80.0,0,Watch
B002395,2025-05-09,PLT09,D,SUP0130,Day,996,200569.17,0.1107,2.68,,1457.1,22.7,22220.77,77.4,0,Normal
B000860,2025-12-03,PLT08,A,SUP0124,Day,1414,130963.73,0.0898,5.17,3.55,1193.5,21.9,12883.78,76.0,1,Normal
B003761,2025-04-11,PLT06,A,SUP0033,Night,1213,96085.17,0.0918,0.25,4.7,943.4,30.0,17103.39,74.7,0,Watch
B002657,2025-02-25,PLT04,D,SUP0116,Day,1413,231601.79,0.0767,8.39,11.36,2457.0,26.9,268894.07,74.9,0,Normal
B003389,2025-06-29,PLT04,C,SUP0092,Night,806,113316.94,0.0575,13.2,4.72,907.9,28.0,13132.15,64.1,0,Normal
B000123,2025-05-04,PLT01,B,SUP0101,Day,1078,118276.02,0.0644,7.81,2.41,1067.5,24.3,12160.73,81.7,0,Normal
B003711,2025-09-17,PLT05,A,SUP0165,Night,1049,91647.0,0.049,3.86,6.97,838.4,26.4,9740.73,77.0,0,Normal
B001169,2025-05-07,PLT07,B,SUP0029,Day,1287,143765.97,0.096,,3.46,1474.0,29.9,17620.45,70.7,0,Normal
B001942,2025-01-31,PLT08,B,SUP0066,Night,1183,143330.8,0.0753,9.95,2.01,1284.6,27.1,14542.02,70.2,0,Normal
B003808,2025-04-07,PLT06,B,SUP0082,Night,2088,206240.25,0.1132,4.57,2.66,1948.3,,34243.31,62.7,0,Normal
B000568,2025-07-28,PLT06,A,SUP0054,Night,813,63503.46,0.1258,13.12,4.11,668.7,12.0,12092.52,74.0,0,Watch
B002371,2025-04-03,PLT06,C,SUP0023,Night,1707,219701.93,0.1139,13.46,12.02,2004.2,27.4,71855.15,71.4,0,Critical
B003251,2025-08-29,PLT09,C,SUP0180,Night,914,150901.64,0.1011,11.03,6.29,1028.5,20.3,36965.89,67.1,0,Critical
B001534,2025-04-25,PLT10,B,SUP0033,Day,2334,256892.22,0.109,4.07,3.7,1854.6,28.1,34655.65,72.9,0,Normal
B004215,2025-01-23,PLT04,C,SUP0013,Day,1568,220061.45,0.0651,4.35,3.67,1758.6,36.1,19163.25,72.6,0,Normal
B004986,2025-02-11,PLT05,C,SUP0069,Day,1369,196932.6,0.0907,2.64,2.93,1773.6,31.9,23924.68,73.9,0,Normal
B001894,2025-05-05,PLT01,A,SUP0100,Day,1466,129273.99,0.1056,8.06,3.02,1029.9,32.0,18888.97,76.3,0,Normal
B001492,2025-06-07,PLT04,C,SUP0152,Night,1751,247570.22,0.1018,3.77,13.64,2462.3,25.0,71912.73,64.0,0,Critical
B004771,2025-07-04,PLT01,D,SUP0003,Day,2906,495494.08,0.0778,1.7,4.06,4555.1,20.9,69986.99,78.4,0,Normal
B004201,2025-04-30,PLT04,B,SUP0049,Day,1332,147713.61,0.1073,10.57,5.52,1358.7,25.3,21136.9,62.3,0,Normal
B000721,2025-09-23,PLT05,D,SUP0156,Day,1834,319525.73,0.078,0.63,1.56,2644.5,32.4,38272.95,77.6,0,Normal
B002765,2025-02-26,PLT04,D,SUP0141,Night,849,148576.44,0.0783,4.91,1.63,1454.9,34.5,11670.3,66.3,0,Normal
B002078,2025-11-18,PLT04,B,SUP0032,Night,1768,189180.95,0.0726,5.64,3.4,1879.8,23.7,16602.73,76.8,0,Normal
B001457,2025-11-23,PLT06,B,SUP0020,Day,2188,218145.41,0.1026,4.92,1.34,2099.6,20.9,11482.87,66.3,0,Normal
B004358,2025-04-17,PLT02,C,SUP0044,Day,1391,204154.12,0.0958,6.55,,1721.2,28.4,23829.81,74.3,0,Normal
B003261,2025-03-15,PLT09,A,SUP0065,Night,1832,183012.29,0.0623,3.28,1.93,1315.4,24.2,19231.44,80.8,0,Normal
B000603,2025-01-16,PLT10,A,SUP0153,Night,1188,100972.29,0.0409,7.24,1.7,751.2,14.7,9426.0,87.0,0,Normal
B002100,2025-07-03,PLT10,C,SUP0164,Night,1855,262387.23,0.0637,4.45,2.27,2000.2,25.1,26174.86,96.9,0,Normal
B001570,2025-05-18,PLT01,A,SUP0033,Night,2201,189574.16,0.1085,5.67,2.79,1687.3,19.0,36262.95,67.3,0,Watch
B001102,2025-05-27,PLT01,A,SUP0174,Night,1227,106313.55,0.0946,5.46,6.75,896.5,25.4,18213.99,71.7,0,Watch
B003526,2025-09-12,PLT09,D,SUP0032,Night,1445,291283.45,0.0674,8.34,3.45,2167.2,36.7,30030.8,79.3,0,Normal
B000319,2025-12-20,PLT05,B,SUP0144,Night,1177,132132.12,0.0898,8.37,8.14,1527.0,18.3,28296.82,72.7,0,High
B004498,2025-02-14,PLT05,D,SUP0032,Night,1369,242111.64,0.0542,0.3,0.77,2062.4,23.4,25114.3,82.7,0,Normal
B001294,2025-01-12,PLT10,C,SUP0168,Day,680,96114.23,0.1016,9.67,1.23,882.9,32.5,12906.37,73.3,0,Normal
B000275,2025-07-26,PLT09,A,SUP0060,Night,737,74938.22,0.0813,3.11,5.91,601.4,34.0,13811.99,81.0,0,Watch
B002963,2025-06-28,PLT10,B,SUP0001,Day,2284,255687.42,0.0677,4.14,8.87,2546.8,28.7,59185.82,67.2,0,Critical
B000550,2025-04-04,PLT09,B,SUP0180,Day,945,123304.86,0.0609,2.19,4.24,1011.4,32.0,12593.64,80.9,0,Normal
B002224,2025-05-04,PLT10,B,SUP0160,Day,1129,124808.74,0.0399,9.4,3.68,1034.3,24.0,19072.28,79.5,0,Normal
B003902,2025-12-17,PLT10,C,SUP0179,Day,1167,164293.13,0.0748,2.44,4.71,1566.3,35.6,29552.33,75.2,0,Watch
B004943,2025-05-17,PLT06,B,SUP0135,Day,1725,173211.27,0.0552,1.1,,1931.8,29.0,33175.85,85.4,0,Watch
B004550,2025-05-06,PLT07,B,SUP0132,Day,1083,119835.24,0.1012,0.65,8.32,1107.3,38.2,26347.6,72.3,0,High
B000606,2025-01-01,PLT02,D,SUP0163,Day,785,137621.69,0.1121,4.36,3.73,1241.3,35.8,25871.11,68.2,0,Watch
B002260,2025-04-05,PLT03,C,SUP0061,Night,1412,208838.42,0.0763,1.48,2.35,1836.1,20.8,19259.04,80.7,0,Normal
B000528,2025-04-04,PLT10,B,SUP0119,Day,1241,136998.37,0.1282,4.32,7.9,1679.5,26.3,26059.76,65.5,0,High
B002516,2025-01-23,PLT10,A,SUP0008 ,Day,1109,95212.95,0.0853,4.66,2.84,670.5,27.7,12600.7,74.2,0,Normal
B002353,2025-03-02,PLT01,C,SUP0149,Day,1182,168237.09,0.098,0.74,14.69,1603.5,26.4,40916.9,72.9,0,Critical
B002457,2025-03-05,PLT01,C,SUP0131,Day,1817,259411.41,0.0975,9.86,2.41,2262.2,30.8,32531.68,74.3,0,Normal
B003846,2025-07-08,PLT08,B,SUP0082,Day,2305,269940.66,0.0852,11.41,4.76,1986.6,31.8,36870.91,75.2,0,Normal
B004955,2025-07-23,PLT10,B,SUP0065,Day,2347,255308.91,0.0848,12.77,2.95,2018.5,34.4,33895.92,69.8,0,Normal
B001874,2025-12-14,PLT03,B,SUP0060,Day,1612,188229.91,0.1021,5.96,4.49,1473.5,22.5,14398.89,63.2,0,Normal
B003215,2025-01-12,PLT04,C,SUP0114,Day,1347,184927.92,0.1398,4.64,1.89,1541.2,33.5,20523.2,65.5,1,Normal
B000299,2025-08-21,PLT03,B,SUP0091,Day,2667,306115.13,0.165,3.78,4.1,2700.6,22.7,73675.84,49.3,1,High
B001136,2025-03-19,PLT08,A,SUP0041,Night,1429,131756.94,0.1401,,5.31,1112.7,18.4,33285.86,62.2,0,Critical
B002586,2025-11-05,PLT06,D,SUP0029,Night,1148,176619.66,0.0537,1.24,10.74,1934.0,24.9,38567.71,81.1,0,High
B001878,2025-03-14,PLT01,C,SUP0077,Night,1215,171207.06,0.0791,5.73,2.71,1365.1,18.2,25891.68,60.0,0,Normal
B004773,2025-05-04,PLT01,A,SUP0019,Night,1341,119240.92,0.0569,4.16,4.17,1047.9,21.4,9541.69,73.5,0,Normal
B004995,2025-02-05,PLT02,C,SUP0087,Day,1126,163930.38,0.0781,4.61,6.09,1514.1,28.5,33041.7,81.3,0,Watch
B004075,2025-05-14,PLT10,B,SUP0135,Day,735,83001.64,0.039,1.8,3.0,687.4,29.7,7898.18,86.3,0,Normal
B001616,2025-12-24,PLT08,B,SUP0160,Day,1468,176073.72,0.0702,2.73,3.65,1553.9,33.9,26388.95,74.0,0,Normal
B004949,2025-05-21,PLT01,B,SUP0060,Night,2039,226877.47,0.0925,4.99,1.83,1524.0,20.5,26508.38,76.5,0,Normal
B000151,2025-09-10,PLT04,B,SUP0144,Day,1138,124430.02,0.1003,,0.69,,36.1,10208.61,77.3,0,Normal
B000757,2025-01-21,PLT01,D,SUP0073,Night,1359,239314.81,0.0682,0.82,2.08,2031.5,29.8,26767.25,68.7,0,Normal
B001053,2025-02-12,PLT04,C,SUP0073,Day,1532,209780.96,0.0752,7.47,1.44,1861.8,26.6,25521.57,70.0,0,Normal
B002520,2025-10-13,PLT04,C,sup0012,Night,758,106232.66,0.1601,2.58,3.95,1009.5,29.0,25133.0,70.8,0,High
B004256,2025-11-19,PLT10,B,SUP0143,Day,1297,142478.22,0.0874,4.67,4.87,1227.5,37.3,19475.04,71.3,0,Normal
B001484,2025-10-13,PLT03,A,SUP0093,Night,1918,169063.89,0.0968,5.22,1.8,1810.9,26.1,26709.71,80.7,0,Normal
B001116,2025-04-11,PLT04,D,SUP0144,Night,1832,307597.11,0.1084,3.11,4.94,2435.7,36.5,59616.71,62.7,0,Watch
B003066,2025-04-26,PLT08,C,SUP0146,Day,671,103239.16,0.0608,5.63,2.64,860.2,29.9,5294.37,79.1,0,Normal
B002255,2025-01-06,PLT01,B,SUP0177,Night,1614,181762.48,0.0882,1.9,0.62,1510.4,38.8,21652.91,68.4,0,Normal
B000377,2025-06-15,PLT09,C,SUP0101,Day,943,155598.2,0.1143,4.94,1.25,1064.4,34.9,12269.06,69.6,0,Normal
B002104,2025-05-04,PLT08,B,SUP0120,Day,1598,193226.68,0.1052,9.07,3.56,1818.5,30.1,25387.05,74.9,0,Normal
B004223,2025-05-30,PLT02,B,SUP0026,Day,3171,363174.26,0.0728,4.13,5.43,3117.0,23.7,62455.65,77.7,0,Watch
B002340,2025-03-18,PLT05,A,SUP0033,Day,1561,135857.74,0.1026,8.18,5.15,1266.4,36.3,27444.46,71.7,1,High
B003945,2025-12-27,PLT04,C,SUP0106 ,Day,1161,161732.54,0.0965,4.25,4.4,1568.6,30.2,29620.17,74.1,0,Watch
B000379,2025-01-09,PLT02,C,SUP0177,Day,924,136496.65,0.0962,2.75,2.57,1034.0,32.7,14863.91,77.4,0,Normal
B002776,2025-05-14,PLT03,B,SUP0001,Night,1198,142283.59,0.0763,3.94,0.6,1133.2,30.1,15951.42,76.2,0,Normal
B004136,2025-11-03,PLT03,B,SUP0152,Day,978,112988.57,0.0917,2.96,1.66,862.8,29.6,15125.48,81.8,0,Normal
B004421,2025-10-09,PLT05,B,SUP0104,Night,1102,123780.48,0.076,1.39,4.03,854.6,21.0,17602.19,79.7,0,Normal
B000908,2025-02-02,PLT04,B,SUP0108,Day,1934,214193.34,0.0943,1.08,6.91,1937.2,31.1,39624.04,70.4,0,Watch
B001371,2025-09-02,PLT01,B,SUP0128,Night,1021,114552.94,0.1271,1.7,3.53,1117.9,36.0,21824.32,70.9,0,Watch
B001955,2025-10-12,PLT08,C,SUP0154,Day,1229,185936.64,0.0542,7.37,2.66,1341.4,31.0,14351.91,92.3,0,Normal
B001722,2025-07-08,PLT04,B,SUP0109,Night,1827,195523.72,0.095,4.03,13.15,1784.9,32.6,55046.61,66.2,0,Critical
B003314,2025-02-15,PLT04,C,SUP0043,Night,2070,283012.91,0.0695,1.08,4.57,3096.6,29.7,45236.98,76.7,0,Normal
B003056,2025-04-09,PLT10,A,SUP0176,Night,1286,108669.33,0.0864,8.7,3.76,1035.0,15.6,20694.91,70.5,0,High
B001870,2025-01-28,PLT03,A,SUP0082,Day,1310,118165.72,0.1077,5.42,4.74,1086.0,20.7,19191.86,61.8,0,Watch
B003916,2025-08-22,PLT03,A,SUP0175,Night,994,90354.89,0.1062,1.83,7.59,894.1,28.0,23140.51,75.9,0,Critical
B004635,2025-09-10,PLT04,B,SUP0177,Day,1480,162757.78,0.0734,5.32,4.44,1646.3,,26014.77,73.3,0,Normal
B000795,2025-01-15,PLT02,A,SUP0106,Night,2173,194316.48,0.0538,3.31,1.15,1472.6,33.7,12092.52,84.6,0,Normal
B002553,2025-08-05,PLT02,D,SUP0017,Day,1787,312904.83,0.0634,4.45,3.21,2549.3,26.4,47147.68,65.9,0,Normal
B000842,2025-04-08,PLT07,A,SUP0128,Day,2135,179523.3,0.1182,9.2,2.43,1298.8,24.0,34278.4,60.7,0,Watch
B003338,2025-04-20,PLT08,A,SUP0071,Day,1558,144609.37,0.0959,0.75,5.64,1086.4,34.5,23939.64,68.8,0,Normal
B001703,2025-12-24,PLT03,B,SUP0081,Day,1351,154189.6,0.0564,3.74,2.02,1458.6,38.3,15301.64,81.1,0,Normal
B000176,2025-07-10,PLT06,B,SUP0177,Day,1650,164600.01,0.1168,3.46,5.11,1616.4,35.9,29725.0,67.7,0,Watch
B001809,2025-03-14,PLT08,A,SUP0128,Day,1303,120092.01,0.128,4.53,10.5,1080.7,29.1,32877.64,65.0,0,Critical
B002793,2025-04-15,PLT01,B,SUP0148,Day,2013,228561.24,0.0813,2.44,7.14,1722.2,30.1,40313.6,79.5,0,Watch
B003671,2025-02-04,PLT04,A,SUP0151,Day,1128,94515.51,0.1065,16.49,2.84,892.6,,19097.93,70.2,0,High
B000046,2025-03-11,PLT04,A,SUP0142,Day,1463,125376.99,0.0534,9.53,7.1,1250.5,25.5,25022.72,87.7,0,Watch
B002808,2025-04-08,PLT03,A,SUP0116,Day,1930,172451.92,0.0988,3.31,4.56,1368.0,30.8,23505.58,73.0,0,Normal
B002459,2025-09-18,PLT04,C,SUP0140,Night,1427,198584.34,0.0876,3.55,1.38,1833.9,28.5,21278.16,67.8,0,Normal
B001756,2025-09-20,PLT03,D,SUP0165,Day,2849,515305.47,0.0754,1.78,2.77,3994.6,33.3,65929.02,80.3,0,Normal
B002887,2025-10-18,PLT09,D,SUP0132,Night,1848,362031.06,0.0639,13.79,3.63,2629.9,25.2,56962.89,69.9,0,Normal
B001718,2025-12-26,PLT01,B,SUP0019,Day,1327,149703.13,0.0535,3.34,2.84,1158.6,,7704.37,76.9,0,Normal
B002501,2025-11-16,PLT02,B,SUP0053,Day,1499,170159.44,0.0875,3.06,2.2,1727.9,27.0,22457.46,79.3,0,Normal
B003608,2025-12-19,PLT09,D,SUP0057,Day,1329,264686.26,0.092,1.97,4.66,2114.6,30.0,44284.52,70.0,0,Watch
B002935,2025-12-20,PLT04,C,SUP0003,Night,1564,213519.97,0.1176,5.3,4.61,2157.8,38.2,35393.78,67.2,1,Normal
B003793,2025-04-23,PLT07,A,SUP0062,Day,1277,107444.25,0.0792,3.08,6.37,900.3,24.6,16154.85,69.5,0,Normal
B001741,2025-05-17,PLT01,C,SUP0047,Day,1224,171371.69,0.0851,5.63,2.99,1481.9,34.9,21081.16,60.4,0,Normal
B003162,2025-08-07,PLT05,B,SUP0041,Day,2097,232287.4,0.1231,5.78,5.62,2048.8,27.0,36265.42,70.2,0,Normal
B002472,2025-09-23,PLT03,B,SUP0061,Day,954,110190.58,0.0431,1.76,9.51,1074.0,25.6,17923.68,87.0,0,Watch
B000284,2025-09-22,PLT05,A,SUP0153,Day,1213,108174.8,0.0387,16.09,6.61,837.7,22.8,19393.41,78.5,0,Watch
B004049,2025-01-02,PLT03,C,SUP0018,Day,855,129339.43,0.0812,5.26,3.63,1016.4,32.7,16201.06,79.4,0,Normal
B001449,2025-04-25,PLT04,D,SUP0053,Night,2428,416120.99,0.1049,11.08,7.55,3255.0,24.0,75186.81,66.9,0,Watch
B001433,2025-04-20,PLT10,C,SUP0009,Day,1385,195110.64,0.0567,3.02,4.57,1782.5,32.8,26193.8,84.0,0,Normal
B003610,2025-04-11,PLT10,C,SUP0131,Day,935,135011.94,0.1326,12.12,6.74,1246.0,20.0,31524.87,65.7,0,Critical
B003096,2025-07-25,PLT07,B,SUP0026,Day,994,106723.04,0.106,7.12,8.68,1119.5,31.9,23649.35,68.2,0,High
B004908,2025-08-31,PLT04,B,SUP0165,Day,787,87061.32,0.0486,8.64,4.59,906.9,22.6,11461.1,81.8,0,Normal
B001076,2025-10-18,PLT02,D,SUP0125,Day,1055,184098.61,0.0791,2.62,13.23,1588.9,34.9,39679.02,81.7,0,High
B003039,2025-06-01,PLT04,D,SUP0084,Night,897,154495.52,0.1195,5.98,10.05,1414.8,23.0,46962.56,70.6,0,Critical
B004804,2025-06-28,PLT09,A,SUP0037,Day,1705,171699.54,0.0853,6.76,1.14,1309.1,22.9,11194.47,72.6,0,Normal
B002603,2025-04-28,PLT07,A,SUP0118,Day,1044,88983.49,0.0465,8.5,4.26,663.2,33.9,7856.85,78.5,0,Normal
B003640,2025-12-30,PLT08,A,SUP0129,Night,1019,93442.56,0.0609,7.81,4.43,720.4,23.1,17644.65,78.2,1,Watch
B002747,2025-06-12,PLT08,B,SUP0109,Day,1315,158391.85,0.0953,1.56,1.76,1212.0,30.3,20029.64,81.1,0,Normal
B002362,2025-09-20,PLT03,A,SUP0116,Day,1393,124446.5,0.0738,2.83,0.7,866.4,34.3,14564.99,75.8,0,Normal
B004153,2025-06-14,PLT03,C,SUP0126,Day,1333,199001.54,0.0811,0.66,2.92,1821.3,31.2,28436.49,80.2,0,Normal
B001056,2025-04-23,PLT02,C,SUP0099,Day,1368,196750.62,0.0776,14.89,4.52,1731.7,32.1,32319.34,73.8,0,Normal
B000978,2025-10-09,PLT07,C,SUP0012,Night,855,118165.83,0.1334,14.9,6.6,1252.2,28.7,28022.78,66.3,0,Critical
B004605,2025-05-09,PLT03,A,SUP0105,Night,1881,166930.08,0.0979,2.6,6.99,1439.4,19.3,39232.23,72.5,0,High
B001873,2025-10-29,PLT10,A,SUP0102,Day,1389,118253.49,0.0944,1.92,5.56,1131.4,27.9,23365.79,74.7,0,High
B001540,2025-09-22,PLT10,B,SUP0090,Night,1251,138081.57,0.1034,4.39,2.75,1346.2,25.0,31021.31,69.3,0,Critical
B004938,2025-05-06,PLT01,B,SUP0067,Night,1226,137985.85,0.0662,1.86,5.27,1252.7,24.1,30738.8,85.8,0,High
B000100,2025-03-27,PLT04,B,SUP0132,Night,1519,171691.64,0.1657,6.96,1.11,1419.0,25.1,30743.0,62.4,0,Watch
B001740,2025-01-01,PLT10,C,SUP0030,Night,760,108786.22,0.1188,2.2,2.36,906.5,26.8,16680.84,60.5,0,Normal
B004406,2025-04-18,PLT01,C,SUP0071,Night,1177,165113.49,0.1046,7.86,6.98,1554.7,22.2,36210.01,72.0,0,High
B001733,2025-06-02,PLT03,A,SUP0139,Night,1043,92947.69,0.0711,5.61,4.53,875.8,30.5,17485.68,76.0,0,Watch
B002198,2025-12-24,PLT03,B,SUP0160,Night,955,112175.28,0.0691,2.17,2.42,908.4,23.9,14582.66,69.3,0,Normal
B000352,2025-07-06,PLT08,A,SUP0019,Day,1538,141354.56,0.0658,10.47,0.95,1099.4,28.9,19312.05,71.3,0,Normal
B002788,2025-11-14,PLT07,A,SUP0028,Night,1129,96672.67,0.0513,2.13,2.42,776.6,29.0,9628.83,82.0,0,Normal
B001933,2025-01-20,PLT09,C,SUP0032,Day,800,131375.66,0.0776,5.0,2.38,926.0,22.2,11399.41,72.2,0,Normal
B001819,2025-11-06,PLT08,A,SUP0175,Day,1179,105877.67,0.166,3.68,3.88,964.4,37.3,22869.6,57.3,0,High
B001003,2025-12-14,PLT06,A,SUP0095,Night,2165,171071.85,0.1127,2.64,3.77,1579.9,26.0,34697.34,70.0,0,High
B000719,2025-09-14,PLT02,A,SUP0168,Night,1082,97041.71,0.0699,1.61,20.02,1141.1,13.3,34280.61,82.0,0,Critical
B002756,2025-09-11,PLT05,A,SUP0046,Day,1564,131927.43,0.1301,4.14,6.36,1232.8,23.0,28010.62,66.3,0,High
B002777,2025-06-12,PLT07,B,SUP0096,Night,1243,133593.27,0.053,2.12,3.53,961.3,30.0,22042.82,90.9,0,Watch
B004633,2025-05-22,PLT09,A,SUP0165,Night,1558,154173.38,0.0924,3.18,5.24,1281.1,26.4,19611.53,67.4,0,Normal
B000309,2025-01-18,PLT04,B,SUP0031,Day,2066,231165.69,0.0995,4.24,4.24,1741.1,34.9,36933.52,66.3,0,Normal
B001565,2025-06-30,PLT06,C,SUP0044,Night,3062,389378.86,0.07,4.52,4.47,4046.1,24.3,45552.45,82.5,0,Normal
B000834,2025-04-09,PLT10,C,SUP0138,Night,1453,206597.21,0.1005,13.99,3.11,1607.6,29.6,44628.14,73.8,1,High
B000367,2025-05-14,PLT07,A,SUP0028,Day,1618,139153.13,0.0668,4.75,0.1,1312.4,,7220.46,77.7,0,Normal
B004880,2025-06-02,PLT01,A,SUP0071,Day,1156,98925.42,0.0805,10.97,0.81,893.3,36.6,14999.89,77.3,0,Normal
B002120,2025-11-09,PLT01,A,SUP0143,Day,1844,161175.75,0.0676,8.04,5.01,,29.2,30670.53,78.7,0,Watch
B003197,2025-04-10,PLT01,C,SUP0170,Night,1134,158895.61,0.1175,4.42,4.91,1291.3,33.5,38892.34,75.5,0,Critical
B003837,2025-12-20,PLT05,B,SUP0160,Day,1802,200896.08,0.0913,8.57,4.65,1663.5,31.5,29482.29,60.2,0,Normal
B002590,2025-05-05,PLT10,A,SUP0124,Day,1683,148658.14,0.0898,1.39,1.25,1150.0,21.4,8761.35,80.1,1,Normal
B003989,2025-07-29,PLT09,C,SUP0046,Night,2158,367221.8,0.1202,14.89,2.13,3151.2,28.7,86559.25,62.6,0,High
B000020,2025-07-28,PLT09,A,SUP0084,Day,1686,171898.42,0.1261,2.9,3.32,1335.0,31.4,32372.59,67.3,0,Watch
B001478,2025-09-15,PLT01,B,SUP0149,Day,1250,138494.71,0.0874,3.75,3.33,1538.6,35.5,20292.06,77.8,0,Normal
B001607,2025-01-27,PLT04,C,SUP0171,Day,1105,161961.01,0.073,3.28,9.04,1630.8,28.4,25394.11,73.4,0,Normal
B002659,2025-05-29,PLT04,C,SUP0075,Night,1287,183816.96,0.0832,2.97,3.3,1577.1,32.4,23439.18,74.2,0,Normal
B000219,2025-10-25,PLT08,D,SUP0156,Night,1185,215671.52,0.1102,2.64,6.64,1960.7,23.0,46210.78,77.7,0,High
B001879,2025-12-19,PLT05,C,SUP0083,Day,1224,180827.15,0.0967,6.58,2.32,1571.0,27.0,9635.48,77.5,0,Normal
B000439,2025-09-15,PLT03,D,SUP0025,Day,1433,263362.66,0.1097,11.05,0.95,2033.3,25.4,36060.32,68.1,0,Normal
B001159,2025-04-16,PLT05,B,SUP0170,Day,1406,158643.23,0.0966,0.3,1.79,1480.9,33.2,28533.1,59.0,0,Watch
B001615,2025-05-27,PLT06,A,SUP0019,Night,1103,87351.67,0.076,8.95,6.41,810.6,27.1,14202.71,83.8,0,Normal
B004784,2025-09-07,PLT07,A,SUP0150,Day,2325,200161.42,0.1035,1.37,9.98,1902.9,18.0,49732.24,77.2,0,Critical
B003502,2025-03-07,PLT09,D,SUP0163,Day,977,198867.31,0.1179,8.04,1.7,1533.2,19.4,26226.37,73.7,0,Normal
B001182,2025-04-24,PLT08,C,SUP0169,Night,1311,199242.01,0.0431,5.63,1.59,1305.4,14.5,31818.27,74.8,0,Normal
B004698,2025-12-25,PLT06,C,SUP0076,Night,740,92541.68,0.1534,11.36,4.03,962.7,21.7,17934.25,59.6,0,Watch
B004002,2025-12-23,PLT09,A,SUP0137,Day,815,83455.66,0.1316,3.43,1.61,622.5,26.1,9350.13,63.2,0,Normal
B002819,2025-03-11,PLT08,D,SUP0020,Night,2039,376374.67,0.0938,3.15,3.58,3008.7,25.3,51896.09,73.7,0,Normal
B000803,2025-06-23,PLT10,A,SUP0121,Day,2029,176850.21,0.0961,6.94,1.71,1363.7,23.1,19539.89,71.9,1,Normal
B003059,2025-09-16,PLT10,A,SUP0067,Night,746,65372.03,0.051,7.67,1.4,597.3,31.0,5816.53,85.2,0,Normal
B003575,2025-09-04,PLT02,B,SUP0001,Day,1804,201465.94,0.0482,2.7,1.84,1521.3,31.4,17345.48,78.0,0,Normal
B003797,2025-10-24,PLT03,B,SUP0115,Day,1293,146309.11,0.0657,1.35,6.95,1570.3,22.4,13812.63,72.9,0,Normal
B002466,2025-03-07,PLT08,B,SUP0053,Night,1827,212522.92,0.0672,8.28,2.09,1865.9,28.1,30547.83,74.1,0,Normal
B000583,2025-10-20,PLT10,D,SUP0142,Night,2048,350570.77,0.0684,3.24,1.42,2788.3,25.0,48496.75,77.7,0,Normal
B000204,2025-05-01,PLT05,A,SUP0091,Day,1381,119166.6,0.1454,1.16,4.42,1105.2,25.2,22876.5,67.8,0,Watch
B004114,2025-03-26,PLT02,B,sup0014,Night,1729,195720.07,0.0018,1.82,4.83,1559.0,24.7,10042.76,100.0,0,Normal
B003485,2025-10-14,PLT01,C,SUP0082,Day,1793,258748.58,0.1044,5.37,0.78,1926.3,27.0,27406.03,64.0,0,Normal
B002293,2025-03-31,PLT08,A,SUP0165 ,Day,2001,184023.9,0.0389,4.18,5.93,1447.2,,26783.36,89.7,0,Normal
B002223,2025-09-07,PLT10,B,SUP0068,Night,1291,142822.01,0.0688,5.45,10.81,1302.9,25.5,27241.95,73.1,0,High
B003476,2025-01-17,PLT07,B,SUP0069,Day,3032,328430.32,0.0852,4.78,8.44,2566.0,27.8,84438.13,86.4,0,Critical
B002329,2025-05-08,PLT10,B,SUP0160,Day,1094,124148.7,0.0192,2.67,5.59,1150.8,20.6,17503.02,87.7,0,Normal
B004628,2025-10-05,PLT05,A,SUP0153,Day,1810,164275.43,0.0456,3.9,5.55,1087.8,20.7,13684.23,77.0,0,Normal
B003429,2025-02-02,PLT05,A,SUP0051,Day,1364,116163.18,0.0747,7.65,1.47,907.7,25.0,12689.11,80.4,0,Normal
B001996,2025-05-25,PLT07,D,SUP0099,Day,1209,203227.17,0.0802,8.59,6.31,1831.9,21.5,39507.99,78.5,0,High
B003404,2025-03-11,PLT01,B,SUP0035,Night,981,109251.66,0.0867,4.84,0.59,863.0,17.0,11178.91,70.2,0,Normal
B003419,2025-08-28,PLT05,C,SUP0169,Night,1942,275343.52,0.0701,5.81,3.19,2135.3,21.2,34952.78,74.7,0,Normal
B000518,2025-01-28,PLT07,C,SUP0110,Day,1584,224144.55,0.0421,1.83,3.16,1904.6,37.8,17795.61,84.9,1,Normal
B002504,2025-01-21,PLT06,C,SUP0072,Day,936,119956.78,0.1217,4.96,2.21,1053.5,23.3,14674.49,68.2,0,Normal
B001376,2025-11-07,PLT02,A,SUP0126,Day,1329,118385.74,0.0995,1.34,5.75,925.3,26.6,17902.1,67.1,0,Normal
B002058,2025-12-05,PLT07,B,SUP0177,Day,1565,176886.57,0.1126,3.65,5.03,1698.2,24.7,29014.29,66.1,0,Normal
B000669,2025-12-03,PLT04,C,SUP0044,Night,1833,258928.43,0.1579,4.66,2.43,2317.4,25.3,51918.91,66.2,0,High
B002465,2025-11-16,PLT05,D,SUP0116,Night,1150,199495.05,0.071,4.76,2.12,2158.7,29.7,38991.69,83.3,0,Watch
B001979,2025-07-31,PLT05,B,SUP0060,Night,864,98117.42,0.099,3.69,2.52,962.6,24.6,19525.47,67.8,0,Watch
B004962,2025-09-20,PLT09,A,SUP0106,Night,1646,162134.56,0.0611,4.71,1.96,1247.5,30.9,20581.13,82.7,0,Normal
B000997,2025-11-12,PLT03,C,SUP0159,Night,1111,163686.34,0.1157,7.29,8.88,1603.9,18.4,40789.22,64.5,0,Critical
B002474,2025-05-03,PLT10,C,SUP0169,Day,1136,158888.0,0.0439,4.96,1.72,1333.9,34.0,16154.69,91.0,0,Normal
B002802,2025-02-21,PLT03,B,SUP0015,Day,2061,232119.71,0.065,5.11,3.29,1650.3,29.2,20901.74,81.0,0,Normal
B003556,2025-02-07,PLT09,A,sup0060,Night,1748,175252.22,0.0688,12.83,5.26,1553.9,28.0,28040.12,75.3,0,Normal
B004430,2025-02-09,PLT04,A,SUP0106,Day,1373,116799.1,0.0986,4.52,4.8,1141.0,29.3,13731.06,71.7,0,Normal
B003411,2025-11-05,PLT02,B,SUP0109,Day,986,113875.66,0.1046,5.18,7.33,1014.9,23.4,26680.47,75.9,0,High
B003461,2025-08-08,PLT03,C,SUP0142,Night,1192,175854.38,0.0997,3.22,0.49,1229.4,,16568.92,67.4,0,Normal
B004639,2025-03-09,PLT02,C,SUP0118,Day,1627,232268.7,0.1071,9.07,4.03,1885.6,27.8,55702.76,68.1,0,High
B000760,2025-10-14,PLT09,D,SUP0150,Night,1271,247766.78,0.1025,6.24,2.35,1728.6,26.4,37543.49,66.9,0,Normal
B004233,2025-04-01,PLT08,D,SUP0073,Night,3946,706374.49,0.055,4.89,9.66,6009.6,23.4,159587.14,83.7,0,High
B001398,2025-04-27,PLT09,D,SUP0140,Day,883,176017.02,0.0813,3.93,2.15,1406.3,31.0,20687.75,77.9,0,Normal
B004968,2025-11-27,PLT08,A,SUP0100,Day,1320,119458.23,0.0785,6.22,4.31,881.3,27.8,19829.92,73.3,0,Normal
B002253,2025-10-23,PLT04,C,SUP0071,Night,3248,456128.94,0.0843,2.1,3.28,4005.5,25.9,58731.9,82.6,0,Normal
B002396,2025-07-22,PLT07,D,SUP0137,Day,1306,221935.87,0.1074,2.74,4.14,1882.8,34.9,38554.52,72.6,0,Watch
B004634,2025-01-26,PLT04,C,SUP0114,Day,1266,179056.24,0.104,6.02,3.42,1587.0,36.6,20058.26,76.6,0,Normal
B000215,2025-04-16,PLT07,D,SUP0011,Day,1300,219804.9,0.0878,,1.34,1717.3,34.3,27279.08,67.9,0,Normal
B003399,2025-12-17,PLT06,A,SUP0021,Day,1009,77060.71,0.0742,10.33,3.67,706.6,26.5,9454.48,75.7,0,Normal
B001118,2025-03-04,PLT02,A,sup0079,Night,1303,114962.81,0.0893,6.09,2.9,922.8,18.0,15108.5,81.0,0,Normal
B000694,2025-07-11,PLT04,B,SUP0123,Day,1326,148701.28,0.0957,0.88,2.52,1391.8,14.7,16272.2,69.4,0,Normal
B001579,2025-06-12,PLT09,A,SUP0175,Day,1100,109831.26,0.0883,9.55,1.65,727.3,30.2,17464.02,83.5,0,Normal
B002672,2025-05-07,PLT10,A,SUP0034,Day,1909,164704.9,0.146,5.73,1.74,1428.0,27.1,26002.79,66.4,0,Watch
B002500,2025-05-09,PLT08,A,SUP0009,Night,872,79294.91,0.0318,4.32,7.07,649.1,26.5,12520.88,82.1,0,Normal
B001030,2025-01-19,PLT07,B,SUP0109,Day,1059,114012.87,0.0958,10.48,2.06,1011.3,36.7,19352.48,78.3,0,Watch
B001823,2025-03-21,PLT09,B,SUP0080,Day,1097,141328.41,0.0502,10.73,6.47,1337.6,33.7,24452.13,88.3,0,Watch
B001943,2025-09-16,PLT02,A,sup0090,Night,1443,128612.93,0.1185,0.92,1.66,987.4,29.0,22771.18,74.6,0,Watch
B002582,2025-11-05,PLT02,A,SUP0035,Day,1432,128352.98,0.075,0.76,11.97,1309.0,25.0,32485.07,78.3,1,Critical
B004992,2025-08-18,PLT09,C,SUP0154 ,Night,1398,230057.6,0.0236,6.19,2.57,1704.9,21.4,31696.88,79.6,0,Normal
B000197,2025-04-10,PLT03,C,SUP0148,Night,1892,277481.03,0.1309,14.46,2.72,1818.0,34.5,60156.34,58.7,1,High
B003933,2025-07-04,PLT04,C,SUP0011,Day,1265,175293.04,0.1,15.08,2.49,1529.0,16.2,27664.65,64.3,0,Normal
B003909,2025-01-24,PLT07,A,SUP0131,Day,919,77322.77,0.1281,3.07,11.05,798.4,,16623.6,71.4,0,High
B001925,2025-11-23,PLT10,D,SUP0006,Day,1221,211139.79,0.0931,1.89,4.3,2027.6,35.4,37079.5,69.0,1,Watch
B000880,2025-02-27,PLT06,B,SUP0015,Day,1140,118555.31,0.0967,6.87,4.97,1123.8,15.1,20234.23,70.7,1,Watch
B003110,2025-11-14,PLT10,B,SUP0147,Day,741,83758.39,0.116,14.19,2.44,796.2,26.4,10284.01,64.4,0,Normal
B003694,2025-04-05,PLT01,A,SUP0151,Day,2172,191697.84,0.135,6.68,3.69,1625.3,20.8,26511.7,67.3,0,Normal
B004974,2025-05-10,PLT01,C,SUP0143,Night,1636,234178.64,0.0786,11.52,1.46,1935.0,29.5,30431.79,72.5,0,Normal
B001748,2025-10-19,PLT09,C,SUP0143,Day,1526,248413.15,0.0496,2.22,3.16,1605.8,24.6,25887.95,91.2,0,Normal
B000888,2025-04-28,PLT05,C,SUP0078,Night,935,136901.21,0.0986,2.97,1.48,949.0,21.0,16510.55,78.9,0,Normal
B004155,2025-07-25,PLT06,D,SUP0121,Night,1857,288430.41,0.0913,2.77,4.13,2414.5,21.6,378012.21,75.3,0,Normal
B000069,2025-05-16,PLT02,C,SUP0046,Day,904,129009.19,0.1328,10.23,6.73,1171.0,30.3,38857.26,73.8,0,Critical
B002729,2025-11-11,PLT09,B,SUP0101,Day,1069,138815.34,0.0829,7.21,2.9,1172.9,25.4,23648.83,72.4,0,Watch
B002101,2025-01-04,PLT09,C,SUP0077,Day,1351,228463.89,0.0916,2.46,6.21,1738.5,34.2,35597.98,79.1,0,Normal
B000569,2025-11-21,PLT07,D,SUP0169,Day,1847,313198.54,0.0817,7.12,4.72,2519.9,25.3,50065.25,74.2,0,Normal
B002026,2025-09-12,PLT02,A,SUP0084,Day,723,63606.34,0.1084,4.29,7.75,616.2,31.9,16001.8,73.6,0,Critical
B000097,2025-03-10,PLT10,C,SUP0098,Night,1358,194230.94,0.0733,6.91,5.49,1515.7,26.2,37286.04,80.1,0,High
B001042,2025-02-14,PLT01,A,SUP0093,Day,1835,159923.46,0.0926,4.81,2.85,1332.1,29.1,14239.27,72.7,0,Normal
B001455,2025-12-09,PLT07,B,SUP0024,Day,1055,115389.9,0.0989,4.48,2.42,1054.9,25.1,18988.59,81.8,0,Watch
B000140,2025-10-30,PLT03,A,SUP0028,Day,1537,135285.51,0.0669,3.26,2.5,934.1,29.9,14135.75,78.9,0,Normal
B002314,2025-07-20,PLT01,A,SUP0059,Night,1316,114829.97,0.0602,9.29,6.93,1051.9,26.0,18946.93,80.7,0,Normal
B002654,2025-01-18,PLT04,C,SUP0146,Night,823,115424.45,0.0801,1.9,0.99,1168.5,26.9,23221.65,73.3,0,High
B001261,2025-09-19,PLT01,A,SUP0022,Night,931,80147.68,0.0464,2.77,3.86,827.5,32.6,11229.9,71.2,0,Normal
B001840,2025-12-20,PLT02,A,SUP0047,Day,768,69259.42,0.0746,11.63,2.55,679.9,30.0,9983.49,79.4,0,Normal
B003929,2025-06-28,PLT10,C,SUP0049,Day,2164,306355.87,0.0944,2.2,1.64,2435.9,20.5,42211.16,81.5,0,Normal
B001352,2025-10-17,PLT04,D,SUP0140,Night,987,166663.14,0.0738,0.77,6.46,1210.9,20.0,34833.87,81.2,0,High
B001967,2025-12-18,PLT09,A,SUP0101,Day,1329,133078.53,0.1313,1.62,4.26,1034.7,32.4,18294.65,71.2,0,Normal
B003796,2025-05-18,PLT09,A,SUP0131,Day,1717,172673.87,0.1093,2.32,3.09,1427.7,20.4,33888.01,67.7,0,High
B004027,2025-09-14,PLT03,B,SUP0086,Day,830,95152.98,0.1191,17.79,3.77,833.8,,17916.63,58.4,0,Watch
B001026,2025-11-26,PLT05,C,SUP0159,Day,660,96696.4,0.1165,5.31,1.7,749.0,28.5,16291.61,70.2,0,Watch
B000464,2025-02-23,PLT01,A,SUP0121,Night,1554,136187.16,0.0935,6.22,6.07,1239.9,20.2,23700.71,64.5,0,Watch
B002375,2025-07-28,PLT01,A,SUP0095,Day,1132,98636.74,0.0999,0.39,2.8,843.6,30.6,8144.08,65.7,0,Normal
B001273,2025-06-08,PLT08,D,SUP0006,Night,1925,345730.56,0.0915,6.05,0.67,2723.1,29.6,50020.89,71.2,1,Normal
B003938,2025-06-20,PLT07,C,SUP0157,Night,1499,207399.85,0.1031,1.07,6.58,1590.2,29.3,35682.72,77.6,0,Watch
B000595,2025-11-24,PLT02,C,SUP0106,Night,1922,277042.13,0.0706,0.74,1.37,1970.2,25.2,38242.34,80.6,0,Normal
B002216,2025-09-21,PLT04,B,SUP0029,Day,1016,110445.22,0.0726,3.51,2.55,953.0,21.1,11741.9,82.1,0,Normal
B004918,2025-12-31,PLT03,A,SUP0142,Day,777,68339.31,0.0926,2.11,6.32,675.0,27.7,11684.83,80.8,0,Watch
B000626,2025-12-16,PLT03,C,SUP0013,Day,1662,242914.16,0.0752,2.04,2.64,2177.9,19.5,32091.98,77.5,0,Normal
B000451,2025-03-26,PLT03,B,SUP0147,Night,1661,189310.79,0.1146,4.94,9.26,1547.8,38.1,46196.8,68.9,0,High
B001551,2025-01-09,PLT08,C,SUP0049,Night,1122,169881.45,0.0874,2.46,2.06,1253.0,31.6,21821.04,74.2,1,Normal
B001413,2025-06-11,PLT01,B,SUP0135,Night,1237,136150.93,0.0457,8.81,2.25,1091.3,37.1,22777.84,88.8,0,Normal
B001872,2025-12-28,PLT09,A,SUP0003,Night,1105,110527.71,0.1166,0.57,1.8,723.5,24.5,12454.89,72.8,0,Normal
B004486,2025-01-05,PLT06,B,SUP0129,Night,739,71471.07,0.0671,3.09,1.22,624.1,23.1,6761.52,79.0,0,Normal
B002471,2025-01-21,PLT09,B,SUP0096,Night,1755,230955.52,0.095,7.56,7.22,1663.4,18.1,50973.57,75.6,0,High
B001336,2025-03-14,PLT08,A,SUP0137,Day,983,90811.68,0.1015,0.36,3.42,696.4,24.6,9985.5,60.1,0,Normal
B003847,2025-03-22,PLT09,C,SUP0056,Night,1460,245090.82,0.0537,5.22,3.61,1624.9,25.4,29523.57,77.4,0,Normal
B004407,2025-10-08,PLT05,B,SUP0054,Day,1408,158314.35,0.1133,8.23,1.19,1248.8,38.2,24501.61,68.6,0,Normal
B004026,2025-07-23,PLT03,A,SUP0095,Night,1042,91894.75,0.1036,5.63,7.04,787.9,25.0,17696.71,70.9,0,Watch
B002985,2025-05-29,PLT09,B,SUP0177,Night,1516,198663.04,0.085,4.28,5.59,1604.0,23.6,40822.38,75.6,0,High
B004081,2025-07-05,PLT04,C,SUP0122,Night,1796,251176.13,0.102,2.59,7.88,2290.7,,62437.35,66.4,0,Critical
B003300,2025-07-06,PLT03,B,SUP0015,Night,955,108104.45,0.0956,6.41,5.47,1062.8,30.2,24505.55,67.4,0,High
B004729,2025-11-01,PLT07,C,SUP0106,Day,1268,174762.33,0.0787,16.98,2.87,1627.3,30.5,23566.26,66.5,0,Normal
B001000,2025-01-30,PLT07,A,SUP0010,Night,1699,141976.59,0.0941,7.13,6.97,1287.3,30.3,27718.65,67.6,0,High
B001537,2025-07-14,PLT09,C,SUP0098,Day,1556,262090.74,0.0489,0.77,5.6,1676.6,37.5,40309.43,81.5,0,Normal
B002019,2025-06-03,PLT06,C,SUP0030,Day,1558,197300.57,0.0854,0.75,1.15,1661.8,32.7,27153.61,83.6,0,Normal
B000193,2025-11-07,PLT08,A,SUP0033,Day,1084,97796.88,0.1052,2.1,5.57,930.5,23.4,13781.63,68.9,0,Normal
B003817,2025-02-07,PLT09,B,SUP0172,Day,1803,235008.96,0.1036,9.87,5.46,1975.0,32.0,47607.09,64.4,1,High
B004224,2025-08-12,PLT04,A,SUP0033,Night,1886,161481.16,0.0886,4.5,1.34,1205.5,22.0,18563.49,73.9,0,Normal
B001375,2025-04-26,PLT10,A,SUP0047,Day,954,82944.77,0.0763,5.9,6.85,812.0,30.5,8137.81,82.0,0,Normal
B004275,2025-06-04,PLT02,A,SUP0063,Night,1269,112232.85,0.1127,10.74,9.35,1013.9,31.1,31698.03,68.9,0,Critical
B004480,2025-04-08,PLT09,C,SUP0014,Night,742,121925.72,0.0231,4.41,5.36,813.5,33.3,300231.18,83.0,0,Normal
B004969,2025-03-24,PLT08,C,SUP0115,Day,1071,159572.75,0.1087,8.73,4.4,1415.2,25.6,24855.44,79.3,0,Normal
B002606,2025-12-06,PLT01,C,SUP0180,Night,1807,260740.28,0.0668,3.81,3.34,2215.4,22.3,32884.24,64.3,0,Normal
B003689,2025-06-13,PLT10,A,SUP0034,Day,1606,135761.59,0.1304,4.2,5.63,1099.2,28.6,24779.43,66.8,1,Watch
B002842,2025-11-18,PLT01,D,SUP0135,Night,800,136653.2,0.0506,4.35,2.61,1214.1,26.7,15162.9,78.0,0,Normal
B003865,2025-09-17,PLT02,C,SUP0067,Night,1222,177684.89,0.1129,3.47,10.68,1355.2,32.9,48743.95,66.3,0,Critical
B004237,2025-01-05,PLT04,B,SUP0079,Day,1051,114508.01,0.0889,4.5,2.19,884.8,36.9,11472.11,64.0,0,Normal
B003856,2025-04-14,PLT08,A,SUP0168,Day,818,75227.83,0.05,12.03,5.37,795.3,25.9,13244.75,71.1,1,Watch
B002715,2025-06-07,PLT01,D,SUP0092 ,Day,1340,227706.93,0.0677,1.39,2.31,1814.9,20.8,33062.89,77.4,0,Normal
B003754,2025-11-28,PLT04,B,SUP0028,Day,1468,163937.08,0.0667,1.07,3.57,1481.7,35.3,25940.03,63.9,0,Normal
B002246,2025-01-12,PLT03,C,SUP0107,Day,1047,154359.39,0.075,2.72,6.37,1234.9,35.9,25534.65,71.8,0,Watch
B001659,2025-06-29,PLT10,D,SUP0011,Day,2311,403603.38,0.1048,1.73,2.35,3362.8,15.5,60948.25,73.4,0,Normal
B002562,2025-05-31,PLT06,B,SUP0147,Night,2219,227182.9,0.1144,4.45,2.12,2541.2,28.8,26318.22,66.2,0,Normal
B004967,2025-09-06,PLT05,C,SUP0129,Night,2595,369868.99,0.0572,0.56,3.63,2693.6,25.2,55444.0,77.3,0,Normal
B000192,2025-07-27,PLT05,A,SUP0043,Day,1684,148708.59,0.0532,2.14,2.54,1097.9,23.3,18623.42,77.0,0,Normal
B004607,2025-04-03,PLT01,D,SUP0137,Night,551,97330.35,0.1227,8.4,,902.8,27.7,5732.61,65.2,1,Normal
B001744,2025-05-06,PLT10,B,SUP0177,Night,2873,323241.67,0.1096,11.09,3.71,2855.4,24.2,68756.83,63.7,1,High
B003086,2025-07-20,PLT04,A,SUP0128,Day,1253,107753.15,0.1028,1.25,2.56,879.1,19.4,13987.2,65.2,0,Normal
B004288,2025-01-23,PLT04,B,SUP0170,Day,1446,158763.02,0.0953,1.84,0.92,1394.0,34.4,21704.72,70.7,0,Normal
B001863,2025-12-25,PLT01,B,SUP0109,Day,1009,112385.9,0.0672,2.63,1.82,1004.7,32.1,10247.38,90.8,0,Normal
B001768,2025-09-09,PLT05,C,SUP0127,Night,1057,157967.76,0.0523,1.6,6.36,1326.2,22.7,30922.76,70.6,0,Watch
B001895,2025-05-31,PLT03,B,SUP0135,Night,1654,189594.12,0.0787,10.21,5.66,1794.2,23.9,33619.86,71.7,0,Watch
B004850,2025-03-27,PLT04,A,SUP0084,Day,1582,138732.74,0.1156,3.39,2.5,1210.5,27.8,24202.01,66.1,0,Watch
B003718,2025-01-06,PLT02,C,SUP0002,Day,819,116134.12,0.094,5.52,3.68,960.1,32.9,18068.55,68.9,0,Normal
B002523,2025-03-03,PLT10,C,SUP0098,Day,1100,158396.41,0.0664,18.0,6.94,1269.1,33.6,213595.11,68.7,0,Normal
B003467,2025-03-17,PLT10,A,SUP0021,Night,1527,133614.58,0.1194,7.88,2.74,1383.5,18.8,18045.25,61.1,0,Normal
B004054,2025-01-09,PLT04,A,SUP0059,Day,1152,98238.94,0.0521,3.8,4.2,852.6,34.7,13599.71,79.4,0,Normal
B003931,2025-08-19,PLT08,C,SUP0029,Day,1317,197949.74,0.069,2.94,0.5,1768.0,29.6,13861.23,80.0,0,Normal
B000167,2025-06-30,PLT05,D,SUP0111,Night,832,146083.23,0.0911,9.17,9.9,1281.7,25.8,36683.05,65.9,0,Critical
B002219,2025-09-19,PLT09,A,SUP0028,Day,814,80939.37,0.1011,10.82,2.35,794.4,28.5,12540.23,70.3,0,Normal
B003679,2025-03-04,PLT10,D,SUP0167,Day,1346,237193.21,0.0492,1.12,2.5,1631.4,12.0,17391.1,86.4,0,Normal
B001025,2025-06-18,PLT10,A,SUP0171,Day,1317,113979.27,0.0686,1.85,1.51,1031.7,18.1,8889.04,81.4,0,Normal
B001362,2025-11-27,PLT06,A,SUP0159,Night,1078,82278.98,0.1331,3.7,1.38,780.6,27.2,16072.25,56.9,0,Watch
B002901,2025-07-08,PLT03,A,SUP0004,Day,1626,145678.75,0.0877,1.89,2.68,1070.9,21.2,21347.32,71.5,0,Normal
B001893,2025-08-01,PLT01,C,SUP0073,Night,1859,264561.54,0.0933,2.71,7.67,2202.5,38.6,59280.2,73.0,0,High
B003567,2025-03-18,PLT02,C,SUP0127,Day,1313,198447.6,0.0773,5.61,8.0,1763.5,28.9,21807.04,77.7,1,Normal
B001097,2025-08-12,PLT01,B,SUP0011,Day,1340,148445.86,0.0918,9.12,6.85,1359.9,35.3,29555.31,79.9,0,High
B002099,2025-10-11,PLT08,D,SUP0036,Night,1904,348686.81,0.1042,1.82,1.9,3413.5,32.8,45475.9,75.3,0,Normal
B004920,2025-09-05,PLT02,A,SUP0019,Night,1025,93943.12,0.062,1.97,0.81,759.9,32.8,15445.84,68.9,0,Normal
B000153,2025-01-07,PLT03,D,SUP0020,Night,1656,296127.21,0.0831,3.7,0.61,2026.6,18.8,25542.35,75.0,0,Normal
B002584,2025-09-09,PLT02,D,SUP0083,Night,1939,343871.44,0.0788,9.8,3.76,2971.6,21.9,58813.29,71.0,0,Watch
B004796,2025-06-23,PLT01,B,SUP0125,Night,1406,156509.32,0.1003,9.89,2.21,1254.8,18.6,18641.37,74.0,0,Normal
B003950,2025-10-28,PLT09,B,SUP0020,Night,1446,188736.2,0.103,6.33,7.43,1491.5,36.1,41472.66,73.2,0,High
B001520,2025-04-12,PLT03,A,SUP0043,Night,926,83646.99,0.0822,1.16,8.72,743.6,25.1,15374.98,84.0,0,Watch
B004210,2025-01-31,PLT08,A,SUP0084,Day,1197,112009.59,0.1312,3.05,1.8,849.4,28.6,14651.7,62.3,1,Normal
B001673,2025-01-24,PLT02,B,SUP0177,Night,772,86553.04,0.0804,10.44,1.21,784.3,30.1,13174.66,79.0,1,Normal
B002923,2025-09-13,PLT02,D,SUP0125,Day,1038,185713.95,0.0884,5.94,1.98,1423.6,35.7,19656.65,76.3,0,Normal
B001434,2025-02-26,PLT03,B,SUP0160,Night,1370,158834.46,0.0761,7.59,4.22,1278.4,18.3,21591.19,80.3,0,Normal
B004872,2025-03-18,PLT07,C,SUP0171,Day,1347,183921.36,0.0758,5.78,10.08,1979.1,22.3,37012.13,78.7,0,High
B002032,2025-08-10,PLT03,A,SUP0066,Night,1676,149984.24,0.0539,3.78,3.63,1248.4,26.9,30283.85,73.5,0,High
B001624,2025-11-17,PLT01,B,SUP0162,Day,1479,167434.0,0.0841,4.82,8.01,1679.7,33.6,30644.74,68.6,0,Watch
B000032,2025-06-10,PLT04,A,SUP0050,Day,1435,123562.19,0.1158,3.33,2.93,811.4,23.7,22646.1,71.9,0,Watch
B000938,2025-07-09,PLT05,C,SUP0114,Day,2093,297700.16,0.0976,14.77,0.29,2795.7,25.7,37250.21,64.7,0,Normal
B001527,2025-05-18,PLT04,B,SUP0081,Day,911,101667.65,0.0961,11.87,5.82,1076.6,21.5,20999.09,64.4,0,High
B002651,2025-06-12,PLT06,D,SUP0163,Night,1234,193841.66,0.1234,4.98,1.15,1640.0,21.5,20967.65,69.0,0,Normal
B004565,2025-03-08,PLT06,B,SUP0158,Night,1184,116594.95,0.0869,0.68,7.83,1466.4,29.5,22715.63,80.3,0,Watch
B000310,2025-12-23,PLT07,B,SUP0168,Night,887,97226.77,0.0513,3.01,3.65,748.4,17.7,14506.66,91.2,0,Normal
B003001,2025-02-06,PLT09,A,sup0124,Night,2139,205073.37,0.075,4.68,5.53,1547.1,26.3,37591.8,67.1,0,Watch
B001500,2025-06-22,PLT09,B,SUP0161,Night,993,129692.48,0.0791,2.39,3.04,991.2,30.7,23150.34,81.2,0,Watch
B004158,2025-03-19,PLT03,B,SUP0056,Day,1543,177279.27,0.0494,3.18,1.01,1264.4,37.5,17651.56,86.3,0,Normal
B004450,2025-08-31,PLT03,B,SUP0097,Day,1215,141348.32,0.0628,4.23,14.35,1353.6,17.0,32049.91,83.2,0,High
B000496,2025-02-03,PLT10,A,SUP0071,Night,1351,113307.03,0.039,4.26,2.32,951.0,32.6,8335.79,79.5,0,Normal
B000206,2025-10-16,PLT08,A,SUP0121,Day,1652,151756.09,0.0975,0.9,7.54,1376.0,26.5,22219.5,64.1,0,Normal
B002727,2025-01-23,PLT08,A,SUP0174,Day,912,83466.39,0.0557,0.29,1.89,718.1,21.8,8480.71,88.1,0,Normal
B003426,2025-06-30,PLT05,C,SUP0157,Night,1047,151588.93,0.1157,4.89,1.91,1060.0,29.7,9908.59,65.9,0,Normal
B003905,2025-06-27,PLT01,C,SUP0098,Night,2564,362984.06,0.0589,2.11,2.59,3396.4,23.9,36880.08,72.3,0,Normal
B000306,2025-09-14,PLT06,B,SUP0104,Day,2411,243867.01,0.1113,6.35,8.44,2013.1,26.1,50793.48,72.1,0,High
B003867,2025-12-15,PLT05,B,SUP0013,Day,1818,201832.94,0.0631,0.9,4.15,1914.5,23.4,19349.08,87.4,0,Normal
B002313,2025-08-25,PLT05,B,SUP0165,Night,1449,159036.87,0.0347,0.5,1.29,1516.5,32.0,17056.14,80.5,0,Normal
B001062,2025-07-29,PLT08,C,SUP0164,Night,1288,192078.3,0.0624,5.98,4.52,1571.9,27.8,28334.67,69.7,0,Normal
B000844,2025-10-03,PLT07,C,SUP0018,Day,863,119021.26,0.0941,2.29,4.19,919.4,21.4,27782.77,65.1,0,Critical
B002768,2025-11-11,PLT03,B,SUP0165,Night,1089,123787.19,0.0398,1.66,1.76,1022.6,31.2,12712.77,71.8,0,Normal
B004674,2025-04-19,PLT04,D,SUP0116,Night,1724,295379.35,0.076,1.27,2.61,2797.1,19.3,45912.29,76.2,0,Normal
B000212,2025-12-02,PLT05,D,SUP0084,Night,1398,244969.95,0.1551,4.32,1.36,2099.6,24.3,42876.3,53.5,1,Watch
B001109,2025-02-17,PLT09,A,SUP0129,Night,2174,219141.07,0.0713,13.54,0.96,,30.7,23638.12,70.7,0,Normal
B003789,2025-11-21,PLT01,C,SUP0009,Night,1856,263680.37,0.0689,2.15,3.04,2407.2,30.1,39733.04,76.7,0,Normal
B000680,2025-10-16,PLT08,B,SUP0028,Day,1149,132796.83,0.0815,1.47,7.02,1398.3,26.2,15319.69,79.4,1,Normal
B000566,2025-01-22,PLT07,C,SUP0140,Day,2456,339449.88,0.0685,2.93,5.62,3377.7,25.9,37397.41,80.5,0,Normal
B004663,2025-12-27,PLT09,A,SUP0113,Night,1600,162026.3,0.0831,1.18,7.52,1361.4,,31462.65,82.2,0,High
B003652,2025-11-02,PLT06,D,SUP0114,Day,1627,249235.23,0.0722,5.61,5.12,2628.1,34.8,32636.83,63.4,0,Normal
B000681,2025-09-08,PLT05,B,SUP0180,Day,1219,137137.23,0.0889,10.16,6.41,1218.5,17.5,28936.33,72.8,0,High
B000181,2025-08-01,PLT09,A,SUP0084,Day,1438,146281.87,0.1298,4.49,4.63,1150.2,26.4,21739.27,70.4,0,Normal
B003949,2025-05-29,PLT09,B,SUP0104,Day,860,113473.15,0.0997,1.73,5.46,864.2,25.2,16482.06,77.7,0,Normal
B001770,2025-11-12,PLT06,C,SUP0087,Day,1744,219953.4,0.094,3.62,2.96,2226.3,27.9,22900.61,71.9,0,Normal
B003144,2025-11-12,PLT08,B,SUP0171,Day,1070,127227.33,0.087,3.37,2.15,1012.4,38.0,12631.11,80.9,0,Normal
B004318,2025-11-02,PLT09,D,SUP0150,Day,924,185904.42,0.1081,8.17,10.74,1563.0,20.2,39618.83,71.4,0,High
B000279,2025-08-14,PLT03,A,SUP0174,Night,996,90037.22,0.0504,9.14,5.83,842.9,23.4,14888.8,75.5,0,Watch
B001150,2025-07-24,PLT04,C,SUP0147,Day,1167,160165.73,0.1044,3.93,3.77,1125.8,30.2,32155.39,86.3,0,High
B001322,2025-09-01,PLT07,A,SUP0137,Night,2124,176892.13,0.1248,3.95,3.6,1466.0,31.1,33289.98,63.3,0,Watch
B000433,2025-09-25,PLT04,D,SUP0036,Night,1395,240039.86,0.0667,2.72,4.39,1835.0,28.5,31836.25,83.7,0,Normal
B000290,2025-05-04,PLT06,B,SUP0045,Day,1535,152930.65,0.0691,6.37,5.53,1314.2,29.5,23334.68,73.1,0,Normal
B001028,2025-11-03,PLT08,C,SUP0046,Night,1110,165231.98,0.1291,6.82,2.99,1219.5,21.4,40955.15,75.2,0,Critical
B000536,2025-11-20,PLT07,B,SUP0079,Night,1461,158850.6,0.1094,16.12,2.35,1215.6,24.3,32136.08,64.0,0,High
B004630,2025-10-11,PLT09,B,SUP0045,Day,1085,144320.42,0.0543,1.94,2.47,1049.8,39.9,10451.37,80.0,0,Normal
B000189,2025-09-22,PLT08,C,SUP0071,Day,846,130994.04,0.0692,0.82,2.65,1059.1,33.4,14663.07,79.8,0,Normal
B004044,2025-08-02,PLT09,C,SUP0121,Day,1569,266982.59,0.1139,5.86,4.5,1929.6,32.5,35391.64,69.4,0,Normal
B003993,2025-08-25,PLT05,B,SUP0148,Day,1834,208077.67,0.1113,1.32,1.71,1586.7,35.6,22935.99,72.3,1,Normal
B004548,2025-07-27,PLT08,A,SUP0121,Day,1764,164585.24,0.0751,5.5,5.58,1347.2,28.9,29598.71,74.2,0,Watch
B000271,2025-01-11,PLT07,B,SUP0048,Day,1218,136259.74,0.0809,4.49,7.91,1408.8,35.6,27572.9,82.4,0,High
B003292,2025-04-17,PLT03,A,SUP0118,Day,1175,106934.58,0.1003,4.83,2.27,905.4,20.2,9067.32,69.2,0,Normal
B004127,2025-04-30,PLT06,B,sup0014,Day,1797,180066.77,0.0558,0.81,3.13,1773.0,27.3,15616.71,85.6,0,Normal
B004095,2025-08-25,PLT07,B,SUP0154,Night,1263,135290.85,0.0324,0.96,4.17,1074.5,37.4,15100.82,88.9,0,Normal
B003769,2025-09-13,PLT09,B,SUP0178,Night,1189,152632.99,0.1241,5.52,6.76,1215.4,24.4,46462.61,67.9,0,Critical
B000112,2025-01-18,PLT09,C,SUP0133,Day,1829,306415.59,0.1068,2.32,6.49,2565.2,20.9,57100.48,69.7,0,Watch
B001972,2025-06-05,PLT05,C,SUP0070,Day,1472,208143.91,0.0445,1.72,2.41,1696.3,31.1,16429.56,76.7,0,Normal
B000221,2025-11-08,PLT05,A,SUP0066,Day,1004,85965.83,0.1319,2.85,3.59,734.5,26.1,13725.53,65.6,0,Normal
B001428,2025-11-10,PLT10,B,SUP0146,Day,1969,220911.13,0.0734,4.65,4.73,1951.0,23.0,35514.99,84.5,0,Watch
B000628,2025-03-04,PLT02,D,SUP0135,Night,1044,185941.64,0.0844,7.91,4.53,1473.3,28.6,19267.63,77.2,0,Normal
B002656,2025-06-12,PLT07,D,SUP0009,Night,2343,389919.49,0.052,0.84,5.04,4145.2,26.0,61909.96,85.9,0,Normal
B003425,2025-11-25,PLT10,C,SUP0154,Night,1013,146236.31,0.0656,5.82,2.17,1183.4,22.9,15362.0,81.2,0,Normal
B003009,2025-09-27,PLT08,A,SUP0050,Day,1267,116907.33,0.0885,5.24,1.38,775.6,31.2,15063.93,67.6,0,Normal
B000791,2025-02-18,PLT08,C,SUP0002,Night,1212,187550.71,0.1067,4.45,3.46,1766.2,35.9,34818.69,71.9,1,Watch
B004836,2025-04-01,PLT07,B,SUP0049,Day,1817,199578.92,0.0629,4.22,4.87,1687.4,26.7,28678.77,76.2,0,Normal
B000462,2025-01-13,PLT06,D,SUP0114,Night,2249,346448.7,0.0917,4.47,3.64,3110.1,27.0,40448.24,82.7,0,Normal
B004447,2025-12-06,PLT03,A,SUP0104,Day,2330,209882.85,0.092,1.68,4.23,1714.1,22.5,21393.11,65.4,1,Normal
B000552,2025-06-27,PLT05,B,SUP0132,Day,1828,210561.77,0.0686,4.5,3.14,1791.0,28.1,29066.35,78.9,0,Normal
B002403,2025-07-24,PLT06,B,SUP0069,Day,1492,148347.08,0.102,3.5,2.88,1408.4,30.4,27831.65,72.1,0,Watch
B004182,2025-03-17,PLT10,B,SUP0067,Day,1495,167136.99,0.0924,4.12,4.62,1311.4,26.3,25302.68,70.3,0,Normal
B000199,2025-03-02,PLT09,D,SUP0073,Night,2225,447082.51,0.1063,1.79,7.4,3592.9,21.3,92821.64,76.4,0,High
B002641,2025-01-27,PLT02,D,SUP0141,Day,732,129804.39,0.0783,4.92,6.48,1030.3,29.7,17267.64,85.1,0,Normal
B002835,2025-02-25,PLT03,A,SUP0105,Day,1372,121809.99,0.0627,5.55,1.67,1036.0,31.4,13845.26,71.8,0,Normal
B000403,2025-09-10,PLT04,C,SUP0011,Day,2242,312290.56,0.1187,0.66,8.59,2384.1,22.5,53964.63,73.5,0,Watch
B003339,2025-06-23,PLT01,C,SUP0035,Day,1653,232073.46,0.0993,0.61,4.0,2073.1,23.7,38153.78,75.3,0,Normal
B002178,2025-09-02,PLT08,B,SUP0060,Night,809,95951.11,0.1079,6.69,1.72,805.7,36.4,14138.92,69.6,0,Normal
B004813,2025-08-13,PLT10,C,SUP0131,Night,1301,188426.09,0.1295,5.79,3.3,1487.4,24.0,50937.61,59.1,0,Critical
B002074,2025-07-15,PLT03,C,SUP0140,Day,1616,246164.98,0.081,13.2,4.42,1723.8,24.7,50161.23,73.9,0,High
B001731,2025-05-08,PLT10,B,SUP0117,Day,632,71028.88,0.0665,1.52,,645.3,29.8,8203.29,84.3,0,Normal
B004508,2025-12-08,PLT01,C,SUP0154 ,Day,1331,188643.67,0.068,3.98,0.82,1351.9,25.8,11353.34,81.4,0,Normal
B000651,2025-04-11,PLT02,A,SUP0104,Night,1353,118550.78,0.0821,4.12,11.1,1165.9,24.0,28156.92,80.6,0,High
B000709,2025-02-17,PLT07,A,SUP0090,Day,719,60371.9,0.0813,3.23,7.73,594.0,36.7,154882.61,71.8,0,Normal
B004590,2025-02-07,PLT07,B,SUP0117,Night,1509,160275.91,0.0442,1.26,,1496.4,28.2,21295.04,82.2,0,Normal
B004459,2025-11-24,PLT02,A,SUP0139,Night,1617,143380.84,0.0683,4.43,4.42,1168.0,24.4,25491.82,72.8,0,Watch
B003323,2025-12-10,PLT04,C,SUP0074,Night,1275,173168.96,0.1242,1.48,13.03,1638.9,31.5,45703.78,70.7,0,Critical
B001898,2025-08-24,PLT01,B,SUP0014,Night,1174,132170.39,0.046,6.55,6.01,1060.7,24.2,24543.39,80.0,0,Watch
B001833,2025-06-27,PLT06,C,SUP0075,Day,844,106060.09,0.0978,8.31,5.12,1180.0,,18991.85,77.5,0,Watch
B000315,2025-12-20,PLT02,C,SUP0140,Day,1415,207054.38,0.0847,2.84,3.17,1633.3,20.1,30778.44,86.3,0,Normal
B001243,2025-06-13,PLT09,B,SUP0132,Night,1881,242414.36,0.0952,6.9,6.51,,27.5,33516.09,78.9,0,Normal
B004520,2025-02-21,PLT05,D,SUP0111,Day,1725,300934.82,0.1117,3.75,1.16,,28.8,49885.66,79.0,0,Normal
B000114,2025-09-21,PLT09,C,SUP0165,Day,1710,281678.9,0.0709,1.72,0.85,1698.0,27.9,23334.23,86.4,0,Normal
B000961,2025-01-10,PLT05,D,SUP0136,Day,1268,217799.62,0.085,2.95,5.94,1852.5,32.9,36486.94,71.2,0,Watch
B003908,2025-09-06,PLT08,B,SUP0144,Day,1633,196827.97,0.1149,1.15,12.21,1586.5,18.4,40136.62,84.1,0,High
B002743,2025-09-23,PLT03,D,SUP0032,Day,871,153865.88,0.0341,1.36,3.16,1223.3,35.2,19208.39,81.3,0,Normal
B001685,2025-01-21,PLT02,B,SUP0146,Day,774,86699.41,0.0732,5.35,5.76,804.0,32.3,18929.53,61.8,0,High
B004102,2025-11-29,PLT04,C,SUP0098,Night,2081,287583.53,0.0518,2.3,3.54,2545.1,26.2,44354.56,83.3,0,Normal
B001756,2025-09-20,PLT03,D,SUP0165,Day,2849,515305.47,0.0754,1.78,2.77,3994.6,33.3,65929.02,80.3,0,Normal
B001633,2025-05-11,PLT10,B,SUP0061,Night,942,102349.06,0.0497,3.06,3.45,896.5,31.5,11798.47,79.0,0,Normal
B003260,2025-11-04,PLT06,B,SUP0161,Day,2166,220993.96,0.0721,6.13,3.97,2071.3,12.0,43656.42,78.0,0,Watch
B004708,2025-05-14,PLT01,C,SUP0131 ,Day,2132,301407.22,0.1478,5.44,2.79,3060.9,36.3,72962.7,71.5,0,High
B003483,2025-06-28,PLT05,A,SUP0052,Day,3429,302937.61,0.0727,3.64,12.44,2479.0,28.0,71894.13,84.4,0,High
B004574,2025-06-29,PLT02,C,SUP0145,Day,1489,216168.0,0.121,6.04,1.85,1999.1,26.6,30216.4,70.9,0,Normal
B001880,2025-08-04,PLT02,B,SUP0096,Day,2428,276999.93,0.1048,6.15,2.38,2199.9,35.3,49423.24,74.7,0,Watch
B004122,2025-06-23,PLT03,B,SUP0148,Day,1274,146308.68,0.0935,4.98,12.1,1446.6,26.8,39632.93,56.0,0,Critical
B002006,2025-04-23,PLT09,D,SUP0021,Day,1766,361015.36,0.1006,0.32,7.01,2506.0,24.2,68587.92,80.9,0,Watch
B000327,2025-11-22,PLT05,A,SUP0051,Night,1637,145261.59,0.0818,1.7,2.97,1280.8,29.4,23205.88,80.1,0,Normal
B000605,2025-12-04,PLT10,A,SUP0033,Night,789,68842.78,0.0963,8.89,3.77,612.4,24.8,9860.78,79.4,0,Normal
B004234,2025-03-10,PLT09,A,SUP0060,Day,1461,142647.04,0.0601,3.73,17.8,,28.8,277073.63,91.1,0,Normal
B003078,2025-02-11,PLT01,B,SUP0158,Night,1550,177227.34,0.1073,5.25,2.16,1380.5,,31198.67,76.5,0,Watch
B002631,2025-05-10,PLT10,B,SUP0042,Night,1349,149608.5,0.1035,1.58,5.68,1367.1,27.5,27395.43,64.7,0,Watch
B004367,2025-08-05,PLT03,D,SUP0169,Day,2195,388391.69,0.069,1.7,2.34,2651.8,22.4,41001.12,75.3,0,Normal
B004692,2025-06-05,PLT06,B,SUP0085,Night,1254,124242.41,0.1012,4.4,5.73,1158.0,16.6,26127.08,82.5,0,High
B003249,2025-12-03,PLT10,B,SUP0148,Day,1307,147008.64,0.0941,3.88,10.73,1336.2,28.2,30074.1,66.3,0,High
B004973,2025-10-17,PLT04,A,SUP0004,Day,1469,124662.12,0.0886,4.63,4.15,1155.9,32.4,23684.69,74.5,0,Watch
B003393,2025-10-25,PLT07,B,SUP0149,Day,636,69444.25,0.105,2.12,10.79,769.0,24.8,12284.62,77.1,0,Watch
B001472,2025-09-25,PLT05,C,SUP0076,Night,864,125139.74,0.1246,6.92,6.36,1037.8,,28596.38,71.8,1,High
B001774,2025-09-06,PLT02,C,SUP0147,Day,882,126601.31,0.0788,6.01,5.2,1189.5,37.1,26187.51,73.3,0,High
B002785,2025-09-15,PLT03,B,SUP0134,Day,1456,171981.89,0.0772,3.98,5.14,1440.3,26.2,21254.19,74.3,1,Normal
B000790,2025-11-17,PLT05,D,SUP0140,Day,1125,193591.95,0.0866,6.07,2.61,1636.8,16.4,27267.03,75.6,0,Normal
B002355,2025-07-09,PLT07,B,sup0100,Night,2167,242667.3,0.0666,2.78,4.63,1995.4,36.4,33223.9,72.8,0,Normal
B002926,2025-09-16,PLT08,A,SUP0124,Day,1547,141790.93,0.1668,2.93,12.29,1168.8,14.1,50851.17,53.2,0,Critical
B001546,2025-06-13,PLT08,C,SUP0143,Night,1183,181656.12,0.0496,5.32,5.11,1408.0,32.0,21489.32,85.0,0,Normal
B000872,2025-02-24,PLT01,D,SUP0036,Day,1270,217798.49,0.089,10.34,0.99,1895.2,20.8,25930.27,74.5,0,Normal
B004393,2025-07-17,PLT02,C,SUP0002,Day,1940,279251.69,0.0868,13.84,2.65,2068.7,29.0,52845.64,59.9,0,Watch
B001372,2025-08-08,PLT09,C,SUP0011 ,Day,1821,301278.64,0.0756,5.51,2.35,2477.7,28.7,25107.97,76.3,0,Normal
B003079,2025-02-21,PLT06,B,SUP0049,Night,1788,181984.94,0.0737,0.47,15.02,1959.1,24.0,53404.93,85.8,0,Critical
B000074,2025-02-06,PLT07,C,SUP0159,Night,593,83447.96,0.1174,5.47,1.73,636.2,,10275.41,62.8,0,Normal
B001816,2025-01-14,PLT07,A,SUP0088,Day,1387,115048.3,0.0888,3.64,4.19,1179.4,28.3,19626.71,82.9,0,Watch
B004404,2025-01-22,PLT05,C,SUP0014,Night,839,120526.59,0.064,6.81,3.09,1066.0,18.4,14520.06,76.5,0,Normal
B002265,2025-10-28,PLT09,C,SUP0144,Day,788,129328.96,0.1183,2.83,5.1,824.1,24.1,22447.31,67.8,0,Watch
B003995,2025-04-28,PLT05,B,SUP0040,Day,878,98557.26,0.1107,3.47,2.55,803.0,32.8,12574.78,74.0,0,Normal
B002012,2025-11-05,PLT02,B,SUP0037,Day,1750,196248.38,0.089,6.51,6.37,1378.3,37.1,33958.49,75.9,0,Watch
B004621,2025-05-15,PLT04,C,SUP0180,Night,1181,159923.23,0.1009,6.0,2.26,1619.5,27.8,23128.36,69.7,0,Normal
B003883,2025-04-26,PLT06,A,SUP0139,Day,1835,144201.62,0.065,3.08,9.22,1252.2,28.0,26725.85,89.1,0,Watch
B002288,2025-04-07,PLT10,A,SUP0118,Night,1925,170338.84,0.1057,5.88,1.04,1292.6,25.1,26620.86,64.6,0,Normal
B002944,2025-02-07,PLT06,C,SUP0083,Day,1878,241582.04,0.0742,7.42,0.5,1881.5,30.7,20222.26,74.6,0,Normal
B003826,2025-08-05,PLT03,C,SUP0154,Night,944,137444.59,0.052,10.72,4.29,1292.1,28.7,16265.83,83.7,0,Normal
B000495,2025-10-19,PLT01,C,SUP0056,Day,1886,271945.23,0.0856,4.94,4.42,2171.0,33.2,41339.0,89.6,0,Normal
B003195,2025-08-10,PLT09,C,SUP0009,Night,1112,183650.17,0.0555,3.7,3.19,1165.2,27.0,31307.45,83.1,1,Watch
B002233,2025-05-05,PLT08,A,SUP0047,Day,1527,141825.86,0.0822,13.41,1.78,1223.0,33.6,25311.54,65.9,0,Watch
B004911,2025-04-08,PLT01,B,SUP0067,Night,1456,163374.34,0.0874,1.88,0.44,1364.7,24.9,14742.4,73.8,0,Normal
B001165,2025-12-28,PLT10,D,SUP0117,Day,1051,181923.55,0.0539,1.4,1.55,1713.8,28.8,26321.94,82.5,0,Normal
B003293,2025-12-21,PLT09,B,SUP0178,Night,1866,237737.27,0.1323,8.4,2.84,2031.0,17.4,48399.14,74.9,0,High
B002365,2025-02-15,PLT05,B,SUP0158,Day,1128,127249.16,0.1352,2.2,7.15,1004.5,25.2,17724.35,54.7,0,Normal
B003639,2025-08-24,PLT06,A,SUP0080,Night,1742,135030.04,0.1142,1.88,4.91,1481.5,28.7,27174.14,60.7,0,High
B002222,2025-03-03,PLT04,D,SUP0133,Day,1845,311021.19,0.1126,1.06,1.73,2287.7,32.2,16395.16,66.1,0,Normal
B004263,2025-01-14,PLT04,D,SUP0165,Day,1671,282462.87,0.0724,1.57,4.79,2484.6,29.4,24145.87,90.4,0,Normal
B000619,2025-05-11,PLT10,A,SUP0136,Night,1737,148221.74,0.0709,2.74,7.27,1403.0,20.2,27190.55,82.6,0,Watch
B004344,2025-09-13,PLT10,C,SUP0030,Night,2072,290608.69,0.0966,2.87,2.88,2287.7,20.3,45099.41,76.6,0,Normal
B004471,2025-01-26,PLT06,D,SUP0121,Day,860,133198.71,0.0936,2.74,2.9,1147.6,20.8,15136.25,69.2,0,Normal
B004822,2025-12-07,PLT09,A,SUP0104,Day,1364,139221.79,0.0755,4.55,6.38,1264.9,28.2,20587.19,77.6,0,Normal
B004521,2025-10-21,PLT06,D,SUP0053,Night,1436,224831.98,0.0635,7.68,2.34,2187.6,32.2,41700.94,79.0,0,Watch
B002115,2025-10-25,PLT06,B,SUP0119,Day,1174,117136.72,0.1461,3.82,3.96,1311.4,32.9,22604.55,67.3,1,Watch
B003479,2025-08-15,PLT06,B,SUP0109,Day,679,66436.31,0.1265,3.78,7.54,694.2,27.2,16201.54,77.8,0,High
B000870,2025-11-11,PLT08,A,SUP0155,Day,1691,153831.01,0.0895,1.83,3.13,1020.4,30.9,24002.54,82.8,0,Normal
B003810,2025-07-04,PLT06,B,SUP0148,Day,1449,147733.11,0.087,4.44,0.89,1276.4,17.6,11196.17,73.3,0,Normal
B001043,2025-12-04,PLT08,B,SUP0088,Day,2061,247894.72,0.1029,8.45,3.79,2056.5,21.1,46318.9,68.6,0,Watch
B001406,2025-08-28,PLT10,A,SUP0103,Day,3234,282050.69,0.1377,5.44,3.43,2382.3,29.0,46676.96,74.8,0,Watch
B000357,2025-08-12,PLT05,A,SUP0067,Day,894,76748.94,0.0692,6.89,2.96,685.2,33.9,8855.22,82.2,0,Normal
B001163,2025-12-25,PLT02,A,SUP0037,Day,590,52648.03,0.0973,13.24,1.04,427.9,25.5,7249.58,63.4,0,Normal
B002821,2025-01-13,PLT06,A,SUP0032,Day,1318,101704.17,0.0937,4.07,2.64,1090.6,31.2,12080.43,71.2,0,Normal
B001936,2025-02-05,PLT04,C,SUP0078,Night,1679,238948.88,0.059,3.84,5.18,2007.5,24.7,43035.93,72.2,0,Watch
B004005,2025-02-19,PLT06,D,SUP0099,Day,678,108064.42,0.073,1.36,2.49,1044.2,18.6,11442.6,77.2,1,Normal
B003889,2025-10-18,PLT06,D,SUP0103,Night,1063,162713.44,0.1076,9.69,4.16,1811.3,28.4,40205.03,75.4,0,High
B003596,2025-11-19,PLT08,B,SUP0068,Night,1073,126556.69,0.0928,6.46,2.53,1104.4,23.9,24345.94,72.7,0,Watch
B003617,2025-12-03,PLT08,A,SUP0150,Night,2049,185418.51,0.0593,0.23,1.46,1813.6,26.6,14513.98,89.2,0,Normal
B003713,2025-12-18,PLT09,A,SUP0033,Day,971,95823.53,0.0894,3.26,1.57,635.6,24.7,9560.54,71.9,0,Normal
B003803,2025-07-04,PLT07,A,SUP0104,Day,1645,135885.08,0.1042,1.27,0.97,1077.5,27.3,14851.58,69.2,0,Normal
B002908,2025-07-16,PLT01,A,SUP0038,Day,1635,139425.42,0.1045,10.32,4.42,1316.8,24.0,29366.42,63.0,0,High
B000333,2025-04-15,PLT06,A,SUP0067,Night,1148,86416.48,0.0871,11.93,6.97,814.9,24.9,9647.4,61.7,0,Normal
B001341,2025-08-14,PLT10,C,SUP0055,Night,1480,211656.49,0.14,28.71,5.66,1813.7,21.2,59430.2,58.7,0,Critical
B003063,2025-05-10,PLT08,B,SUP0104,Day,1800,217617.79,0.0822,9.85,1.89,1660.2,37.8,29664.59,78.7,0,Normal
B002930,2025-06-17,PLT08,C,SUP0078,Day,1608,247387.91,0.0636,7.45,3.81,2134.4,28.7,34595.63,74.8,0,Normal
B001259,2025-05-19,PLT07,C,SUP0146,Night,1618,230362.91,0.0763,9.12,,1867.8,33.0,46249.43,68.5,0,High
B003741,2025-04-21,PLT01,B,SUP0119,Day,1068,124382.82,0.0995,14.28,11.7,1292.7,23.9,30463.37,78.2,0,Critical
B004307,2025-10-28,PLT10,D,SUP0022,Night,1050,179389.09,0.0727,6.63,0.21,1543.4,27.2,17163.61,72.0,0,Normal
B001117,2025-05-29,PLT10,C,SUP0169,Night,2055,295824.6,0.0714,5.12,6.4,2412.5,20.8,50707.52,77.9,0,Watch
B001919,2025-01-27,PLT03,B,SUP0072,Day,1696,194163.99,0.0978,2.81,12.67,2150.5,31.8,44131.71,79.0,0,High
B003625,2025-02-14,PLT04,D,SUP0073,Day,1866,316516.16,0.0748,0.54,0.92,2403.3,32.5,26048.41,84.4,0,Normal
B003876,2025-12-08,PLT01,D,SUP0137,Day,1304,233289.05,0.1242,7.03,6.69,1770.0,28.0,51033.55,71.4,1,High
B002601,2025-07-18,PLT09,A,SUP0027,Day,2166,216277.12,0.0629,8.57,3.62,1704.2,29.7,31507.67,74.2,0,Normal
B003332,2025-10-23,PLT04,D,SUP0040,Night,2433,408614.7,0.1321,2.35,1.48,3044.0,27.4,62999.77,58.3,0,Normal
B001422,2025-01-07,PLT04,A,SUP0082 ,Day,1722,147425.64,0.0947,1.42,2.11,1280.1,25.6,24361.6,77.0,0,Normal
B000446,2025-12-08,PLT04,B,SUP0104,Night,1259,134670.22,0.131,7.6,3.6,1250.9,24.4,28482.16,73.9,1,High
B002289,2025-04-22,PLT03,A,SUP0089,Night,2144,188333.76,0.0907,2.95,3.37,1572.3,27.6,24725.57,82.9,0,Normal
B000453,2025-07-13,PLT01,C,SUP0076,Night,1825,257849.08,0.1251,4.61,6.61,1981.8,24.2,63439.27,63.2,0,Critical
B003868,2025-07-08,PLT10,A,SUP0124,Night,1725,149941.11,0.1113,23.77,3.67,1263.7,19.9,36168.67,71.5,0,Critical
B004479,2025-06-30,PLT08,C,SUP0030,Day,1255,187346.26,0.0721,3.43,2.01,1561.8,,24846.84,78.9,0,Normal
B003015,2025-04-01,PLT07,C,SUP0069,Day,2522,346057.79,0.107,5.1,3.83,2873.2,30.0,65211.57,60.2,0,Watch
B000015,2025-03-01,PLT06,B,SUP0088,Day,1067,105958.53,0.1488,6.04,4.37,907.8,23.0,23486.72,59.7,0,High
B002999,2025-10-11,PLT07,A,SUP0150,Night,1615,133601.53,0.0741,0.47,2.55,993.1,24.4,6301.95,83.8,0,Normal
B000946,2025-01-31,PLT01,A,SUP0021,Day,452,39125.53,0.0965,1.67,1.22,335.2,19.7,5467.33,73.1,0,Normal
B000248,2025-01-20,PLT06,A,SUP0089,Night,1970,152443.19,0.0999,1.65,5.56,1625.8,20.4,23784.39,78.9,0,Normal
B004335,2025-06-26,PLT04,D,SUP0167,Night,2957,502773.39,0.0605,4.8,1.85,4452.3,26.5,87685.62,72.2,0,Watch
B000361,2025-04-27,PLT10,A,SUP0157,Day,717,61657.94,0.1368,17.14,2.21,477.6,23.8,11332.94,64.0,0,Watch
B004704,2025-05-07,PLT05,D,SUP0037 ,Night,1237,218198.62,0.0597,5.44,4.9,1847.4,30.2,34928.54,81.9,0,Normal
B001596,2025-05-28,PLT02,B,SUP0109,Day,761,87731.87,0.088,9.8,3.57,732.6,22.9,16514.92,70.9,0,Watch
B004581,2025-12-31,PLT06,B,SUP0069,Day,2427,242573.11,0.114,3.85,4.08,2511.4,27.7,44816.72,76.9,0,Watch
B002348,2025-01-12,PLT07,D,SUP0156,Day,953,160093.27,0.1061,5.11,3.82,1246.9,40.7,31668.68,72.4,1,High
B004413,2025-05-19,PLT10,C,SUP0144,Day,1836,259590.38,0.0693,2.51,0.93,1951.2,23.6,18753.18,82.4,0,Normal
B003549,2025-11-23,PLT03,C,SUP0145,Night,2037,298783.9,0.093,2.34,3.73,2158.1,22.7,42246.15,83.0,0,Normal
B002053,2025-12-02,PLT05,C,SUP0129,Night,1314,190562.88,0.0877,7.62,1.77,1467.9,26.7,37024.93,67.8,0,Watch
B003561,2025-07-04,PLT07,B,SUP0085,Day,1117,122678.68,0.0963,3.47,3.68,1089.9,30.2,13037.81,76.6,0,Normal
B001384,2025-03-21,PLT03,A,SUP0093,Day,1421,126763.28,0.0886,1.26,0.79,1089.2,31.5,13434.27,82.8,0,Normal
B004935,2025-01-09,PLT01,A,SUP0152,Day,2079,180915.67,0.101,2.42,1.27,1495.2,25.6,8919.31,71.9,0,Normal
B004852,2025-03-12,PLT09,A,SUP0128,Day,1966,197370.08,0.1187,2.42,1.99,1433.3,36.6,34142.1,72.4,0,Watch
B000491,2025-08-31,PLT02,D,SUP0130,Night,832,146784.35,0.112,0.74,5.39,1253.3,31.0,27472.78,59.6,0,Watch
B000863,2025-04-15,PLT09,A,SUP0177,Day,2202,223685.34,0.1192,13.12,2.43,1484.8,,37325.39,72.7,0,Normal
B001804,2025-01-12,PLT02,A,SUP0162,Day,1582,140326.08,0.0915,12.21,10.16,1353.0,29.2,31816.31,65.7,0,High
B003407,2025-02-04,PLT10,B,SUP0061 ,Day,1443,162463.06,0.0685,4.53,2.25,,17.0,20877.73,69.6,0,Normal
B001946,2025-07-08,PLT04,A,SUP0168,Day,892,77154.42,0.0651,4.15,1.74,596.6,28.6,6825.23,92.3,0,Normal
B004648,2025-06-25,PLT05,C,SUP0159,Day,623,86818.39,0.136,7.77,6.87,831.3,16.0,19786.33,66.2,0,High
B003655,2025-05-23,PLT02,D,SUP0121 ,Day,2143,378770.43,0.0881,4.79,3.22,3562.6,26.8,62938.82,78.1,0,Watch
B000507,2025-08-22,PLT10,B,SUP0045,Night,1697,187840.73,0.0903,4.7,1.81,1536.6,24.8,20474.17,70.8,0,Normal
B004163,2025-03-29,PLT01,C,SUP0133,Day,1043,145516.46,0.1269,3.11,4.75,1173.7,25.4,145927.87,67.0,0,Normal
B000026,2025-10-17,PLT07,D,SUP0011,Night,1076,184927.89,0.1085,4.22,7.34,1656.5,33.4,41047.9,70.0,0,High
B002330,2025-06-08,PLT02,A,SUP0169,Day,1633,145070.5,0.0511,4.86,5.38,1395.0,24.7,12120.99,81.2,0,Normal
B001223,2025-02-05,PLT01,C,SUP0142,Day,1338,191151.64,0.0697,6.38,3.22,1545.5,35.7,14936.39,80.1,0,Normal
B001114,2025-10-13,PLT05,A,SUP0050,Night,1270,110882.61,0.0815,5.78,2.79,1039.3,22.7,16739.83,81.7,1,Normal
B003423,2025-09-29,PLT09,A,SUP0082,Day,1183,121004.6,0.1268,0.62,7.56,994.6,31.8,27946.94,61.2,0,High
B003492,2025-04-28,PLT01,B,SUP0086,Night,1441,159065.51,0.0958,5.18,0.41,1607.6,23.5,15012.58,68.2,0,Normal
B004426,2025-10-17,PLT07,C,SUP0114,Night,2487,341594.25,0.0979,2.5,2.06,2690.9,19.4,74109.02,72.9,0,High
B004720,2025-01-13,PLT05,A,SUP0037,Night,1286,111142.47,0.0791,3.4,3.51,988.7,25.6,11583.51,84.1,0,Normal
B000434,2025-03-17,PLT08,B,SUP0064,Night,1167,140250.98,0.0987,4.08,8.18,1142.5,15.7,25382.58,73.8,0,Watch
B002108,2025-09-03,PLT02,C,SUP0171,Night,1311,195685.95,0.0604,8.25,3.6,1798.3,28.0,32237.56,82.0,0,Normal
B003866,2025-05-13,PLT07,D,SUP0114,Day,2004,341569.88,0.0865,7.61,2.93,2944.0,22.5,46354.98,70.3,0,Normal
B002894,2025-12-26,PLT01,C,SUP0014,Night,1498,216678.46,0.0005,5.59,0.79,1851.8,14.9,10585.99,86.6,0,Normal
B002134,2025-11-13,PLT05,B,SUP0019,Day,1245,142161.88,0.0797,1.4,6.96,1217.4,28.0,32952.92,72.6,0,High
B004006,2025-03-27,PLT07,A,SUP0176,Day,935,78024.55,0.0651,6.71,2.07,726.9,26.9,8982.9,83.4,0,Normal
B003228,2025-08-20,PLT04,A,SUP0139,Night,878,72632.74,0.0773,1.15,12.68,839.2,17.6,15855.63,75.6,0,High
B002174,2025-07-11,PLT01,C,SUP0168,Day,785,113122.64,0.0773,1.92,2.83,929.0,29.9,18024.83,77.8,0,Normal
B003564,2025-07-13,PLT01,A,SUP0124,Night,774,66372.3,0.054,7.63,2.24,687.8,,13281.35,77.8,0,High
B004756,2025-01-02,PLT08,B,SUP0177,Night,2519,298483.89,0.0686,5.4,9.4,2386.2,25.0,57391.36,73.0,0,Watch
B001103,2025-11-13,PLT01,B,SUP0180,Day,2152,239182.83,0.0923,,3.06,1801.7,29.3,18727.01,69.8,0,Normal
B002310,2025-06-22,PLT02,A,SUP0019,Night,1101,97608.84,0.0601,1.94,6.04,874.4,31.4,18531.43,75.1,0,Watch
B001505,2025-06-03,PLT10,B,SUP0160,Day,1253,138832.29,0.0478,3.7,4.9,1185.7,25.7,9850.5,84.0,0,Normal
B003149,2025-04-19,PLT05,D,SUP0057,Day,1463,258610.87,0.0916,5.46,3.64,2302.4,28.8,32085.83,74.6,0,Normal
B003917,2025-04-12,PLT10,B,SUP0134,Day,1993,225668.76,0.0764,3.84,4.0,1713.6,31.6,28583.27,79.7,0,Normal
B000157,2025-09-24,PLT07,C,SUP0121,Day,1982,270992.03,0.0827,12.19,5.55,2341.6,29.0,53198.37,80.6,0,High
B003040,2025-02-03,PLT02,A,SUP0008,Day,2211,196748.68,0.0561,2.08,6.99,1773.2,,29543.5,86.1,0,Normal
B004195,2025-01-27,PLT04,D,SUP0017,Night,1102,187619.54,0.0568,1.59,6.79,1544.0,28.1,27272.0,76.4,0,Normal
B000616,2025-04-06,PLT10,C,sup0091,Day,2803,406101.35,0.11,12.36,0.73,3212.7,34.7,61604.64,67.3,0,Normal
B000644,2025-11-13,PLT06,A,SUP0066,Day,828,63933.2,0.1259,8.58,0.22,476.9,21.4,10715.73,76.1,0,Normal
B004896,2025-01-18,PLT10,C,SUP0108,Day,1030,145422.64,0.1318,22.97,3.66,1235.3,31.9,38715.45,65.8,0,Critical
B004279,2025-07-19,PLT02,B,SUP0064,Night,1607,187112.32,0.0703,11.12,3.51,1583.2,29.2,29527.89,78.8,1,Normal
B001069,2025-10-21,PLT02,C,SUP0070,Night,915,132030.75,0.0683,4.83,2.27,1327.3,25.0,23823.89,82.2,0,Watch
B003351,2025-03-26,PLT08,A,SUP0028,Day,2211,199524.76,0.0838,2.19,3.35,1675.0,34.7,27837.83,71.4,0,Normal
B002698,2025-05-13,PLT03,C,SUP0049,Day,907,132971.67,0.0978,11.11,4.04,1016.5,23.0,21360.71,67.8,0,Watch
B004284,2025-02-11,PLT03,C,SUP0166,Day,1764,261267.1,0.0709,4.31,1.55,2264.9,35.0,33488.18,82.6,0,Normal
B001567,2025-07-27,PLT09,D,sup0065,Night,1014,199335.09,0.0767,5.6,4.49,1519.5,29.9,31915.79,75.9,0,Normal
B000331,2025-11-01,PLT02,D,SUP0178,Day,801,143792.83,0.1265,1.01,2.68,1236.8,28.0,20369.47,70.3,0,Normal
B001676,2025-07-21,PLT10,A,SUP0114,Day,1503,129050.0,0.1092,3.03,3.69,958.2,19.3,27777.23,63.8,0,High
B002699,2025-02-18,PLT08,B,SUP0171,Day,649,77571.46,0.0511,3.44,2.25,591.7,23.5,6152.61,86.0,1,Normal
B003682,2025-08-12,PLT09,A,SUP0010,Night,1019,102161.78,0.0631,4.14,3.99,859.1,36.7,15139.97,74.8,0,Normal
B000623,2025-06-16,PLT08,B,SUP0053,Day,1399,163103.74,0.0464,6.8,0.38,1258.8,31.2,7808.16,82.6,0,Normal
B001655,2025-02-14,PLT02,B,SUP0031,Day,1414,159305.41,0.0994,1.56,5.76,1423.0,30.6,37856.18,78.6,1,High
B002370,2025-02-14,PLT09,C,SUP0101,Night,1199,197127.71,0.094,5.29,7.11,1795.7,15.8,46179.21,81.7,1,High
B003726,2025-01-11,PLT06,A,sup0050,Day,939,71949.07,0.1025,13.29,7.52,942.2,24.6,11269.58,73.1,0,Normal
B002961,2025-08-31,PLT08,B,SUP0014,Night,1594,193647.05,0.0727,12.61,11.43,1605.6,21.1,47089.15,69.1,0,Critical
B002243,2025-01-19,PLT01,B,SUP0026,Day,1278,143889.6,0.08,3.25,1.99,1197.6,32.0,21567.45,69.7,0,Normal
B001618,2025-01-01,PLT01,B,SUP0083,Night,985,112665.54,0.0882,3.54,12.71,1220.8,24.3,24975.24,79.9,0,High
B002764,2025-10-07,PLT09,A,SUP0033,Night,1398,141750.29,0.0919,1.35,0.31,804.8,28.3,13826.37,73.0,0,Normal
B000756,2025-11-19,PLT01,D,SUP0048,Night,1682,292254.72,0.0499,11.32,4.42,2436.4,33.5,51757.07,79.9,0,Watch
B000519,2025-12-31,PLT02,D,SUP0135,Night,1916,327897.14,0.0516,4.98,3.23,2728.8,28.6,39547.11,83.8,0,Normal
B004160,2025-05-15,PLT07,A,SUP0131,Day,1293,110323.7,0.1363,5.15,6.03,1070.5,27.2,22037.05,76.6,0,High
B000033,2025-12-20,PLT10,B,SUP0147,Night,1067,120424.49,0.1052,9.64,2.8,946.8,24.6,21476.39,68.5,0,Watch
B003690,2025-06-30,PLT02,B,SUP0101,Night,1491,166621.32,0.0898,1.46,2.04,1291.9,31.5,23131.54,70.2,0,Normal
B001158,2025-06-30,PLT07,C,SUP0127,Day,1217,170443.94,0.0345,2.22,7.0,1820.1,17.9,15850.85,92.8,0,Normal
B000745,2025-09-19,PLT01,A,SUP0040,Day,976,84466.43,0.0994,2.92,2.38,677.9,26.2,13220.57,71.6,0,Normal
B002037,2025-12-29,PLT05,B,SUP0072,Day,916,100832.25,0.1112,8.99,3.09,1033.4,31.7,13146.59,65.2,0,Normal
B002448,2025-09-26,PLT02,B,SUP0072,Night,1237,138919.83,0.1334,6.33,7.01,1409.2,20.1,36247.18,75.0,0,Critical
B001698,2025-04-06,PLT05,A,SUP0174,Day,891,78773.21,0.0664,1.43,5.29,730.5,31.4,9577.69,67.4,0,Normal
B002643,2025-10-27,PLT01,C,SUP0061,Night,1054,148355.77,0.0692,13.17,2.82,1199.9,28.8,20617.58,61.9,0,Normal
B000784,2025-10-19,PLT01,C,SUP0129,Day,1807,264934.17,0.0709,6.33,1.72,2505.5,27.2,32574.16,76.9,0,Normal
B001836,2025-11-09,PLT09,B,SUP0062,Day,1784,231491.74,0.0901,2.2,2.69,2057.4,20.5,25323.47,75.9,0,Normal
B002555,2025-08-20,PLT10,A,SUP0038,Day,1249,109637.92,0.0909,10.49,9.87,1040.9,30.7,24002.29,76.5,0,High
B000230,2025-03-05,PLT06,B,SUP0176,Day,578,57650.58,0.0674,7.09,3.84,577.9,32.8,4737.08,78.0,0,Normal
B000858,2025-02-28,PLT05,A,SUP0035,Day,2107,181204.82,0.0693,3.57,1.85,1687.5,40.2,15216.61,82.1,0,Normal
B002888,2025-02-08,PLT07,C,SUP0121,Day,1516,214882.48,0.1188,4.72,1.13,1693.8,23.3,22412.74,77.9,0,Normal
B002407,2025-02-05,PLT01,D,SUP0165,Day,1459,250002.1,0.0672,3.14,6.92,1895.3,19.5,31051.24,84.8,0,Normal
B000409,2025-01-25,PLT09,D,SUP0042,Night,1375,278921.44,0.091,5.05,3.11,1925.3,28.6,48850.24,77.6,0,Watch
B000171,2025-04-20,PLT01,D,SUP0145,Day,1979,342146.95,0.0908,5.32,6.51,2475.5,21.9,61680.63,72.3,0,Watch
B000541,2025-05-13,PLT08,C,SUP0032,Night,977,154102.62,0.0984,2.79,2.19,1343.9,,23142.22,78.3,0,Normal
B003382,2025-06-03,PLT08,A,SUP0118,Day,1940,180726.94,0.094,3.43,6.08,1333.7,32.0,32263.79,72.9,0,Watch
B002349,2025-07-19,PLT02,B,SUP0125,Day,1042,117878.52,0.0987,1.66,1.77,1161.7,28.3,16722.62,70.8,0,Normal
B004564,2025-08-13,PLT06,B,SUP0031,Day,1355,135637.23,0.098,1.35,1.56,1251.5,26.7,13961.52,68.6,0,Normal
B000614,2025-06-02,PLT05,A,SUP0062,Day,1298,113377.03,0.0667,1.98,2.38,965.9,24.2,14917.72,81.1,0,Normal
B004271,2025-04-05,PLT07,B,SUP0091,Night,1641,180719.82,0.1433,16.82,5.14,1473.2,29.9,42313.15,51.9,0,Critical
B002858,2025-12-17,PLT10,C,SUP0138,Night,1075,155650.93,0.108,6.63,4.4,1445.0,19.7,29764.75,66.8,0,High
B004670,2025-03-15,PLT08,D,SUP0103,Day,1028,186149.75,0.1019,1.31,1.93,1717.0,27.7,28300.11,66.1,0,Normal
B001162,2025-11-17,PLT10,C,SUP0170,Day,1659,238079.0,0.0738,2.52,2.69,2121.1,34.6,20176.99,80.1,0,Normal
B002102,2025-08-28,PLT02,D,SUP0135,Night,1076,186796.61,0.0566,4.63,1.4,1404.9,28.3,11582.16,83.5,0,Normal
B002410,2025-09-01,PLT05,B,SUP0024,Day,1180,137841.05,0.0709,11.0,2.4,1229.2,28.3,24035.44,81.5,0,Watch
B002487,2025-08-29,PLT03,C,SUP0142 ,Day,1492,220926.26,0.0704,0.54,14.56,1875.5,22.9,66282.79,77.3,0,Critical
B001670,2025-08-10,PLT09,D,SUP0065,Day,2312,471529.97,0.0798,3.23,6.06,4025.7,42.1,64611.15,76.8,0,Normal
B004843,2025-04-23,PLT09,A,SUP0030,Day,1367,142183.3,0.0818,5.77,8.45,1034.3,33.2,34545.19,82.0,1,Critical
B003318,2025-04-24,PLT05,B,SUP0060,Day,946,105623.53,0.0871,2.55,2.68,784.2,26.8,8373.54,78.2,0,Normal
B000565,2025-08-01,PLT05,C,SUP0075,Night,939,136750.33,0.109,2.85,11.23,1171.8,40.9,36257.24,64.8,0,Critical
B003802,2025-08-22,PLT05,C,sup0007,Night,1520,216118.61,0.0773,2.09,2.87,1619.8,25.9,42472.74,86.0,0,Watch
B004292,2025-05-11,PLT09,A,SUP0176,Night,1437,145397.02,0.0776,3.66,3.59,936.5,23.1,24555.57,78.7,0,Watch
B001861,2025-01-29,PLT04,B,SUP0100,Night,1409,155454.08,0.1031,10.42,1.02,1377.5,28.4,23388.96,70.8,0,Normal
B003782,2025-05-02,PLT07,B,SUP0033,Day,1492,161947.79,0.0934,9.71,3.84,1489.8,,16945.95,78.4,0,Normal
B001745,2025-03-21,PLT05,B,SUP0132,Night,1779,202581.69,0.1877,5.66,0.46,1775.7,29.4,41649.53,60.5,0,High
B004819,2025-06-15,PLT06,C,SUP0174,Day,1093,142722.86,0.0997,1.1,4.0,1354.6,21.6,28530.97,75.8,0,High
B004979,2025-10-29,PLT09,B,SUP0001,Day,1214,153614.65,0.0706,2.96,4.54,1191.4,27.4,22991.84,79.2,0,Normal
B003546,2025-03-23,PLT09,B,SUP0013,Day,1576,207948.66,0.0634,2.99,3.57,1285.8,26.4,17830.28,71.4,0,Normal
B001589,2025-09-15,PLT10,A,SUP0079,Night,2525,214611.82,0.0999,2.31,3.74,1492.1,30.4,29906.94,68.6,0,Normal
B002438,2025-10-07,PLT05,A,SUP0065,Night,1263,109088.71,0.1034,8.0,0.95,937.2,27.9,15894.18,75.0,0,Normal
B002532,2025-10-31,PLT03,B,SUP0013,Day,1149,133104.57,0.0715,4.94,,1223.0,19.4,23387.9,75.8,1,Watch
B002599,2025-11-15,PLT02,C,SUP0047,Day,1399,203243.24,0.0966,4.29,7.86,1495.9,28.5,44703.8,79.9,0,High
B001173,2025-07-11,PLT02,B,SUP0109,Night,2055,231538.6,0.0987,0.68,18.04,2155.5,22.3,70342.62,66.9,0,Critical
B004150,2025-04-23,PLT04,D,SUP0084,Day,1170,198364.15,0.1424,7.39,2.55,1532.8,27.9,33830.45,64.1,0,Watch
B000326,2025-04-29,PLT10,D,SUP0017,Night,984,168213.73,0.0599,16.28,9.53,1760.7,23.3,44205.83,66.5,0,Critical
B001052,2025-01-13,PLT05,A,SUP0028,Night,1688,145841.6,0.0863,2.51,1.94,1050.0,27.5,21129.66,71.7,0,Normal
B003861,2025-05-22,PLT04,C,SUP0056,Night,1806,245143.57,0.0511,2.66,3.21,2499.1,17.8,33917.69,79.0,0,Normal
B003361,2025-09-04,PLT03,A,SUP0150,Day,954,86334.36,0.0898,5.45,2.4,598.3,19.8,16013.56,72.9,0,Watch
B002945,2025-04-27,PLT08,D,SUP0083,Night,1111,207253.23,0.0931,12.98,1.94,1813.3,25.1,35534.66,60.3,0,Watch
B004327,2025-11-18,PLT05,C,SUP0179,Day,675,97412.55,0.0868,15.67,3.22,787.0,37.8,11788.38,63.0,0,Normal
B004226,2025-05-01,PLT08,C,SUP0122,Day,1120,171823.65,0.0957,6.04,2.12,1306.9,27.0,17076.13,75.4,0,Normal
B001197,2025-02-28,PLT02,C,SUP0072,Day,706,104051.28,0.1022,4.89,7.46,1025.0,17.0,25009.22,63.8,0,High
B000621,2025-07-17,PLT01,C,SUP0071,Night,1828,257882.21,0.0972,3.56,10.57,2076.3,31.0,77790.47,81.2,0,Critical
B002379,2025-04-19,PLT04,A,SUP0060,Day,1125,94976.0,0.0715,4.87,3.98,818.4,27.6,13963.23,72.6,0,Normal
B001361,2025-07-30,PLT08,A,SUP0008,Day,1507,136446.77,0.0713,2.86,5.51,1376.3,31.9,14616.36,64.9,0,Normal
B001190,2025-12-23,PLT07,A,SUP0090,Day,1514,127839.9,0.1043,1.17,7.15,1270.9,31.1,24655.69,75.5,1,Watch
B000329,2025-05-30,PLT04,C,SUP0147,Day,1452,203373.27,0.1201,2.29,0.66,1844.9,32.1,21053.14,81.8,0,Normal
B000649,2025-08-07,PLT03,A,SUP0139 ,Night,2571,230111.41,0.0739,2.2,2.77,2118.9,26.9,32086.14,73.2,0,Normal
B000898,2025-04-30,PLT01,A,SUP0063,Day,1599,137586.92,0.1475,10.31,11.38,1102.5,26.8,35164.28,70.2,0,Critical
B003072,2025-04-07,PLT03,D,SUP0104,Day,1097,193044.68,0.0913,11.21,4.09,1275.3,21.1,28617.57,71.2,0,Normal
B001124,2025-04-17,PLT02,A,SUP0104,Night,1644,147074.02,0.0813,3.14,2.6,1239.7,28.1,15331.75,65.4,0,Normal
B001962,2025-06-11,PLT05,B,SUP0087,Day,1430,161705.93,0.0758,11.11,9.75,1450.4,27.9,38287.95,79.6,0,High
B004691,2025-09-27,PLT07,C,SUP0150,Day,1900,260489.56,0.0832,11.51,4.1,2094.6,29.2,45246.88,76.3,0,Watch
B003979,2025-05-29,PLT03,D,SUP0104 ,Day,1587,281415.2,0.087,0.3,0.39,2565.0,26.4,23415.03,76.0,0,Normal
B002005,2025-12-06,PLT10,D,SUP0070,Day,1770,309921.97,0.0571,1.21,9.53,3013.4,22.6,69498.32,75.0,0,High
B003254,2025-03-11,PLT06,B,SUP0031,Day,1587,160902.95,0.1012,4.7,2.16,1442.2,27.8,29891.66,75.4,0,Watch
B002498,2025-05-08,PLT03,C,SUP0114,Night,1031,155461.61,0.0804,11.78,11.05,1387.3,32.3,35195.33,68.0,0,High
B003379,2025-12-06,PLT08,B,SUP0146,Day,1507,181150.24,0.1146,4.98,4.27,1545.5,31.1,37649.01,60.6,0,High
B002305,2025-06-18,PLT05,A,SUP0047,Day,1471,127136.25,0.0763,1.76,5.04,1322.6,25.5,19676.35,78.1,0,Normal
B001601,2025-07-19,PLT01,B,SUP0155,Night,987,110634.92,0.1296,7.85,3.52,1254.6,20.2,25098.91,65.8,0,High
B003800,2025-01-17,PLT06,B,SUP0109,Day,1845,183469.17,0.0963,7.75,1.67,1564.6,,28167.56,76.8,0,Normal
B001024,2025-01-28,PLT08,B,SUP0090,Night,1114,132159.67,0.1239,6.38,10.36,1309.0,20.5,34411.78,53.8,0,Critical
B002046,2025-12-25,PLT07,A,SUP0063,Day,1328,111501.14,0.1024,0.9,3.0,844.3,28.2,18303.15,65.1,0,Watch
B002059,2025-01-27,PLT04,B,SUP0028,Night,1061,115070.15,0.0582,6.79,2.07,767.9,34.6,14520.9,74.9,0,Normal
B004644,2025-04-06,PLT08,D,SUP0137,Day,955,175222.71,0.1048,7.56,1.76,1475.4,27.8,16352.47,77.4,0,Normal
B002953,2025-08-04,PLT04,B,SUP0172,Night,2359,259382.74,0.0805,9.43,1.49,2295.1,22.0,26142.61,76.9,0,Normal
B004988,2025-02-27,PLT04,B,SUP0031,Day,2566,280385.88,0.1078,10.03,7.38,2520.7,40.4,67331.48,65.9,0,High
B000810,2025-08-30,PLT03,C,SUP0129,Day,1856,278339.32,0.0752,6.57,1.57,2508.0,25.6,35074.56,69.0,0,Normal
B003236,2025-04-29,PLT03,A,SUP0032,Day,796,72216.24,0.0896,0.73,4.04,578.0,32.3,8195.88,82.5,0,Normal
B000979,2025-11-03,PLT09,B,SUP0041,Night,1591,207150.62,0.1187,8.18,1.97,1640.5,32.0,49075.92,57.5,0,Critical
B003003,2025-08-23,PLT09,B,SUP0062,Night,499,62873.0,0.0763,3.66,2.54,,25.4,11039.15,87.7,0,Watch
B002744,2025-03-29,PLT03,C,SUP0072,Day,2116,309048.5,0.1283,4.32,1.58,2604.0,22.2,47462.78,73.2,0,Normal
B001747,2025-08-17,PLT10,D,SUP0053,Night,1449,254761.77,0.0662,3.19,4.86,2045.0,33.9,232130.35,85.1,0,Normal
B004254,2025-08-05,PLT02,B,SUP0069,Night,1955,218576.38,0.1257,11.63,3.17,1647.3,29.2,43409.55,63.3,0,Watch
B001452,2025-01-11,PLT06,D,SUP0103,Day,858,134443.57,0.1119,2.41,10.99,1569.0,34.9,31414.06,72.1,0,High
B003472,2025-01-20,PLT09,B,SUP0062,Day,906,117894.9,0.1143,1.69,3.51,812.7,21.5,18092.2,83.4,0,Normal
B004981,2025-06-14,PLT03,C,SUP0076,Day,1469,217309.42,0.1312,10.28,4.93,1633.9,28.3,46691.8,65.0,0,High
B002823,2025-10-26,PLT05,A,SUP0131,Night,2415,207272.28,0.1152,11.56,9.37,1727.6,29.8,412691.64,59.5,0,High
B003667,2025-04-11,PLT08,A,SUP0124,Night,1065,95917.59,0.081,7.85,2.66,777.2,,10337.89,81.2,0,Normal
B000175,2025-01-01,PLT10,A,SUP0106,Night,2239,190271.45,0.0912,3.02,3.87,,27.6,27341.5,70.5,0,Normal
B001653,2025-09-27,PLT04,B,SUP0109,Night,911,97121.97,0.1097,0.52,5.84,972.6,18.6,17085.5,71.1,0,Watch
B003081,2025-05-01,PLT08,B,SUP0104,Day,1969,239544.87,0.1338,8.86,8.74,2001.9,23.6,62798.45,57.8,0,Critical
B001533,2025-10-08,PLT05,A,SUP0104,Night,1253,110641.75,0.0804,0.95,0.62,1088.2,25.7,8076.93,73.8,0,Normal
B004507,2025-09-17,PLT09,D,SUP0040,Day,907,182941.14,0.0729,1.92,0.97,1391.2,34.6,25119.02,90.5,0,Normal
B000218,2025-06-17,PLT04,A,SUP0175,Day,1560,135735.47,0.0812,12.46,8.68,1028.9,23.4,31688.23,77.6,0,High
B004823,2025-01-26,PLT02,C,SUP0056,Day,1486,216226.55,0.0564,1.66,1.24,1976.1,28.0,19971.69,81.0,0,Normal
B003794,2025-07-17,PLT03,C,SUP0077,Night,1088,157962.68,0.1019,4.85,17.61,1361.3,12.4,49113.01,74.2,0,Critical
B001445,2025-04-29,PLT07,C,SUP0152,Day,1120,150681.74,0.0974,2.69,4.62,1395.3,30.0,19597.68,76.3,0,Normal
B000691,2025-09-29,PLT07,B,SUP0056,Day,1527,165556.28,0.0601,0.63,2.27,1255.3,23.9,19809.48,81.3,0,Normal
B002629,2025-09-18,PLT08,B,SUP0031,Night,1366,164651.53,0.1109,0.88,0.89,1433.3,37.8,27661.98,74.3,0,Watch
B002277,2025-08-12,PLT04,C,SUP0142,Day,1208,169664.57,0.1146,12.33,2.18,1544.0,20.9,25660.11,69.0,0,Normal
B002458,2025-04-10,PLT07,B,SUP0148 ,Night,1670,184632.57,0.0837,2.41,2.12,1553.2,23.0,26256.84,78.5,0,Normal
B001107,2025-06-22,PLT03,A,SUP0157,Day,1804,157419.84,0.1144,10.93,1.08,1090.2,25.7,20376.58,61.1,0,Normal
B002158,2025-01-14,PLT03,D,SUP0115,Night,862,152108.45,0.0533,9.9,1.15,1004.2,33.5,19505.33,74.5,0,Normal
B002112,2025-02-21,PLT01,A,SUP0160,Day,2351,200972.01,0.0906,3.42,2.45,1637.9,25.5,23301.14,84.1,0,Normal
B001584,2025-08-19,PLT09,A,SUP0083,Night,1131,114454.89,0.102,3.32,5.4,797.3,23.5,17748.05,63.2,0,Normal
B000612,2025-09-04,PLT07,B,sup0087,Day,1755,193182.84,0.0791,1.61,2.09,1707.5,27.7,26077.9,73.8,0,Normal
B003308,2025-07-13,PLT06,A,SUP0140,Day,1574,123112.36,0.0909,12.4,0.26,1070.8,31.9,19172.35,70.2,0,Normal
B003785,2025-04-01,PLT08,A,SUP0051,Day,1586,139709.54,0.0739,10.49,5.98,1291.7,19.1,31904.61,74.1,0,High
B000577,2025-06-24,PLT07,B,SUP0064,Night,1641,181506.4,0.1016,2.03,1.27,1604.7,44.7,30775.51,82.2,0,Watch
B002105,2025-09-27,PLT06,D,SUP0080,Day,793,124083.72,0.0957,1.65,4.15,1238.1,25.2,15414.76,67.5,0,Normal
B004481,2025-12-04,PLT05,B,SUP0054,Night,1910,214169.28,0.1035,4.71,8.45,1902.2,25.8,50612.94,64.9,0,High
B001181,2025-07-20,PLT02,B,SUP0177,Day,1037,117613.6,0.0996,4.42,5.57,900.6,28.1,21105.13,64.7,0,Watch
B000889,2025-12-01,PLT09,C,SUP0126,Day,1129,184064.12,0.1074,16.08,0.6,1250.4,29.9,14793.69,70.5,0,Normal
B003193,2025-07-15,PLT02,C,SUP0122,Night,1265,180976.86,0.102,2.2,1.47,1463.0,29.8,20942.49,70.3,0,Normal
B002433,2025-11-23,PLT09,D,SUP0144,Day,2067,410024.86,0.0964,2.24,7.15,3505.6,33.0,75496.45,77.2,0,Watch
B003075,2025-06-24,PLT02,A,SUP0091,Day,1681,148561.77,0.1079,7.94,8.52,1258.1,28.1,32097.07,64.2,0,High
B000818,2025-01-01,PLT04,C,SUP0008,Night,1040,144047.31,0.0689,4.0,6.07,1143.1,25.0,24102.75,89.5,0,Normal
B004678,2025-04-12,PLT08,A,SUP0002,Day,1571,146032.1,0.0609,0.18,3.12,1294.3,21.6,17210.56,77.2,1,Normal
B003319,2025-01-12,PLT02,A,SUP0046,Day,1543,138012.58,0.1058,5.46,1.72,,21.0,17800.82,66.9,0,Normal
B000209,2025-09-29,PLT07,B,SUP0147,Day,1602,174790.0,0.0904,2.78,0.92,1308.5,,19024.48,70.3,0,Normal
B000294,2025-07-29,PLT07,C,SUP0142,Day,1514,209203.69,0.0807,14.27,2.28,1802.1,35.5,22154.47,67.0,0,Normal
B001120,2025-02-21,PLT10,C,SUP0107,Night,1639,229211.26,0.0525,2.67,14.41,,33.7,58286.01,80.5,0,Critical
B004730,2025-12-26,PLT09,B,SUP0135,Day,1506,197862.08,0.0756,2.24,10.32,1621.4,27.4,39936.46,80.1,0,High
B004395,2025-03-30,PLT03,B,sup0158,Day,2093,234470.25,0.0996,2.97,4.52,1708.0,35.6,30996.47,73.0,0,Normal
B001265,2025-11-04,PLT07,D,sup0121,Day,2224,391359.04,0.093,,3.33,3331.2,38.6,62699.11,67.2,0,Normal
B000991,2025-03-09,PLT10,B,SUP0096,Day,893,101540.35,0.0601,1.25,1.33,831.1,29.2,7252.9,78.9,0,Normal
B002318,2025-09-16,PLT02,C,SUP0035,Night,2547,377190.96,0.0809,2.99,9.99,2702.1,26.4,83299.33,79.2,0,High
B004241,2025-11-11,PLT04,C,SUP0119,Day,966,134366.01,0.106,3.5,5.19,1040.4,20.3,25222.9,72.7,0,Watch
B003432,2025-09-25,PLT05,D,SUP0163,Night,1645,291326.12,0.1008,4.41,2.48,2507.1,23.1,42980.63,75.5,0,Normal
B000354,2025-11-19,PLT03,A,SUP0159,Day,979,87224.86,0.1136,10.05,0.93,712.9,30.3,12869.78,62.7,0,Normal
B001922,2025-11-30,PLT09,D,SUP0079,Day,630,126982.95,0.0946,14.23,3.12,961.0,33.2,22221.66,66.3,0,Watch
B001539,2025-09-23,PLT08,B,SUP0015,Night,1415,165152.26,0.0594,4.37,7.12,1244.6,,29460.35,87.9,0,Watch
B003459,2025-03-18,PLT10,C,SUP0098,Day,1279,187717.65,0.0763,0.82,4.11,1634.2,27.9,27464.24,77.5,1,Normal
B001490,2025-07-31,PLT04,C,SUP0177,Day,1049,148765.41,0.0725,1.72,3.34,1295.2,24.5,25013.39,75.3,0,Normal
B003834,2025-01-21,PLT10,A,SUP0066,Day,1408,120402.81,0.1016,9.33,5.06,1241.1,30.3,19644.67,68.8,0,Watch
B003723,2025-03-29,PLT06,C,SUP0168,Night,1371,173107.07,0.0834,3.73,4.33,1609.5,30.1,23685.51,79.3,0,Normal
B001229,2025-12-30,PLT08,C,SUP0056,Night,1146,178093.63,0.0701,10.2,1.98,1677.1,34.9,26691.46,79.2,0,Normal
B000260,2025-07-11,PLT03,B,SUP0026,Night,651,76696.1,0.1013,2.93,7.52,740.4,19.7,14423.55,70.7,0,Watch
B003538,2025-06-24,PLT02,A,SUP0104,Day,1672,146506.86,0.0785,2.92,1.68,1318.7,26.5,14009.42,78.5,0,Normal
B004731,2025-11-18,PLT02,C,SUP0014,Day,1222,178948.44,0.0185,6.62,2.56,1376.3,30.3,15650.4,75.4,0,Normal
B004789,2025-12-27,PLT03,C,SUP0129,Day,2609,397047.44,0.0684,7.86,1.23,3296.2,30.3,53117.49,75.5,0,Normal
B001834,2025-02-02,PLT06,D,SUP0085,Night,1799,276412.34,0.0835,2.21,3.43,2690.7,31.2,49368.08,75.2,0,Watch
B002592,2025-10-23,PLT10,C,SUP0013,Day,2264,330363.79,0.0751,0.47,15.86,3100.7,29.3,351556.76,76.5,0,Normal
B000053,2025-09-02,PLT03,C,SUP0126,Night,2047,298578.78,0.0984,6.78,6.17,2639.0,22.9,62026.2,68.2,0,High
B002618,2025-06-06,PLT07,B,SUP0148,Night,1084,119101.26,0.0838,3.33,9.24,1017.4,28.2,25496.27,72.1,0,High
B004509,2025-02-15,PLT03,A,SUP0102,Day,1691,149835.15,0.087,5.88,3.09,1258.9,24.3,11756.51,83.6,0,Normal
B002237,2025-12-11,PLT10,B,SUP0080,Day,2112,234178.68,0.0853,9.4,4.67,1745.8,31.9,46784.65,70.1,0,High
B003430,2025-02-05,PLT02,A,SUP0161,Night,1194,106168.6,0.0767,4.9,0.86,857.9,30.5,10358.29,84.6,0,Normal
B003117,2025-11-09,PLT03,B,SUP0070,Night,746,87544.88,0.0615,4.78,3.71,763.8,22.8,10876.9,76.9,0,Normal
B002389,2025-06-08,PLT08,B,SUP0019,Day,1813,212239.66,0.0836,11.22,3.7,1554.3,32.1,31805.43,69.6,0,Normal
B001480,2025-09-01,PLT01,A,SUP0140,Day,2356,208204.86,0.0451,5.42,16.22,1846.7,,53683.47,78.5,0,Critical
B001508,2025-08-28,PLT07,C,SUP0116,Day,973,131489.31,0.0879,4.89,5.63,1287.8,42.1,26556.82,77.9,0,High
B001034,2025-11-04,PLT09,A,SUP0060,Day,1208,121754.79,0.0516,2.63,3.48,1062.1,27.0,13072.54,76.8,0,Normal
B001098,2025-02-17,PLT08,B,SUP0015,Night,1007,118178.12,0.0975,16.62,1.85,845.5,26.6,10485.06,74.4,0,Normal
B001470,2025-02-03,PLT10,B,SUP0087,Day,1316,148025.94,0.1139,6.92,5.0,1306.7,34.8,22597.49,53.6,0,Normal
B000544,2025-06-17,PLT04,B,SUP0101,Night,1352,148341.8,0.0863,1.58,8.02,1532.2,,35271.02,78.0,0,High
B001047,2025-01-06,PLT06,A,SUP0128,Night,1225,94862.81,0.1436,4.39,2.76,946.3,27.6,15285.42,63.7,0,Normal
B004040,2025-09-09,PLT09,B,SUP0057,Day,2252,295781.14,0.07,1.36,0.72,2228.7,28.1,38092.01,78.3,0,Normal
B001631,2025-01-11,PLT10,D,SUP0073,Day,1924,338716.9,0.0895,11.77,5.5,2634.3,25.3,66015.22,76.8,0,High
B000031,2025-08-31,PLT05,A,SUP0006,Night,1201,103059.54,0.0674,10.64,2.08,801.3,24.4,14886.05,80.7,0,Normal
B000726,2025-04-22,PLT03,B,SUP0026,Day,1372,160020.8,0.0464,2.75,4.01,1365.8,36.3,14166.62,73.5,0,Normal
B004701,2025-12-31,PLT01,B,SUP0079,Night,941,105891.29,0.0756,11.22,2.4,922.4,26.2,13424.62,75.4,0,Normal
B002139,2025-08-27,PLT08,B,SUP0120,Day,1595,187862.84,0.1029,7.12,6.89,1611.1,35.9,41609.82,69.4,0,High
B003981,2025-01-30,PLT07,D,SUP0116,Night,1229,210675.45,0.1038,7.2,0.93,1831.4,30.2,22888.37,72.1,0,Normal
B001427,2025-06-13,PLT03,B,SUP0053 ,Day,1636,195446.78,0.0738,2.35,5.93,1452.0,32.1,33804.15,75.4,0,Watch
B003750,2025-08-09,PLT04,B,SUP0040,Night,1918,212230.72,0.0822,1.96,5.31,1482.2,27.6,27835.1,84.7,0,Normal
B000437,2025-05-16,PLT02,D,SUP0036,Day,903,161669.86,0.072,1.17,2.78,1483.7,28.7,16877.05,84.5,0,Normal
B002518,2025-09-10,PLT10,C,SUP0142,Day,1702,242864.41,0.0507,10.66,3.8,1968.0,29.3,28487.09,71.3,0,Normal
B000913,2025-03-04,PLT05,C,SUP0136,Day,2193,316759.16,0.1075,4.66,3.13,2653.2,24.1,42161.25,77.7,0,Normal
B004266,2025-09-04,PLT10,D,SUP0141,Day,1389,238674.93,0.0851,5.79,5.34,1830.7,30.7,43098.22,81.4,0,Watch
B004328,2025-10-13,PLT02,A,SUP0139,Night,1500,132836.21,0.0847,4.99,2.31,999.8,23.9,19479.88,75.0,0,Normal
B004558,2025-02-27,PLT07,A,SUP0130,Day,622,53401.36,0.0869,2.8,1.76,496.3,25.5,5634.88,78.4,0,Normal
B004861,2025-05-24,PLT04,A,SUP0165,Day,2438,204899.74,0.0404,2.21,1.01,1574.2,23.9,15195.63,82.1,0,Normal
B002332,2025-08-06,PLT08,C,SUP0093,Day,1417,212274.28,0.0989,4.97,1.52,1861.4,34.2,26075.27,63.8,0,Normal
B004747,2025-10-07,PLT06,B,SUP0097,Night,1306,131242.92,0.0961,0.35,1.8,1430.9,24.3,8690.56,72.9,0,Normal
B001239,2025-12-05,PLT08,B,SUP0097,Night,861,103179.58,0.0819,5.71,5.1,830.2,30.0,14367.66,76.4,0,Normal
B000904,2025-06-20,PLT04,C,SUP0142,Night,1502,211997.85,0.081,8.73,6.63,2177.1,30.8,36973.51,78.2,0,Watch
B001838,2025-07-19,PLT02,B,SUP0014,Night,903,101706.94,0.0689,8.07,4.2,908.9,17.8,16512.81,76.2,0,Normal
B003209,2025-10-09,PLT07,B,SUP0128,Night,1637,180841.59,0.1199,13.87,0.78,1653.5,37.1,24130.78,65.2,0,Normal
B004255,2025-07-20,PLT05,A,SUP0175,Day,991,87386.39,0.0753,3.77,1.8,804.1,20.5,13685.09,78.0,0,Normal
B000508,2025-01-01,PLT10,D,SUP0114,Day,1163,198760.65,0.0819,9.26,0.4,1756.7,30.8,16026.31,72.7,0,Normal
B004351,2025-10-11,PLT02,B,SUP0053,Night,1380,159669.46,0.0717,7.95,3.62,1106.3,36.7,25003.86,88.6,0,Normal
B000184,2025-10-27,PLT09,C,SUP0110,Day,1740,287343.75,0.072,0.15,5.57,1909.9,31.8,35725.01,80.3,0,Normal
B004152,2025-11-24,PLT06,D,SUP0165,Night,1078,166288.89,0.0822,8.09,8.25,1800.9,32.7,47020.1,73.8,0,Critical
B001498,2025-03-18,PLT08,D,sup0080,Night,1174,220033.92,0.1091,8.03,5.81,1802.4,30.0,49750.06,72.3,1,High
B003306,2025-02-05,PLT09,A,SUP0066,Night,2108,212634.08,0.1034,3.2,7.36,1351.1,28.7,46393.93,63.4,0,High
B000322,2025-01-22,PLT02,C,SUP0136,Night,832,120410.83,0.1026,6.86,2.8,878.4,30.9,24087.84,76.1,0,Watch
B001841,2025-12-10,PLT06,D,SUP0103,Day,1474,224193.63,0.1009,5.57,7.28,2289.4,30.1,47779.76,75.6,0,High
B002716,2025-08-18,PLT01,D,SUP0150,Night,1179,207871.56,0.0931,3.62,3.7,1617.5,24.3,35891.27,79.1,0,Watch
B004664,2025-09-07,PLT06,B,SUP0082,Night,1113,110878.83,0.0673,1.76,3.86,1187.1,30.9,15870.42,83.4,0,Normal
B003709,2025-07-11,PLT04,A,SUP0027,Day,1117,97344.88,0.0652,3.36,1.24,825.1,21.9,10779.96,75.3,0,Normal
B001845,2025-06-11,PLT07,C,SUP0070,Night,795,110376.8,0.0592,3.34,0.98,1133.0,27.5,5607.1,84.4,0,Normal
B001910,2025-04-13,PLT10,C,SUP0137,Day,1451,208270.19,0.115,0.54,5.73,1702.8,20.8,45173.1,79.4,1,High
B004557,2025-08-17,PLT04,B,SUP0141,Night,1279,140378.33,0.0839,0.9,3.8,1339.8,27.6,17377.85,81.8,0,Normal
B001552,2025-05-16,PLT05,C,SUP0152,Day,1387,202067.97,0.0829,5.73,12.58,1896.1,22.3,52109.84,82.1,0,Critical
B004483,2025-06-17,PLT05,D,SUP0103,Night,1105,200273.13,0.1109,1.12,2.95,2117.6,30.8,20387.32,74.2,0,Normal
B001147,2025-05-19,PLT06,C,SUP0107,Day,1548,201618.59,0.1023,0.89,3.08,2161.2,29.5,29014.03,63.5,0,Normal
B002111,2025-06-17,PLT10,B,SUP0037,Night,1486,166103.76,0.0874,0.4,2.3,1290.5,19.5,17223.51,83.9,0,Normal
B000045,2025-10-10,PLT04,C,SUP0170,Day,1357,190296.31,0.1173,3.32,4.44,1716.9,30.9,35601.19,66.7,0,Watch
B003939,2025-07-15,PLT02,C,SUP0032,Day,463,68022.62,0.0864,6.08,6.91,,28.1,14706.79,73.0,0,High
B002493,2025-12-25,PLT05,A,SUP0143,Day,1252,110685.11,0.0597,2.78,3.35,1142.1,33.8,12120.29,82.6,0,Normal
B001892,2025-02-20,PLT04,C,SUP0149,Day,1314,184187.37,0.0724,0.74,1.29,1910.3,28.2,25477.27,87.1,0,Normal
B001379,2025-04-01,PLT02,A,SUP0093,Night,2592,229161.39,0.11,3.86,3.26,1814.9,35.8,32187.6,64.2,0,Normal
B002440,2025-09-06,PLT04,C,SUP0150,Day,776,106495.15,0.1017,7.89,3.2,850.7,32.4,16143.53,75.6,0,Normal
B004994,2025-05-10,PLT05,D,SUP0101,Day,1027,174175.11,0.0838,6.68,6.66,1807.0,22.3,17243.17,86.3,1,Normal
B000414,2025-05-27,PLT09,A,SUP0133,Day,1256,127476.72,0.1121,2.26,1.25,805.9,28.9,14904.98,70.2,0,Normal
B004812,2025-05-20,PLT06,B,SUP0005,Night,830,83409.2,0.0944,3.35,4.33,744.2,22.3,11112.55,75.1,0,Normal
B001408,2025-02-10,PLT04,B,SUP0146,Day,1120,125928.88,0.0234,5.69,3.79,1143.8,25.6,7885.72,86.9,0,Normal
B001721,2025-11-01,PLT06,A,SUP0066,Night,1156,87249.42,0.1142,4.92,3.52,936.4,26.3,18622.51,76.1,0,High
B000802,2025-09-20,PLT09,B,SUP0010,Day,1514,192905.87,0.0804,8.16,0.78,1432.4,26.8,13653.36,74.8,0,Normal
B001289,2025-07-26,PLT06,B,SUP0029,Night,2076,209486.7,0.0918,0.27,1.24,2389.1,29.5,25271.72,87.1,0,Normal
B001559,2025-01-05,PLT04,C,SUP0030,Night,1608,231855.74,0.1061,6.59,3.53,1766.5,35.9,47942.97,68.2,0,High
B002225,2025-04-06,PLT04,B,SUP0180,Day,1701,185951.26,0.0597,3.12,1.45,1486.8,27.3,32218.35,90.9,0,Watch
B002488,2025-06-09,PLT10,A,SUP0130,Day,2025,177734.83,0.1678,7.96,0.21,1401.4,32.3,38253.39,64.4,0,High
B001667,2025-02-05,PLT04,B,SUP0080,Day,2306,253556.12,0.0749,12.55,2.29,2530.3,28.0,25325.47,75.3,1,Normal
B004319,2025-03-23,PLT02,B,SUP0129 ,Day,1398,163424.73,0.0596,2.96,6.53,1618.5,,23507.6,79.7,1,Normal
B000257,2025-03-18,PLT07,C,SUP0101,Night,1611,225929.96,0.1151,3.05,3.59,1655.1,22.8,33196.48,74.6,1,Normal
B001860,2025-03-09,PLT02,A,SUP0038,Day,850,74857.53,0.1279,2.27,9.36,812.9,34.8,19013.78,66.1,0,Critical
B001752,2025-02-12,PLT03,C,SUP0055,Night,2257,329646.41,0.1121,6.98,1.62,2502.3,21.0,61445.19,67.5,0,Watch
B001152,2025-12-10,PLT07,A,SUP0003,Day,1634,137209.42,0.1099,5.54,1.24,1183.4,31.7,14907.53,75.7,1,Normal
B002940,2025-02-05,PLT05,C,SUP0106,Day,1500,222996.16,0.0725,1.83,3.54,1661.0,21.6,37840.39,77.8,0,Watch
B000648,2025-04-28,PLT02,C,SUP0143,Day,980,140982.17,0.046,3.64,7.22,1303.4,15.9,19255.92,71.9,0,Normal
B004598,2025-08-26,PLT07,B,SUP0016,Day,1356,148644.03,0.102,1.97,4.08,1264.1,29.7,26949.14,67.8,0,Watch
B003665,2025-12-26,PLT05,B,SUP0049,Day,1906,218305.92,0.1254,6.26,0.98,1426.0,31.5,25345.92,84.7,0,Normal
B001766,2025-08-21,PLT09,C,SUP0026,Day,1079,179212.0,0.08,6.01,4.19,1254.1,26.8,26719.83,81.7,0,Normal
B003527,2025-01-18,PLT07,D,SUP0145,Day,1241,203297.19,0.1687,9.73,3.94,1833.6,12.2,45308.24,62.7,0,Critical
B002510,2025-01-05,PLT05,A,SUP0035,Night,1468,126654.7,0.0594,3.49,3.61,1027.3,13.3,21366.92,82.9,0,Watch
B003842,2025-09-02,PLT10,B,SUP0100,Night,852,94190.46,0.0762,7.28,2.9,727.6,18.1,10049.77,71.2,0,Normal
B001316,2025-06-06,PLT09,D,SUP0048,Day,718,143262.65,0.0531,6.38,4.18,973.9,30.0,21484.98,81.4,0,Normal
B001089,2025-02-18,PLT08,B,SUP0070 ,Day,1161,137934.9,0.039,1.53,0.39,980.2,31.3,6521.48,81.0,0,Normal
B004790,2025-09-05,PLT07,A,SUP0060,Night,2011,172361.82,0.1138,5.5,4.22,1431.7,30.9,27063.67,65.2,0,Normal
B002513,2025-09-08,PLT02,A,SUP0050,Night,3002,270622.73,0.0592,13.09,0.65,2188.8,28.5,34658.95,79.6,0,Normal
B002993,2025-09-10,PLT08,B,SUP0146,Day,1112,132027.54,0.0998,1.22,4.2,1052.4,32.5,15564.58,70.4,0,Normal
B001351,2025-07-12,PLT05,B,SUP0155,Day,1050,120088.02,0.0881,,6.74,1045.4,40.7,26024.3,82.0,0,High
B002548,2025-03-21,PLT05,C,SUP0018,Day,1930,285441.57,0.0801,3.44,2.62,1670.0,33.6,23304.26,73.9,0,Normal
B000113,2025-06-14,PLT06,C,SUP0122,Day,938,124718.98,0.0648,5.45,11.2,1258.3,29.5,28568.16,76.9,0,High
B003198,2025-08-08,PLT03,B,SUP0090,Night,1403,164765.37,0.083,3.11,7.12,1683.8,35.3,35757.29,69.7,0,High
B000264,2025-12-22,PLT07,B,SUP0024,Day,1428,156909.79,0.0649,3.78,5.27,1383.6,24.9,23560.7,71.5,0,Normal
B001394,2025-11-06,PLT05,D,SUP0156,Day,1525,267428.63,0.1091,3.28,1.76,2116.8,29.8,48337.97,76.0,0,Watch
B002624,2025-10-28,PLT10,C,SUP0030,Night,836,116075.62,0.0992,2.9,4.03,1327.5,15.7,21343.49,61.0,0,Watch
B001187,2025-08-19,PLT07,B,SUP0070,Day,2157,230648.14,0.0724,9.29,4.51,1960.3,20.4,35634.84,67.2,0,Normal
B004120,2025-06-28,PLT01,B,SUP0152,Night,829,94335.65,0.0884,9.29,12.35,874.9,19.6,26977.51,69.0,0,Critical
B000057,2025-10-28,PLT06,A,SUP0035,Night,1632,124822.79,0.072,5.76,1.22,1220.1,20.8,11804.29,77.6,0,Normal
B001310,2025-12-07,PLT02,B,SUP0150,Night,2079,237967.56,0.0812,3.69,1.56,2098.4,25.8,31604.03,71.2,0,Normal
B000696,2025-09-19,PLT06,D,SUP0103,Day,1419,223786.82,0.0995,5.94,0.55,1851.4,36.7,30435.65,82.9,0,Normal
B004247,2025-04-21,PLT08,B,SUP0017,Day,1973,231659.57,0.0924,2.54,11.17,1976.6,23.8,64878.12,73.7,0,Critical
B003961,2025-03-17,PLT03,B,SUP0173,Night,1604,188609.74,0.0627,3.46,1.97,1720.1,22.9,31691.9,83.9,0,Watch
B001790,2025-10-15,PLT06,C,SUP0040,Day,969,122695.45,0.1121,7.08,13.29,1496.1,14.3,36371.28,80.4,0,Critical
B002347,2025-04-18,PLT03,C,SUP0168,Night,1497,217465.02,0.0714,8.78,5.97,2061.8,33.6,39434.78,80.8,1,Watch
B004320,2025-04-29,PLT05,B,SUP0097,Day,1506,172208.47,0.1066,7.96,0.91,1421.8,21.6,31828.06,79.2,0,Watch
B000320,2025-04-07,PLT08,B,SUP0054,Night,499,60622.49,0.0974,2.69,1.21,512.3,24.6,10609.75,77.3,0,Watch
B002331,2025-01-28,PLT08,D,SUP0167,Day,2096,393083.2,0.0513,2.48,2.68,2788.4,,32856.66,85.8,0,Normal
B001590,2025-10-22,PLT10,A,SUP0136,Night,1605,139594.4,0.0955,6.36,4.93,1248.2,21.9,17564.67,62.3,0,Normal
B000683,2025-05-10,PLT01,C,SUP0014,Day,1346,191750.26,0.0458,0.78,2.0,1517.8,26.2,4967.28,92.4,0,Normal
B003738,2025-08-10,PLT08,B,SUP0129 ,Night,1568,185692.63,0.0806,3.95,5.08,1293.3,29.2,19182.17,69.4,0,Normal
B003280,2025-04-28,PLT06,B,SUP0132,Day,1088,108648.94,0.0956,4.28,3.01,959.5,24.0,17647.77,63.1,0,Normal
B000480,2025-09-05,PLT06,A,SUP0178,Night,658,52518.42,0.1282,4.35,0.21,,36.2,6178.87,72.2,0,Normal
B003977,2025-04-11,PLT04,B,SUP0094,Day,1957,213067.64,0.0633,4.85,19.83,2182.8,26.6,69097.68,79.8,0,Critical
B004194,2025-04-05,PLT01,C,SUP0145,Day,1752,249175.06,0.1087,8.42,2.02,2293.5,22.5,38874.65,70.6,0,Normal
B000287,2025-03-12,PLT06,A,SUP0050,Day,1285,100372.14,0.1035,4.62,1.67,793.8,23.6,10650.77,66.9,0,Normal
B001966,2025-02-03,PLT10,C,SUP0108,Day,2110,302579.92,0.134,4.16,1.8,2543.6,26.4,64048.66,55.1,0,High
B003115,2025-07-28,PLT07,A,SUP0088,Night,1128,92613.15,0.1466,4.26,4.94,790.2,20.2,14326.07,64.3,0,Normal
B002460,2025-08-10,PLT06,B,SUP0158,Day,1653,164471.14,0.1308,2.88,7.4,1726.2,26.9,41217.29,67.9,0,Critical
B001783,2025-05-25,PLT10,C,SUP0136,Day,1217,170447.51,0.0912,6.44,1.22,1562.1,28.5,10238.59,81.8,0,Normal
B003297,2025-08-09,PLT01,A,SUP0137,Night,1528,135024.77,0.1183,1.78,0.71,1361.8,14.5,21220.86,65.2,0,Normal
B003839,2025-03-14,PLT09,D,SUP0130,Night,946,187041.24,0.1146,1.21,0.45,1269.1,20.8,19887.84,72.6,0,Normal
B001599,2025-12-03,PLT01,D,SUP0101,Day,745,135151.98,0.1329,19.57,1.12,1005.9,32.1,32298.0,64.1,0,High
B004916,2025-02-14,PLT06,B,SUP0037,Day,1355,134166.65,0.082,6.88,5.46,1492.7,23.0,21118.56,70.9,0,Normal
B002125,2025-02-08,PLT07,D,SUP0150,Day,952,156178.32,0.0792,6.28,1.69,1104.0,24.6,21801.9,76.4,0,Normal
B000737,2025-06-22,PLT03,A,SUP0059,Day,1039,92755.72,0.0712,4.06,6.08,1040.6,,11963.06,82.9,0,Normal
B003210,2025-04-23,PLT10,D,SUP0036,Day,3408,582903.1,0.0742,2.1,6.05,6356.4,26.0,100911.89,77.3,0,Watch
B000337,2025-08-30,PLT02,B,SUP0082,Night,2000,230196.42,0.1318,5.21,8.29,2083.8,21.3,58288.34,64.7,0,Critical
B002705,2025-10-10,PLT10,B,SUP0100,Day,1418,159629.97,0.1035,7.31,4.98,1400.9,26.9,19201.43,77.7,0,Normal
B002827,2025-02-17,PLT04,C,SUP0169,Night,1099,154492.92,0.0779,5.25,6.28,1443.0,19.0,21606.52,81.9,0,Normal
B004921,2025-09-23,PLT08,A,SUP0047,Day,1212,111651.86,0.1175,0.97,11.45,924.0,22.0,26049.25,62.1,0,Critical
B004449,2025-02-08,PLT09,D,SUP0017,Night,1253,255905.0,0.0669,1.55,1.89,1712.3,25.5,27561.23,72.5,0,Normal
B001072,2025-06-12,PLT04,B,SUP0005,Day,661,74694.03,0.0852,8.44,7.98,760.3,31.1,12906.37,62.9,0,Watch
B004537,2025-06-09,PLT04,D,SUP0039,Day,3041,516901.2,0.047,6.54,2.37,4127.5,34.5,85817.48,86.4,0,Normal
B004851,2025-08-09,PLT05,A,SUP0165,Day,1979,176263.02,0.0759,3.48,10.58,1612.6,26.3,44459.46,70.5,0,Critical
B002866,2025-05-30,PLT05,B,SUP0014,Night,1363,161899.3,0.0305,4.38,0.63,1040.3,25.1,21154.0,83.8,0,Normal
B002367,2025-10-02,PLT10,A,SUP0130,Day,960,83652.47,0.0863,1.56,5.44,751.8,29.0,8938.18,73.9,0,Normal
B004156,2025-11-24,PLT09,D,sup0021,Day,811,160610.21,0.1023,11.79,3.45,1181.9,29.0,25376.16,62.3,0,Normal
B004003,2025-05-25,PLT09,A,SUP0089,Day,1516,150473.12,0.1,2.24,6.83,1126.2,19.8,19135.64,69.7,0,Normal
B003435,2025-06-06,PLT05,B,SUP0086,Day,1259,142171.18,0.1064,6.94,3.26,1200.2,28.2,23271.87,57.3,0,Normal
B001489,2025-10-03,PLT04,C,SUP0075,Day,1263,179417.56,0.0813,2.51,12.32,1585.3,30.7,44534.9,84.8,0,Critical
B000499,2025-02-15,PLT01,B,SUP0069,Night,1783,200309.61,0.1066,7.79,2.54,1166.3,27.4,23178.13,76.7,0,Normal
B004389,2025-07-03,PLT09,C,SUP0145 ,Day,1307,218590.35,0.0987,1.28,0.68,1815.0,30.0,20029.33,75.7,0,Normal
B003241,2025-07-06,PLT02,A,SUP0171,Day,1384,118580.13,0.0898,4.34,1.39,951.1,28.3,5065.7,74.8,0,Normal
B002928,2025-10-22,PLT07,B,SUP0173,Night,2639,285820.36,0.0698,2.91,0.47,2689.5,31.0,36431.6,85.7,0,Normal
B002385,2025-06-27,PLT08,C,sup0069,Night,1570,236142.98,0.1226,2.97,3.22,1654.2,26.1,39912.29,71.7,0,Watch
B002981,2025-07-02,PLT06,D,SUP0092 ,Night,1466,227165.53,0.0971,7.77,8.31,2253.5,31.9,48010.88,73.0,0,High
B004957,2025-10-28,PLT08,A,SUP0003,Night,1483,134765.35,0.1018,4.28,9.87,987.0,38.9,32525.59,64.7,1,Critical
B002381,2025-06-02,PLT05,B,SUP0165,Day,698,79269.75,0.0532,2.58,2.62,793.0,31.9,11939.24,85.7,0,Normal
B001611,2025-09-30,PLT01,C,SUP0145,Night,1766,252837.21,0.1128,4.02,5.34,1938.4,17.1,53410.32,73.1,0,High
B003090,2025-04-16,PLT01,A,SUP0160,Night,1855,162994.73,0.0344,2.46,9.7,1403.6,33.7,26927.48,80.4,0,Normal
B003830,2025-10-02,PLT04,B,SUP0165,Day,976,110622.94,0.0685,2.89,6.83,1164.5,30.0,19375.85,77.8,0,Watch
B004620,2025-12-22,PLT09,B,SUP0069,Night,1055,134474.8,0.1229,16.14,2.77,972.5,17.5,22153.11,62.9,0,Normal
B001023,2025-10-21,PLT01,B,SUP0042,Day,2634,287049.15,0.0821,2.72,3.29,2729.2,23.2,35227.97,72.9,0,Normal
B004587,2025-08-09,PLT03,B,SUP0014,Day,1749,204193.64,0.0734,6.7,6.14,1932.9,31.1,38651.83,67.5,0,Watch
B004937,2025-10-15,PLT02,D,SUP0150,Day,1933,333600.11,0.0615,3.17,3.74,2492.5,29.4,47705.19,80.9,0,Normal
B004360,2025-08-14,PLT10,B,SUP0169,Day,1362,150906.7,0.0817,13.69,0.86,1353.5,24.6,17852.79,68.9,0,Normal
B003127,2025-05-23,PLT08,A,SUP0032,Day,1477,134408.95,0.0732,2.54,2.12,1140.4,21.7,11381.7,84.4,0,Normal
B003231,2025-12-16,PLT08,C,SUP0122,Day,1599,243504.68,0.0935,2.24,1.66,1640.6,29.1,12147.44,76.7,0,Normal
B000666,2025-01-10,PLT01,D,SUP0040,Day,2543,436950.91,0.102,2.78,2.86,3339.8,21.8,38979.08,68.0,0,Normal
B004010,2025-06-13,PLT05,A,SUP0160,Night,1953,171180.9,0.0969,12.19,0.78,1482.5,36.8,22799.55,69.3,0,Normal
B004946,2025-04-22,PLT04,D,SUP0116,Day,936,162344.57,0.0787,4.97,3.57,,25.2,34226.36,72.8,0,High
B004213,2025-08-21,PLT07,D,SUP0099,Day,2123,367572.41,0.0716,6.27,5.0,3414.5,22.3,71034.42,90.2,0,High
B004310,2025-07-29,PLT09,B,SUP0172,Night,1751,230754.0,0.0743,7.63,1.0,1746.3,27.0,28255.42,74.2,0,Normal
B002292,2025-01-02,PLT05,B,SUP0069,Night,1740,204680.28,0.1093,12.63,3.67,1367.4,29.8,34663.66,64.3,0,Watch
B001018,2025-08-02,PLT09,A,SUP0106,Day,1696,168947.45,0.0991,4.32,1.93,1255.2,30.8,27592.07,72.2,1,Normal
B000558,2025-09-29,PLT07,D,SUP0177,Night,1518,260294.73,0.0916,5.83,2.46,2362.5,26.2,35562.65,66.3,0,Normal
B004295,2025-06-18,PLT10,C,SUP0106,Night,1463,211162.18,0.0704,5.17,1.92,1909.7,21.9,34662.44,72.6,0,Watch
B001208,2025-10-24,PLT05,A,SUP0051,Day,1281,113606.36,0.1058,0.92,1.63,976.9,22.1,7225.0,66.3,0,Normal
B004321,2025-01-05,PLT06,C,SUP0075,Day,779,99107.67,0.1069,5.5,1.14,841.2,25.6,11433.19,64.1,0,Normal
B002893,2025-09-28,PLT02,B,SUP0062,Night,1122,126971.57,0.084,1.29,3.51,1082.2,41.3,19457.28,79.1,0,Normal
B002846,2025-11-29,PLT04,B,SUP0134,Night,1284,140450.18,0.1028,2.92,2.94,1209.7,,27964.27,77.5,0,Watch
B001511,2025-08-25,PLT09,A,SUP0142,Day,1073,108515.37,0.0596,1.71,3.78,920.1,36.6,10334.85,65.3,0,Normal
B002087,2025-07-31,PLT07,C,SUP0164,Night,1905,270248.22,0.0781,7.64,1.83,1835.5,29.4,44542.09,84.4,0,Watch
B000246,2025-12-16,PLT06,A,SUP0106,Day,1280,101839.64,0.0817,0.84,5.41,906.0,26.6,11086.11,78.3,0,Normal
B001164,2025-09-24,PLT07,C,SUP0032,Day,1746,239010.6,0.1024,12.03,10.64,1889.2,27.8,59538.98,66.6,0,Critical
B003728,2025-11-05,PLT02,A,SUP0060,Day,1355,118894.89,0.0518,3.63,7.94,1087.1,20.6,26557.17,79.9,0,High
B000267,2025-11-30,PLT06,D,SUP0141,Day,1701,261177.88,0.0771,7.46,4.07,2538.7,21.2,37302.28,82.0,0,Normal
B004162,2025-01-31,PLT10,A,SUP0152,Day,1051,88959.77,0.0897,14.08,9.94,773.9,20.1,18484.81,64.7,0,High
B001115,2025-06-14,PLT04,D,SUP0116,Day,2371,407983.87,0.1025,10.37,4.86,3125.7,33.0,67883.43,68.4,0,Normal
B000064,2025-11-17,PLT07,B,SUP0029,Day,1264,137731.08,0.0859,10.65,7.26,1330.1,35.5,23885.19,69.6,0,Watch
B001913,2025-09-05,PLT10,D,SUP0160,Day,1279,224314.86,0.0721,4.39,6.19,2088.0,31.8,32793.79,81.3,0,Normal
B002644,2025-09-04,PLT08,B,SUP0120,Day,2515,298171.08,0.1049,6.63,3.55,2447.9,26.6,36576.49,79.8,0,Normal
B002230,2025-01-08,PLT06,A,SUP0159,Day,927,72843.54,0.1002,8.57,1.57,,34.7,11019.95,73.9,0,Normal
B002813,2025-01-14,PLT08,D,SUP0125,Day,1518,274717.76,0.0993,4.76,0.82,2003.0,25.8,21559.82,71.7,0,Normal
B003828,2025-09-14,PLT03,C,SUP0056,Night,1350,205498.34,0.0732,6.52,1.66,1464.1,23.9,18451.75,79.9,0,Normal
B003140,2025-10-26,PLT05,A,SUP0128,Day,2329,210180.88,0.1448,4.19,5.9,1485.2,35.8,35971.11,61.8,0,Watch
B003616,2025-03-26,PLT09,B,SUP0016,Night,1122,143356.44,0.0964,16.14,12.35,1325.9,23.2,38473.81,58.1,0,Critical
B004142,2025-12-21,PLT09,A,SUP0079,Day,794,79370.8,0.1395,2.59,4.62,698.6,26.6,18052.84,68.2,0,High
B002303,2025-02-28,PLT02,C,SUP0083 ,Night,878,130394.08,0.0949,20.74,4.23,1250.2,25.4,29670.59,65.9,0,High
B002814,2025-07-11,PLT03,D,SUP0009,Day,1167,210155.1,0.0412,1.78,1.74,1655.6,24.7,9887.47,81.8,0,Normal
B001724,2025-04-23,PLT02,C,SUP0083,Night,1350,194299.36,0.0928,3.37,6.29,1619.0,33.9,35613.0,79.1,0,Watch
B004700,2025-08-08,PLT07,B,SUP0013,Day,1220,131639.26,0.0609,0.66,6.44,1134.3,19.1,18536.75,82.9,0,Normal
B001238,2025-08-31,PLT07,A,SUP0174,Day,953,81946.64,0.0597,5.76,1.77,740.4,28.0,9835.31,68.9,0,Normal
B000104,2025-10-27,PLT07,C,SUP0082,Day,1177,161387.28,0.0833,1.7,6.45,1505.6,37.0,26481.0,85.8,0,Normal
B002856,2025-06-20,PLT05,A,SUP0047,Night,1653,143653.71,0.0862,7.15,3.5,1057.8,27.2,16832.18,84.2,0,Normal
B000273,2025-11-13,PLT04,B,SUP0070,Night,1573,176221.36,0.0775,3.59,6.54,1636.5,28.6,23624.7,62.0,1,Normal
B000509,2025-07-20,PLT07,A,SUP0179,Night,1642,137508.73,0.0623,3.89,3.55,1221.8,24.3,13599.14,75.3,0,Normal
B002270,2025-06-10,PLT10,B,SUP0149,Day,1419,152203.14,0.0787,2.06,6.63,1143.9,27.1,26598.0,74.6,0,Watch
B004984,2025-09-17,PLT08,A,SUP0003,Day,1426,132561.34,0.1057,3.67,2.57,1078.9,31.1,21798.25,62.3,0,Normal
B002169,2025-09-24,PLT09,C,SUP0147,Day,775,129844.44,0.1048,5.59,2.93,936.6,36.5,22875.59,75.2,0,Watch
B000866,2025-09-21,PLT08,D,SUP0065,Night,2003,362859.81,0.0823,1.0,1.78,3128.9,29.3,16118.58,81.7,0,Normal
B002479,2025-02-17,PLT10,B,SUP0014,Day,1340,150899.63,0.0229,2.35,1.0,1003.9,22.5,10945.92,79.6,0,Normal
B000909,2025-09-04,PLT02,C,SUP0121,Night,1874,281965.15,0.102,10.37,0.75,2332.0,27.2,51589.72,71.3,0,Watch
B002481,2025-04-27,PLT03,D,SUP0039 ,Day,1116,200330.73,0.0586,6.23,3.13,1544.0,24.9,22417.22,87.4,0,Normal
B002917,2025-12-22,PLT01,A,SUP0014,Day,694,61522.28,0.0296,5.17,4.16,529.4,21.3,4578.65,65.9,0,Normal
B003974,2025-01-11,PLT01,C,SUP0177,Night,1279,179218.13,0.0702,3.9,0.93,1623.5,17.4,19318.63,84.1,0,Normal
B001628,2025-06-02,PLT04,C,SUP0070,Day,1852,254710.62,0.0446,2.54,2.68,2251.1,25.6,31247.52,78.0,1,Normal
B002933,2025-05-16,PLT08,A,SUP0133,Night,2134,196468.12,0.1408,1.99,11.51,1675.8,26.8,53292.33,70.2,0,Critical
B001523,2025-04-07,PLT09,B,SUP0045,Night,1830,243250.44,0.0667,3.57,1.64,1506.2,20.3,13456.59,80.7,0,Normal
B000836,2025-09-08,PLT07,B,SUP0171,Night,952,103817.81,0.0779,5.45,5.48,1064.3,30.8,18076.1,78.2,0,Watch
B000359,2025-06-09,PLT01,C,SUP0010,Night,1920,276542.86,0.0416,3.68,2.98,2217.4,26.3,31254.45,70.1,0,Normal
B000139,2025-08-15,PLT02,A,SUP0089,Day,1968,169794.27,0.0793,3.69,2.48,1108.2,29.2,26525.76,81.7,0,Normal
B000300,2025-05-17,PLT04,B,SUP0081,Day,1818,198337.76,0.0344,0.91,3.92,1732.0,26.1,16564.03,93.2,0,Normal
B001557,2025-09-05,PLT01,C,SUP0127,Day,1194,168614.96,0.0714,5.01,5.51,1604.7,31.0,24699.66,80.8,0,Normal
B001004,2025-09-14,PLT10,C,SUP0169,Night,1709,245747.8,0.0788,0.4,6.51,2050.8,,41883.6,73.9,0,Watch
B000383,2025-02-23,PLT10,C,SUP0092,Day,717,100665.99,0.0705,2.08,2.54,997.9,27.6,8421.41,82.5,0,Normal
B000942,2025-12-08,PLT08,D,SUP0115,Day,1593,294459.7,0.0974,2.65,,2641.3,24.8,45522.64,77.5,0,Normal
B004669,2025-12-12,PLT03,C,SUP0111,Day,1119,164677.2,0.1012,10.48,2.42,1347.0,29.8,31497.61,63.7,0,Watch
B003822,2025-02-17,PLT01,A,SUP0160,Day,1511,131895.18,0.0685,11.18,1.6,1123.0,20.3,12065.44,71.6,0,Normal
B000762,2025-10-02,PLT06,A,SUP0159,Night,1649,132516.89,0.0869,6.49,4.58,1285.8,16.0,23138.02,79.1,0,Watch
B002751,2025-01-29,PLT01,B,SUP0029,Night,1196,133666.04,0.088,9.17,1.83,1093.8,21.6,21058.39,65.6,0,Normal
B001944,2025-05-16,PLT04,C,SUP0007,Day,1429,199411.58,0.0573,11.8,2.71,1720.7,36.3,19925.83,78.8,0,Normal
B003959,2025-09-25,PLT03,A,SUP0095,Night,1303,116697.85,0.1041,3.21,6.2,903.4,31.3,16757.31,73.3,1,Normal
B002128,2025-06-14,PLT05,B,SUP0144,Day,1263,147073.45,0.105,13.48,6.16,1427.9,30.2,29563.95,69.8,0,High
B002241,2025-11-22,PLT09,B,SUP0053,Day,1564,204380.37,0.0982,7.26,7.94,1592.1,25.9,45846.27,57.7,0,High
B000899,2025-03-11,PLT04,C,SUP0035,Day,2337,323854.2,0.0834,0.69,5.2,3577.7,35.8,45353.07,77.1,0,Normal
B004079,2025-09-04,PLT01,C,SUP0058,Day,770,112542.66,0.0609,0.64,5.91,1002.8,18.9,13501.28,74.1,0,Normal
B004523,2025-05-18,PLT06,A,SUP0176,Day,1941,151476.65,0.0389,1.73,0.78,1721.7,24.7,9114.81,72.3,0,Normal
B001403,2025-01-05,PLT05,B,SUP0148,Day,785,89708.0,0.0954,0.25,5.83,824.7,32.9,16228.54,85.2,1,Watch
B002093,2025-07-04,PLT05,B,SUP0013,Day,726,83419.09,0.0874,6.89,2.12,769.2,28.9,11841.22,63.8,0,Normal
B003859,2025-06-26,PLT03,B,SUP0054,Day,1359,154649.46,0.1108,8.71,7.98,1191.8,24.8,33909.08,71.4,0,High
B004431,2025-05-09,PLT08,C,SUP0108,Night,711,106847.62,0.1207,1.3,8.39,933.0,35.2,26845.65,67.2,0,Critical
B003016,2025-06-17,PLT07,C,SUP0013,Day,995,134643.71,0.0764,6.42,3.33,1065.8,27.9,19131.88,77.0,0,Normal
B001513,2025-04-19,PLT10,A,SUP0063,Day,2290,197454.78,0.1096,14.33,6.55,1855.4,30.2,34665.67,74.2,0,Watch
B001189,2025-06-14,PLT02,B,SUP0119,Night,991,108688.14,0.1433,0.9,1.72,878.3,27.4,26141.32,62.4,0,High
B003051,2025-04-20,PLT03,C,SUP0053,Day,1138,168042.51,0.0403,3.63,3.32,1258.7,26.1,29545.57,82.5,0,Watch
B002089,2025-03-27,PLT08,A,SUP0090,Day,1242,109910.11,0.0875,3.46,1.11,1027.5,24.7,13368.04,74.0,0,Normal
B004585,2025-01-28,PLT10,C,SUP0076,Day,1747,242963.97,0.1206,11.78,6.47,2107.7,24.0,53728.02,69.8,0,High
B003506,2025-02-04,PLT09,B,SUP0161,Night,1241,157840.87,0.0904,0.98,3.67,1174.7,30.1,20581.87,76.4,0,Normal
B000109,2025-05-02,PLT03,B,SUP0009,Day,935,108248.19,0.0541,2.21,7.25,885.7,19.7,20237.66,82.5,0,Watch
B002789,2025-05-21,PLT08,A,SUP0159,Day,1997,183046.73,0.1192,2.45,4.8,1514.6,37.3,20313.05,61.3,0,Normal
B003135,2025-05-26,PLT06,B,SUP0061,Night,1237,123310.06,0.0687,2.14,2.05,1224.3,33.6,18107.28,78.6,0,Normal
B001927,2025-11-24,PLT01,C,SUP0170,Night,1373,193910.86,0.0978,7.62,7.26,,28.3,40999.42,62.1,0,High
B000059,2025-10-10,PLT09,B,SUP0045,Day,1016,131490.76,0.077,6.11,1.86,868.1,34.8,16509.1,66.9,0,Normal
B000077,2025-12-19,PLT03,C,SUP0013,Day,1124,168995.45,0.0626,7.65,7.28,1411.5,38.3,28399.53,75.7,0,Watch
B000797,2025-12-23,PLT07,B,SUP0148,Night,1805,201574.81,0.0958,1.08,2.21,1713.9,26.8,26760.61,77.4,1,Normal
B000369,2025-03-15,PLT06,A,SUP0059,Day,2069,163427.48,0.0555,5.79,4.05,1865.1,32.1,18271.71,73.8,0,Normal
B004956,2025-01-05,PLT09,B,sup0144,Day,2002,255586.62,0.058,2.04,14.08,2082.3,23.1,606551.5,83.1,0,Normal
B000786,2025-11-23,PLT10,A,SUP0038,Night,948,80731.9,0.0871,8.92,13.62,992.7,28.8,24066.56,77.2,0,Critical
B003843,2025-03-17,PLT01,A,SUP0120,Night,1954,168454.36,0.1019,0.93,1.33,1289.4,24.8,26609.09,78.2,0,Normal
B003529,2025-04-06,PLT10,C,SUP0009,Day,2655,372660.85,0.0563,2.1,0.4,3197.3,30.1,23326.39,76.2,0,Normal
B002030,2025-01-05,PLT04,C,SUP0076,Night,1035,145461.0,0.1075,11.63,6.46,1296.0,23.7,32272.01,64.0,0,High
B004092,2025-05-12,PLT04,C,SUP0170,Night,1378,191643.85,0.0816,5.0,4.09,1751.2,17.9,35791.4,80.0,0,Watch
B003012,2025-01-16,PLT04,B,SUP0109,Night,757,83569.19,0.1053,6.23,,724.8,33.8,12884.45,68.3,0,Normal
B003604,2025-06-13,PLT05,C,SUP0032,Day,1590,225856.29,0.0846,1.94,3.31,2004.2,30.8,25481.54,85.0,0,Normal
B001974,2025-05-01,PLT08,D,SUP0040,Night,1302,234020.12,0.0702,6.69,2.5,1706.4,15.7,27046.91,75.5,0,Normal
B003269,2025-10-20,PLT07,B,SUP0066,Day,1412,153296.67,0.0782,3.51,4.16,1563.4,37.0,24217.74,84.1,0,Normal
B000122,2025-10-09,PLT07,D,SUP0125,Day,1941,321063.18,0.1192,9.59,1.36,2874.3,24.1,29443.01,66.0,0,Normal
B003636,2025-11-29,PLT08,B,SUP0134,Day,2235,267961.09,0.1119,16.6,3.28,2211.4,29.7,37135.07,63.2,0,Normal
B002414,2025-01-29,PLT09,C,SUP0154,Night,492,81033.22,0.0318,4.39,3.55,640.4,24.9,6920.93,82.4,0,Normal
B004077,2025-03-10,PLT02,C,SUP0059,Day,1130,162709.41,0.0911,5.31,2.91,1352.7,,20812.24,71.2,0,Normal
B000911,2025-08-09,PLT06,B,SUP0129,Day,688,68150.6,0.0714,4.19,6.1,644.2,,11862.23,74.1,0,Watch
B000125,2025-09-11,PLT06,B,SUP0045,Day,1184,121412.94,0.0939,4.45,8.32,1054.5,36.4,208979.76,80.1,0,Normal
B002647,2025-12-03,PLT08,D,SUP0065,Night,1645,296117.78,0.0759,25.3,11.51,2806.5,21.9,71854.19,71.8,0,Critical
B001587,2025-06-09,PLT08,A,SUP0118 ,Night,1301,118863.56,0.1143,4.31,12.99,1373.5,27.4,27699.98,78.5,0,High
B001258,2025-02-05,PLT07,B,SUP0143,Night,773,85194.67,0.0619,6.92,5.74,905.5,31.4,12521.96,75.6,0,Normal
B003510,2025-09-09,PLT05,B,SUP0014,Day,1468,168355.52,0.0322,13.42,2.32,1496.0,27.6,9492.73,86.9,0,Normal
B003551,2025-01-14,PLT09,A,SUP0081,Night,2901,292627.65,0.0516,2.61,6.74,2201.5,34.9,54273.22,85.9,0,Watch
B003677,2025-08-24,PLT02,B,SUP0101,Night,1020,119616.49,0.1051,5.66,14.29,1269.5,29.1,38596.4,60.5,0,Critical
B001179,2025-03-31,PLT06,C,SUP0035,Day,928,117464.41,0.0737,12.85,4.1,1079.2,26.3,16610.79,76.2,0,Normal
B002925,2025-05-02,PLT03,B,SUP0026,Day,1012,117625.56,0.0529,5.79,6.57,875.2,31.1,12857.1,79.4,0,Normal
B003540,2025-04-16,PLT03,A,SUP0161,Day,1526,136952.6,0.0781,0.57,1.44,1185.8,31.0,10162.85,78.5,1,Normal
B002380,2025-07-16,PLT05,A,SUP0041,Night,1395,121896.16,0.0934,10.95,12.24,1122.4,20.1,30617.26,72.6,0,Critical
B002145,2025-03-28,PLT03,C,SUP0115,Night,1989,297773.81,0.0836,4.15,3.9,2171.4,24.4,41946.4,68.0,0,Normal
B000443,2025-12-21,PLT05,C,sup0072,Day,2864,410073.48,0.0986,1.62,2.89,3733.4,32.2,57865.88,81.2,0,Normal
B002334,2025-08-02,PLT05,C,SUP0044,Day,1293,185980.09,0.0787,4.81,3.98,1610.2,32.2,25350.75,76.8,0,Normal
B003784,2025-02-11,PLT08,D,SUP0166,Day,1578,285581.47,0.0445,3.41,0.64,2738.9,24.7,32868.1,83.6,0,Normal
B000926,2025-02-10,PLT03,C,SUP0061,Night,2670,387004.76,0.0692,4.79,5.98,3120.8,37.7,44272.32,79.5,0,Normal
B004309,2025-08-23,PLT10,A,SUP0106,Day,1219,106368.56,0.058,8.55,2.15,981.0,30.9,11771.16,69.4,0,Normal
B002187,2025-06-24,PLT06,C,SUP0174,Day,1200,151204.43,0.0713,12.69,7.89,1856.3,38.8,26899.39,82.5,0,Watch
B004820,2025-04-03,PLT01,B,SUP0117,Day,2432,273838.56,0.0684,3.69,1.58,2300.0,27.8,32831.85,70.8,0,Normal
B001412,2025-11-02,PLT07,C,SUP0002,Night,1883,259550.11,0.1023,6.95,2.95,2247.9,26.5,35314.31,71.7,0,Normal
B003537,2025-07-27,PLT01,B,SUP0128,Night,1642,186048.53,0.1416,3.21,7.39,1617.7,25.7,48963.65,73.0,0,Critical
B001814,2025-03-14,PLT01,C,SUP0014,Night,1393,201029.96,0.0415,4.63,6.51,1873.0,12.0,23797.99,72.4,0,Normal
B001510,2025-06-18,PLT06,A,SUP0008,Day,715,56594.16,0.0758,1.33,5.59,560.2,30.0,9068.31,78.5,0,Normal
B001228,2025-02-13,PLT06,A,SUP0159,Night,1179,89879.29,0.0893,1.96,,777.8,,11102.45,78.8,0,Normal
B003674,2025-05-13,PLT05,B,SUP0100,Night,787,88108.6,0.0893,3.5,1.51,751.1,31.6,12620.06,70.5,0,Normal
B002400,2025-08-12,PLT02,C,SUP0114,Night,861,122765.28,0.0979,16.43,6.96,1098.6,33.5,27844.79,67.2,0,High
B004866,2025-08-31,PLT02,B,SUP0024,Night,1225,137388.94,0.0493,5.88,1.18,986.9,27.9,18540.12,78.9,0,Normal
B003363,2025-06-15,PLT10,A,SUP0062,Day,911,77071.42,0.0761,3.61,0.99,634.6,,8673.48,71.4,0,Normal
B003347,2025-12-06,PLT04,B,SUP0141,Day,1375,155387.08,0.0693,4.83,2.46,1503.1,30.7,23969.07,73.8,0,Normal
B000325,2025-08-04,PLT10,A,SUP0105,Day,1894,164275.52,0.1042,3.84,2.79,1410.4,14.4,24161.89,81.2,0,Normal
B003143,2025-04-18,PLT03,A,SUP0030,Night,1710,151406.74,0.1155,1.67,11.36,1380.4,24.7,33657.88,65.9,0,High
B004897,2025-11-02,PLT07,C,SUP0012,Night,1211,170257.19,0.1345,3.44,7.27,1586.9,13.7,41099.39,75.1,0,Critical
B001973,2025-11-26,PLT02,C,SUP0032,Day,1724,249832.94,0.1062,2.3,3.11,2333.2,32.4,39866.96,76.1,1,Normal
B003365,2025-06-06,PLT09,A,SUP0022,Night,1066,106090.95,0.0694,10.91,1.5,874.9,33.9,14375.28,69.2,0,Normal
B003098,2025-07-08,PLT07,B,SUP0001,Day,3421,374390.92,0.0979,0.94,5.42,2828.6,29.1,63189.45,67.0,0,Watch
B001499,2025-06-30,PLT08,A,SUP0128,Day,935,86078.12,0.147,4.04,1.0,686.3,,13039.51,76.1,0,Normal
B001503,2025-11-01,PLT04,B,SUP0144,Night,1523,162374.3,0.0909,2.58,0.81,1479.8,24.9,20650.88,74.2,0,Normal
B001007,2025-09-27,PLT09,A,SUP0027,Day,865,88527.58,0.0788,6.47,10.01,841.7,36.8,16510.18,73.7,0,Watch
B003762,2025-02-21,PLT04,A,SUP0021,Day,1850,157677.43,0.1066,2.43,2.74,1468.2,,25651.2,70.2,0,Normal
B002771,2025-03-11,PLT10,B,SUP0009,Night,964,107953.93,0.0447,3.36,6.04,1083.6,33.0,17223.12,79.4,0,Watch
B003587,2025-07-15,PLT02,C,SUP0092,Day,1298,185953.37,0.0804,6.96,4.54,1686.6,32.8,30629.87,73.0,0,Normal
B001468,2025-03-12,PLT01,B,sup0158,Day,1869,211815.2,0.1049,15.38,1.66,1728.2,26.0,42530.17,73.5,0,High
B001226,2025-10-14,PLT06,B,SUP0152,Day,893,87660.08,0.1159,2.22,2.01,835.4,28.5,6627.85,66.5,0,Normal
B003200,2025-10-24,PLT02,B,SUP0152,Night,772,89321.02,0.1177,12.07,1.39,714.0,26.5,7210.22,67.1,0,Normal
B002690,2025-01-23,PLT06,C,SUP0157,Night,833,105645.06,0.0827,6.98,6.86,1243.6,31.0,16942.01,60.1,0,Normal
B002227,2025-07-22,PLT03,B,SUP0158,Day,801,91797.48,0.1382,0.8,2.51,707.1,30.7,9907.43,60.1,0,Normal
B001217,2025-11-21,PLT03,A,SUP0047 ,Day,916,83929.42,0.0719,2.5,1.13,688.1,22.4,7405.37,91.9,0,Normal
B004055,2025-07-15,PLT10,D,SUP0073,Night,801,135831.5,0.0956,2.59,8.05,1269.7,14.7,30096.21,76.7,0,High
B003569,2025-12-30,PLT08,C,SUP0119,Night,763,114420.14,0.1052,6.24,11.5,1020.1,34.2,27287.7,70.4,0,Critical
B000421,2025-12-27,PLT06,C,SUP0044,Day,871,109061.16,0.1671,5.11,2.95,958.7,30.7,26702.51,58.2,0,High
B004258,2025-04-15,PLT07,B,SUP0141,Day,1414,155858.46,0.0711,6.27,2.82,1313.8,19.2,11263.25,69.6,0,Normal
B000007,2025-06-04,PLT08,D,SUP0026,Day,686,127530.52,0.0976,1.99,0.43,1113.3,21.3,17779.86,70.7,0,Normal
B000933,2025-08-17,PLT02,B,SUP0111,Day,1008,113180.66,0.08,7.17,8.46,961.2,20.1,220718.96,78.8,0,Normal
B001692,2025-11-02,PLT03,D,SUP0009,Night,872,155156.47,0.061,1.82,3.21,1191.9,37.1,15141.24,71.0,0,Normal
B000440,2025-04-05,PLT09,B,SUP0041,Night,1326,174142.3,0.1547,6.73,2.42,1396.1,32.3,40139.52,52.6,1,High
B001314,2025-11-18,PLT09,D,SUP0092,Night,1126,227690.25,0.0795,7.16,3.15,1664.7,24.0,42176.04,71.8,1,Watch
B000679,2025-08-31,PLT07,B,SUP0180,Day,4584,502561.42,0.1,4.61,3.18,4563.8,20.2,90485.49,57.5,1,Watch
B002016,2025-06-18,PLT10,B,SUP0128,Night,714,79974.21,0.1449,11.66,1.21,643.3,28.9,12187.1,64.0,0,Normal
B004657,2025-09-26,PLT10,C,SUP0108,Day,1520,218687.82,0.1601,13.77,5.17,1709.5,35.1,48170.05,63.1,0,High
B001889,2025-10-12,PLT05,C,SUP0150,Day,1239,182969.07,0.0948,4.36,8.37,1849.5,30.6,27261.33,68.4,0,Normal
B002312,2025-06-26,PLT07,C,SUP0078,Night,1538,210233.09,0.093,10.16,4.62,1726.0,24.7,40237.03,60.5,0,Watch
B004681,2025-06-25,PLT05,D,SUP0101,Night,1123,195464.67,0.1183,10.4,7.47,1655.1,25.9,40643.88,65.8,0,High
B003321,2025-05-11,PLT02,B,SUP0146,Night,1568,183474.08,0.0684,1.74,5.72,1455.6,31.8,26721.44,76.6,0,Normal
B004769,2025-07-20,PLT05,D,SUP0077,Day,978,168966.16,0.1185,18.99,2.69,1352.6,12.0,26990.38,67.7,0,Normal
B002485,2025-09-05,PLT10,A,SUP0006,Day,1072,92498.91,0.0811,1.61,5.06,841.7,27.1,16338.38,78.5,0,Watch
B001087,2025-01-08,PLT09,C,SUP0049,Night,1307,213645.49,0.0858,4.64,4.72,1546.1,42.2,33543.88,71.6,0,Normal
B003013,2025-12-16,PLT05,A,SUP0033,Night,3361,300498.0,0.1139,5.09,9.35,2530.9,26.3,77266.97,66.4,0,Critical
B004289,2025-07-03,PLT08,C,SUP0140,Day,1027,159653.32,0.0755,4.94,6.76,1331.7,30.3,32341.51,72.6,0,High
B002834,2025-07-06,PLT04,A,SUP0060,Day,1426,119241.62,0.0943,2.92,3.82,1066.1,19.6,21739.94,75.5,0,Watch
B002693,2025-08-21,PLT10,A,SUP0023,Day,953,81583.87,0.0853,5.1,4.44,818.9,25.6,5357.03,72.3,0,Normal
B000195,2025-09-10,PLT04,B,SUP0004,Day,1648,176302.76,0.0492,3.52,6.96,1684.0,25.1,30906.37,87.9,0,Watch
B001475,2025-12-28,PLT05,A,SUP0174,Night,1596,137371.84,0.1162,22.1,2.73,1199.6,22.7,29286.88,56.5,0,High
B003438,2025-03-03,PLT04,A,SUP0034,Night,1741,153241.73,0.1014,14.15,1.95,1456.4,28.2,28174.53,55.3,0,Watch
B002183,2025-09-09,PLT05,D,SUP0176,Night,722,123995.27,0.0726,0.85,2.16,956.7,33.5,18348.61,75.8,0,Normal
B001212,2025-08-11,PLT10,B,SUP0155,Day,1290,141464.45,0.0802,3.13,4.01,1323.5,20.0,23744.35,80.8,1,Watch
B004105,2025-10-16,PLT03,B,SUP0086,Day,1241,144769.42,0.0988,12.81,1.75,1020.4,24.3,14970.58,63.2,0,Normal
B001658,2025-02-03,PLT06,A,SUP0121,Night,1855,142984.43,0.0755,7.54,4.55,1378.0,25.6,25403.14,71.8,0,Watch
B002754,2025-08-10,PLT10,C,SUP0004,Day,1542,211711.78,0.0917,5.54,3.1,2034.0,24.5,33896.68,70.4,0,Watch
B003159,2025-04-21,PLT01,A,SUP0006,Night,1844,159275.07,0.0634,1.69,,1430.7,29.8,42530.61,86.7,0,Critical
B002759,2025-08-19,PLT01,D,SUP0009,Day,1667,289314.94,0.0525,1.57,1.5,2285.8,21.4,17891.81,86.7,0,Normal
B004106,2025-10-17,PLT10,A,SUP0126,Day,1193,103328.15,0.0822,6.77,5.71,1014.7,24.6,9225.45,79.8,0,Normal
B002214,2025-06-04,PLT10,C,SUP0055,Night,1422,202261.45,0.1024,5.01,13.42,1719.5,29.5,46369.72,67.7,0,Critical
B004452,2025-02-15,PLT09,A,SUP0050,Night,1942,198275.52,0.0789,5.58,3.02,1514.4,23.9,32837.7,66.7,0,Normal
B001131,2025-11-04,PLT04,A,SUP0035,Day,930,80224.79,0.0771,7.94,8.11,858.7,32.0,14734.08,77.1,0,Watch
B001462,2025-05-12,PLT06,B,SUP0104,Day,530,53382.65,0.1128,8.66,1.29,432.6,,7558.37,66.8,0,Normal
B000277,2025-03-13,PLT05,A,SUP0081,Day,969,84842.72,0.0457,2.4,4.61,782.1,27.6,15653.85,84.9,0,Watch
B004575,2025-09-19,PLT06,A,SUP0145,Day,2374,182185.37,0.1079,3.2,1.85,1389.2,,28667.1,66.5,1,Normal
B003651,2025-02-04,PLT07,A,SUP0112,Night,1223,103082.32,0.0608,15.76,1.81,915.8,23.5,13669.14,76.9,0,Normal
B003373,2025-04-14,PLT03,D,SUP0022,Night,583,104440.33,0.0984,5.38,5.26,1002.9,,17039.06,74.5,0,Watch
B003188,2025-01-29,PLT10,B,SUP0053,Day,2276,249049.28,0.0902,12.53,4.23,1949.9,25.7,37608.07,75.7,0,Normal
B001303,2025-09-12,PLT03,C,SUP0007,Night,1120,165555.43,0.0779,1.84,3.0,1484.2,23.1,30575.03,83.0,0,Watch
B002847,2025-04-30,PLT03,D,SUP0179,Day,2455,439932.81,0.0802,3.52,4.48,3243.9,26.8,69493.65,69.9,0,Normal
B000223,2025-01-03,PLT03,A,SUP0171,Night,865,77726.47,0.0741,4.66,1.62,645.1,28.1,12238.82,78.6,0,Normal
B004688,2025-05-26,PLT09,C,SUP0047,Day,1179,196393.71,0.0924,9.88,9.88,1455.9,27.3,44199.92,64.0,0,High
B003657,2025-08-10,PLT04,D,SUP0160,Day,1531,259524.48,0.0599,7.05,3.72,1813.0,27.0,42840.7,76.4,0,Normal
B000574,2025-06-23,PLT06,A,SUP0062,Day,2008,155574.35,0.0986,7.97,3.89,1688.0,25.2,20529.68,69.7,0,Normal
B001237,2025-02-19,PLT09,D,SUP0017,Day,609,122526.88,0.0752,5.76,9.53,1047.0,23.6,25140.88,72.9,0,High
B003615,2025-06-12,PLT03,B,SUP0014,Night,1636,188785.4,0.0137,2.27,4.09,1422.5,25.6,15010.51,94.2,0,Normal
B002175,2025-09-25,PLT01,C,sup0129,Day,911,127920.47,0.0543,8.13,3.02,1274.1,33.9,13358.02,87.8,0,Normal
B002324,2025-10-09,PLT07,D,SUP0167,Day,1247,211735.75,0.0465,5.46,3.44,1862.6,27.3,25848.21,87.0,0,Normal
B001335,2025-09-04,PLT01,A,SUP0034,Day,1975,170730.02,0.1233,6.89,3.99,1600.5,22.9,29324.77,69.5,0,Watch
B004542,2025-04-19,PLT02,A,SUP0162,Day,934,81661.41,0.0726,3.45,5.32,650.6,38.6,10571.35,81.3,0,Normal
B004953,2025-09-21,PLT02,B,SUP0141,Day,1323,155502.69,0.0491,4.15,4.91,1386.4,34.1,19829.57,80.4,0,Normal
B000419,2025-11-17,PLT06,C,SUP0149,Night,2812,360406.91,0.1103,7.55,12.31,2945.5,23.1,101861.65,67.8,0,Critical
B000268,2025-01-20,PLT01,C,SUP0043,Day,1000,144013.85,0.0806,6.31,2.45,1224.3,30.1,19075.38,65.8,0,Normal
B001105,2025-05-23,PLT05,D,SUP0011,Night,1591,273857.43,0.0917,7.28,2.7,2309.2,29.4,48660.41,74.1,0,Watch
B000258,2025-03-28,PLT03,C,SUP0168,Night,736,106961.26,0.0807,2.73,5.98,946.9,28.0,15274.87,77.8,0,Normal
B000296,2025-07-22,PLT07,D,sup0053,Day,1501,252426.91,0.0781,4.3,3.61,2053.8,31.4,34299.31,76.1,0,Normal
B002406,2025-07-07,PLT09,B,SUP0172,Day,1627,214026.1,0.1109,11.52,8.46,1513.2,24.1,57812.0,77.2,0,Critical
B000387,2025-12-26,PLT05,C,SUP0071,Day,1341,195111.23,0.0704,1.31,4.19,1909.3,31.5,21001.83,76.9,0,Normal
B004419,2025-04-01,PLT03,C,SUP0086,Day,804,119861.98,0.0846,3.14,2.98,812.4,38.9,13102.57,64.7,0,Normal
B003154,2025-08-20,PLT05,A,SUP0038,Day,1163,101778.7,0.0946,10.04,9.06,1125.9,25.3,23869.93,74.6,0,High
B002275,2025-02-11,PLT02,A,SUP0027,Night,678,59139.95,0.0584,10.46,1.98,591.8,34.9,6258.03,74.2,1,Normal
B002291,2025-01-25,PLT05,A,SUP0133,Day,3752,317859.78,0.1095,5.05,4.18,2407.9,27.6,44314.38,71.6,0,Normal
B004380,2025-03-25,PLT03,B,SUP0066,Day,1168,134216.44,0.0779,0.54,5.39,1235.6,29.0,22189.08,88.0,0,Watch
B003586,2025-05-05,PLT03,B,SUP0060,Day,2021,234097.96,0.0748,4.42,3.74,,26.5,17461.14,80.4,0,Normal
B004251,2025-06-05,PLT09,B,SUP0041,Day,1240,160027.18,0.1453,3.97,13.35,1263.1,20.2,45979.03,55.3,0,Critical
B004429,2025-08-09,PLT03,A,sup0093,Night,1432,125778.69,0.1077,4.47,3.99,981.8,18.1,22446.63,58.6,0,Watch
B001564,2025-08-27,PLT02,A,SUP0129,Day,1710,149232.66,0.0562,6.3,2.77,1305.2,24.8,19584.66,75.5,1,Normal
B001963,2025-04-08,PLT04,B,SUP0085,Day,975,106858.75,0.1006,2.81,2.26,1045.2,30.8,11601.14,65.1,0,Normal
B001401,2025-05-24,PLT01,C,SUP0171,Night,830,117908.74,0.0917,15.83,6.17,1002.9,23.3,21900.17,67.4,0,Watch
B000713,2025-04-20,PLT01,B,SUP0160,Day,1026,115751.01,0.0734,9.51,6.26,961.7,25.3,16713.15,70.6,0,Normal
B004372,2025-05-29,PLT05,D,SUP0167,Day,1255,216397.67,0.0665,4.2,4.59,1852.7,21.8,32673.71,76.0,0,Normal
B002906,2025-01-12,PLT01,C,SUP0179,Night,1702,246058.69,0.0756,7.55,3.61,2261.0,23.8,36793.97,75.7,0,Normal
B000210,2025-09-18,PLT10,B,SUP0143,Day,1158,130566.55,0.0703,4.08,4.52,1006.3,27.3,16126.0,74.6,0,Normal
B004021,2025-10-01,PLT01,A,SUP0165,Night,1132,98259.11,0.0773,8.88,8.23,975.8,19.5,17776.4,71.9,0,Watch
B001290,2025-05-08,PLT05,A,SUP0027,Day,1082,95732.48,0.0848,9.35,2.28,855.2,22.3,9213.14,74.5,0,Normal
B004879,2025-09-08,PLT02,A,SUP0051,Night,2365,212073.84,0.0863,2.04,35.63,,36.6,437578.82,72.9,1,Critical
B001843,2025-05-02,PLT02,D,SUP0057,Day,1236,222192.4,0.0553,10.62,2.12,1617.9,29.4,24018.78,74.6,0,Normal
B000450,2025-08-03,PLT10,A,SUP0137,Day,755,65305.63,0.1297,6.57,9.43,688.4,25.0,11264.67,69.2,1,Watch
B004525,2025-11-19,PLT04,B,SUP0031,Day,1497,168402.84,0.1209,0.34,8.27,1322.0,26.8,37958.24,67.5,0,High
B003555,2025-03-30,PLT05,C,SUP0177,Day,1466,211538.6,0.0867,6.76,7.69,2170.9,28.7,43168.08,71.6,0,High
B001821,2025-09-17,PLT09,B,SUP0026,Day,1382,177130.51,0.09,0.96,4.16,1186.4,15.2,23801.24,75.4,0,Normal
B000959,2025-05-16,PLT04,B,SUP0129,Night,732,79992.5,0.0848,8.11,8.88,774.4,25.9,15614.97,81.0,0,Watch
B001794,2025-09-09,PLT09,D,SUP0053,Day,815,162549.03,0.0835,0.72,1.83,1031.3,31.9,18383.25,77.6,0,Normal
B002810,2025-08-24,PLT08,C,SUP0114,Day,1741,261428.51,0.1155,10.48,4.07,1951.0,25.6,56241.54,66.9,0,High
B000655,2025-11-09,PLT08,D,SUP0077,Day,1767,313705.72,0.1222,11.6,5.45,2552.1,14.4,62966.74,72.9,0,High
B002452,2025-04-27,PLT02,D,SUP0048,Night,1935,343392.8,0.0773,3.22,4.23,2670.0,27.2,56789.44,78.6,0,Normal
B003928,2025-11-16,PLT06,A,SUP0129,Day,884,67958.23,0.0919,7.28,6.07,628.8,26.3,13561.25,68.5,0,Watch
B000332,2025-07-17,PLT07,B,SUP0090,Day,2255,242661.78,0.1143,1.09,6.32,2088.8,16.7,42632.6,73.8,0,Watch
B001761,2025-06-12,PLT06,A,SUP0062,Day,970,76584.66,0.0799,7.23,2.35,849.7,40.1,7785.43,66.1,0,Normal
B004661,2025-05-11,PLT07,D,SUP0115,Night,1604,263970.93,0.0846,1.26,2.78,2267.8,25.3,45367.18,75.5,0,Watch
B002797,2025-03-28,PLT09,C,SUP0107,Night,697,116874.83,0.0588,1.18,1.63,966.5,20.9,11900.35,83.4,0,Normal
B002155,2025-10-23,PLT10,B,sup0143,Day,1460,163072.5,0.0669,5.08,,1375.4,28.1,20899.67,81.5,0,Normal
B000412,2025-09-17,PLT03,A,SUP0084,Night,1292,113270.18,0.1219,12.4,9.06,1062.3,21.6,27967.28,72.3,0,Critical
B001775,2025-04-09,PLT09,B,SUP0084,Night,627,81405.57,0.1259,10.73,1.41,647.1,27.1,14364.62,67.1,0,Watch
B004815,2025-05-19,PLT07,C,SUP0148,Day,1530,209574.09,0.1118,,6.23,1820.5,34.9,46242.38,64.3,0,High
B002229,2025-12-24,PLT08,A,SUP0152,Day,620,56786.2,0.1178,5.02,7.43,618.1,25.7,11503.98,75.8,0,High
B002424,2025-03-26,PLT08,C,SUP0117,Day,2181,332109.69,0.0394,5.39,0.67,2249.0,25.6,37211.96,78.0,0,Normal
B002679,2025-01-18,PLT05,C,SUP0159,Day,1294,183685.99,0.0889,2.56,4.44,1286.3,26.6,22866.33,78.9,0,Normal
B004356,2025-03-28,PLT10,B,SUP0146,Night,1251,145252.07,0.0813,4.37,2.74,1392.2,27.9,25694.55,87.7,0,Watch
B004824,2025-05-15,PLT04,B,SUP0070,Night,1277,140629.84,0.0762,2.54,2.85,1063.7,17.8,25035.35,81.3,0,Watch
B004472,2025-04-27,PLT07,C,SUP0118,Day,1405,198088.88,0.0814,3.48,3.58,2020.9,37.3,27755.16,82.4,0,Normal
B003383,2025-10-20,PLT08,A,SUP0038,Night,1036,95565.84,0.1409,2.89,7.31,781.1,23.1,20716.65,49.0,0,High
B003533,2025-12-09,PLT07,D,SUP0036,Day,732,123430.97,0.0768,3.66,6.82,1218.2,27.4,14658.4,83.8,0,Normal
B003629,2025-12-17,PLT08,B,SUP0083,Night,1111,132973.42,0.1151,4.8,4.13,1074.4,36.0,23306.0,70.9,0,Watch
B002003,2025-12-24,PLT02,D,SUP0039,Day,2030,356723.66,0.0789,11.32,1.0,2951.7,35.5,32021.95,71.7,0,Normal
B003436,2025-07-13,PLT06,D,SUP0052,Day,1076,166307.12,0.0623,4.8,0.41,1537.3,33.4,7961.7,76.1,0,Normal
B003448,2025-01-27,PLT03,C,SUP0092,Night,1553,230939.47,0.0606,3.14,6.15,2357.7,15.1,29837.76,82.4,0,Normal
B003823,2025-07-01,PLT10,B,SUP0143,Day,2578,284683.41,0.0767,1.59,2.29,2142.6,27.0,30687.86,74.0,0,Normal
B000431,2025-10-23,PLT03,D,SUP0070,Day,1420,257713.83,0.0757,7.04,3.79,,30.3,39030.17,71.6,0,Normal
B004561,2025-12-13,PLT08,A,SUP0008,Night,1110,102127.51,0.0921,2.35,4.07,913.1,23.7,18133.24,76.1,0,Watch
B002081,2025-11-09,PLT06,B,SUP0019,Day,2296,232660.42,0.0639,2.35,1.38,2597.4,24.0,18844.95,78.0,0,Normal
B001367,2025-06-29,PLT02,B,SUP0009,Day,1279,151086.37,0.0501,2.3,4.55,1443.1,32.5,15327.48,97.4,0,Normal
B000174,2025-02-15,PLT02,B,SUP0029,Night,1388,163883.54,0.0843,3.15,7.56,1382.7,,39877.27,78.4,0,Critical
B002911,2025-04-14,PLT10,D,SUP0040,Night,1738,301055.98,0.0721,0.4,2.9,2780.0,,41355.21,80.9,0,Normal
B001177,2025-01-26,PLT10,A,SUP0004,Day,1107,97283.65,0.0959,7.63,4.39,823.2,35.2,10887.27,66.3,0,Normal
B003400,2025-11-23,PLT09,A,SUP0047,Day,1679,164397.86,0.0445,6.29,2.7,1197.3,28.2,6343.98,78.9,0,Normal
B001477,2025-10-14,PLT10,D,SUP0057,Day,1002,172776.65,0.0754,3.92,9.82,1391.3,25.0,24345.01,69.0,0,Normal
B003940,2025-01-20,PLT07,B,SUP0146,Day,1017,110081.86,0.0533,5.52,3.98,999.8,26.1,18866.88,78.6,0,Watch
B003566,2025-08-30,PLT10,B,SUP0037,Day,1757,199114.54,0.0797,9.25,1.89,1414.9,29.2,32191.51,77.1,0,Watch
B000103,2025-07-02,PLT01,A,SUP0152,Night,1220,105605.11,0.1165,3.2,12.93,1006.1,22.4,23671.85,57.6,0,High
B003413,2025-02-10,PLT04,D,SUP0077,Night,2676,462975.09,0.0763,1.83,10.74,3959.2,23.4,106182.26,73.2,0,High
B003265,2025-12-25,PLT09,A,SUP0176,Day,1376,139050.1,0.1101,,8.17,1136.1,31.7,35110.9,66.9,1,Critical
B001264,2025-02-14,PLT07,C,SUP0159,Day,1095,151728.25,0.1125,2.04,2.41,1283.2,24.9,27446.88,68.9,1,Watch
B002941,2025-03-27,PLT01,B,SUP0031,Day,3533,401469.88,0.1164,8.01,3.47,3763.6,30.8,64803.9,73.7,0,Normal
B000295,2025-03-28,PLT07,A,SUP0035,Night,1146,97590.11,0.0838,4.32,2.26,716.9,24.0,7305.94,83.2,0,Normal
B002573,2025-09-12,PLT08,A,SUP0162,Day,1319,123106.73,0.0625,7.77,1.01,994.1,19.5,6325.61,71.4,0,Normal
B004706,2025-11-11,PLT03,A,SUP0003,Day,1262,110662.82,0.1123,2.61,4.0,995.0,26.1,14285.99,68.8,0,Normal
B002795,2025-11-16,PLT05,A,SUP0004 ,Night,1491,130374.4,0.0938,1.37,1.67,1260.6,31.4,13683.43,72.8,0,Normal
B003366,2025-06-18,PLT04,C,SUP0029,Night,1902,269749.01,0.092,30.69,0.92,2306.5,18.8,47275.63,60.5,0,Watch
B004546,2025-12-22,PLT03,D,SUP0103,Day,1465,264818.46,0.1044,8.73,4.65,1897.5,35.4,58686.22,68.0,0,High
B003756,2025-05-13,PLT05,C,SUP0032,Night,1082,156896.46,0.0725,3.47,2.04,1461.2,25.2,15223.85,70.8,0,Normal
B001644,2025-10-14,PLT05,D,SUP0158,Night,1212,215880.59,0.1088,6.23,6.8,1739.2,16.2,45265.4,66.9,0,High
B004551,2025-07-28,PLT10,B,SUP0148,Day,2715,307652.32,0.1066,11.7,2.41,3188.7,24.7,45045.76,61.6,1,Normal
B000001,2025-08-07,PLT08,D,SUP0087,Day,2195,401302.92,0.0944,8.16,3.8,3059.7,28.1,55014.4,77.8,0,Normal
B001581,2025-06-26,PLT09,A,SUP0175,Day,964,96838.6,0.0665,2.86,2.7,731.8,30.9,7626.23,82.6,0,Normal
B004467,2025-04-10,PLT06,C,SUP0144,Night,2246,284229.71,0.101,4.0,3.06,2639.2,29.8,50169.72,74.5,0,Watch
B004454,2025-09-12,PLT05,A,SUP0140,Day,1253,107790.47,0.0977,5.72,7.64,1037.3,19.9,19053.09,77.8,0,Watch
B001357,2025-07-24,PLT02,C,SUP0109,Night,3531,523025.19,0.1064,6.56,3.9,4895.2,28.2,122645.45,75.6,0,High
B003460,2025-08-09,PLT09,A,SUP0043,Day,1052,106374.13,0.0792,3.52,1.75,676.9,30.5,13159.71,79.0,0,Normal
B002124,2025-06-07,PLT09,B,SUP0170,Night,2385,308404.1,0.0863,7.29,6.15,2701.5,28.5,49555.32,74.3,0,Normal
B002278,2025-12-20,PLT10,B,SUP0144,Night,1183,131932.5,0.104,12.94,1.15,1106.3,24.0,17671.2,59.9,0,Normal
B002079,2025-10-31,PLT05,B,SUP0091,Day,1096,123076.36,0.1298,9.6,4.41,1054.7,31.4,27022.28,56.0,0,High
B004366,2025-01-14,PLT04,D,SUP0125,Day,1105,184184.48,0.1152,9.52,8.23,1648.9,23.4,27281.93,50.8,0,Normal
B000397,2025-07-31,PLT09,C,SUP0087,Day,989,161365.24,0.0999,4.12,2.7,1405.7,18.2,18567.64,66.4,1,Normal
B003530,2025-11-29,PLT06,B,SUP0024,Night,866,88991.24,0.0338,1.12,1.61,838.1,36.4,8556.02,94.6,0,Normal
B001065,2025-08-28,PLT02,D,SUP0032,Night,741,126476.9,0.096,1.53,2.39,907.6,30.3,13401.03,68.1,0,Normal
B002405,2025-02-20,PLT04,B,SUP0134,Day,1263,141253.02,0.0923,7.43,6.14,1382.9,31.1,24797.75,73.6,0,Watch
B004216,2025-11-21,PLT09,A,sup0100,Night,1504,151351.52,0.1131,8.09,3.69,1155.2,29.9,23923.49,68.1,0,Normal
B002196,2025-11-10,PLT07,B,SUP0045,Day,1141,124307.8,0.089,4.53,5.92,1055.2,27.6,16457.51,67.7,0,Normal
B000819,2025-07-05,PLT03,B,SUP0097,Day,1385,160524.79,0.0587,3.04,1.35,1422.0,30.2,11630.05,83.5,1,Normal
B001813,2025-12-15,PLT09,A,SUP0047,Night,1271,126596.21,0.0943,1.44,3.75,1004.7,27.0,25001.67,78.0,0,High
B002621,2025-03-01,PLT07,D,SUP0087,Night,1742,293174.38,0.1163,2.42,2.28,2540.2,29.1,30033.14,70.3,0,Normal
B001553,2025-01-27,PLT03,A,SUP0124,Night,793,69272.79,0.0893,3.06,15.04,552.6,25.1,187758.93,74.4,0,High
B003185,2025-03-03,PLT04,A,SUP0058,Night,1661,142849.15,0.0836,1.6,8.87,1440.1,25.2,34227.23,78.0,0,High
B000817,2025-08-26,PLT05,A,SUP0004,Day,1350,116829.96,0.098,8.37,3.07,990.0,28.3,11693.8,71.2,0,Normal
B001573,2025-11-21,PLT03,C,sup0009,Night,1340,192231.63,0.0863,3.03,3.93,1638.4,24.8,27746.46,80.7,0,Normal
B003028,2025-03-22,PLT01,B,SUP0015,Day,1072,117240.11,0.0744,3.6,1.9,1139.0,31.0,14454.56,73.7,0,Normal
B001801,2025-11-30,PLT10,A,SUP0162,Day,1555,138208.45,0.0387,2.14,1.7,1180.1,27.1,18385.36,77.5,1,Normal
B004332,2025-11-01,PLT08,C,SUP0098,Day,1049,160833.86,0.0769,6.47,0.72,1218.0,32.4,14378.79,74.2,0,Normal
B000382,2025-12-15,PLT02,C,SUP0106,Night,991,143284.3,0.0779,1.34,6.36,1209.3,30.0,22187.54,82.1,0,Normal
B004533,2025-08-17,PLT09,B,SUP0131,Night,1067,137165.35,0.1147,0.71,4.61,1072.8,36.6,26409.12,74.2,0,Watch
B003898,2025-08-16,PLT04,C,SUP0157,Day,2150,303308.12,0.1491,4.89,7.81,2558.6,26.0,76975.25,57.4,0,Critical
B002956,2025-05-10,PLT02,C,SUP0056,Day,1364,198626.74,0.0634,5.27,4.15,2021.5,32.0,25013.58,77.1,0,Normal
B003574,2025-07-26,PLT09,B,SUP0083,Night,900,115426.04,0.0703,4.36,8.14,986.0,29.6,25446.27,78.6,0,High
B002949,2025-10-12,PLT03,A,SUP0175,Day,1676,149657.87,0.0821,4.41,1.58,1027.2,38.3,20544.81,69.3,0,Normal
B004369,2025-06-28,PLT03,C,SUP0119,Day,1951,288216.91,0.1413,10.12,6.17,2443.4,29.4,77056.0,69.1,0,Critical
B001781,2025-10-17,PLT04,A,SUP0052,Day,1282,107045.1,0.0824,8.06,3.63,1084.0,32.2,14309.78,63.6,0,Normal
B002781,2025-08-05,PLT09,B,SUP0152,Day,1137,143978.09,0.1011,0.25,6.86,1199.1,37.9,28338.95,85.6,0,High
B002482,2025-09-23,PLT03,B,SUP0173,Night,1972,230202.62,0.0679,3.53,4.17,1608.0,24.6,38873.75,72.4,0,Watch
B002378,2025-06-26,PLT05,A,SUP0102,Day,1118,96614.06,0.0567,4.83,1.25,695.7,,11745.78,93.7,0,Normal
B000865,2025-03-19,PLT06,C,SUP0166,Day,1668,213067.54,0.0743,1.77,1.7,2142.8,32.1,20381.39,85.6,0,Normal
B003083,2025-11-18,PLT02,A,SUP0051,Day,1118,98941.97,0.065,3.74,5.38,724.9,37.2,8075.82,82.8,0,Normal
B003971,2025-05-08,PLT04,B,SUP0172,Day,960,106222.88,0.0719,0.74,5.99,953.9,32.7,10724.02,77.5,0,Normal
B000555,2025-01-16,PLT08,D,SUP0103,Night,1528,281409.01,0.0952,4.86,10.7,2200.4,28.0,82809.83,72.1,0,Critical
B001160,2025-10-20,PLT03,D,SUP0141,Night,1353,243845.77,0.0761,8.04,3.36,2121.3,37.5,35679.62,68.8,0,Normal
B001214,2025-08-06,PLT10,D,SUP0178,Day,1378,238213.19,0.1233,5.07,7.55,2640.5,25.4,66869.6,63.5,0,Critical
B002604,2025-08-19,PLT01,B,SUP0090,Night,3353,384711.56,0.1035,1.14,4.7,2886.1,24.3,59608.47,70.2,0,Normal
B003672,2025-04-12,PLT10,A,SUP0002,Night,2459,211514.76,0.0898,9.93,6.77,2012.6,25.8,42974.26,68.4,0,High
B000049,2025-09-09,PLT08,C,SUP0009,Night,1909,295508.14,0.0765,19.7,6.99,2687.0,28.6,61091.59,75.5,0,High
B002986,2025-02-27,PLT09,D,SUP0153,Day,2062,423090.53,0.0241,8.84,4.12,2830.9,21.3,17102.12,77.1,1,Normal
B000701,2025-11-12,PLT04,D,SUP0020,Night,1431,241468.51,0.1071,13.78,1.65,2058.9,27.2,41489.39,64.9,0,Watch
B000653,2025-05-30,PLT08,A,SUP0100,Night,1333,121600.85,0.1213,3.34,2.56,1293.5,31.3,17136.44,64.3,0,Normal
B003222,2025-03-20,PLT06,C,SUP0148,Day,1918,246371.39,0.0822,0.9,2.58,2658.4,41.5,36286.97,72.7,0,Normal
B003132,2025-07-01,PLT03,A,SUP0142,Day,2303,204657.39,0.0647,3.53,3.55,1692.7,24.9,19991.19,87.8,0,Normal
B003378,2025-04-23,PLT09,C,SUP0108,Day,888,145262.16,0.1414,18.86,1.98,1231.7,28.0,25988.73,48.3,0,Watch
B000749,2025-05-23,PLT09,D,SUP0163,Day,1078,214651.33,0.1064,9.26,5.55,1475.1,26.6,42377.69,80.1,0,High
B001456,2025-12-28,PLT03,B,SUP0015,Day,1406,161243.68,0.0959,12.35,4.27,1351.4,30.7,14994.62,72.2,0,Normal
B004239,2025-03-05,PLT07,B,SUP0016,Day,507,55514.92,0.0862,7.92,4.86,590.5,29.5,11560.71,71.1,0,High
B002252,2025-12-03,PLT04,A,SUP0176,Day,1664,139786.87,0.0969,4.22,9.3,1349.5,26.4,30920.64,75.7,0,High
B002060,2025-11-23,PLT01,C,SUP0007,Day,991,148630.03,0.07,2.98,4.77,1420.8,25.3,25027.86,81.3,0,Watch
B000867,2025-01-11,PLT09,B,SUP0042,Night,1862,244010.63,0.1015,0.21,0.33,1769.4,23.1,36218.33,71.2,0,Normal
B000753,2025-10-14,PLT07,D,SUP0039,Day,1955,329996.32,0.0393,4.17,7.47,2646.0,30.7,322286.28,78.2,0,Normal
B001645,2025-08-18,PLT06,C,SUP0171,Day,1466,185468.6,0.0935,6.29,,1658.8,40.4,25717.64,70.6,0,Normal
B000093,2025-09-12,PLT10,D,SUP0021,Day,1101,189984.77,0.1007,4.1,4.82,1836.3,18.2,36581.16,68.5,0,High
B002882,2025-07-04,PLT01,A,SUP0081,Day,1334,116148.57,0.0758,1.75,5.51,1175.6,33.4,23637.81,79.7,0,High
B003165,2025-11-01,PLT10,B,SUP0101,Day,918,103917.77,0.0992,2.13,6.66,916.4,30.4,17952.19,77.1,0,Watch
B002477,2025-06-17,PLT04,C,SUP0043,Night,1463,206330.82,0.0915,0.78,3.92,1829.5,27.1,29113.75,73.5,0,Normal
B003904,2025-09-29,PLT07,C,SUP0087,Day,1270,169556.23,0.0848,6.33,7.32,1568.4,25.2,37228.19,69.8,1,High
B001491,2025-03-08,PLT10,D,SUP0150,Day,3188,561050.21,0.109,1.05,2.11,4105.3,31.9,73739.54,69.6,0,Normal
B002955,2025-07-02,PLT05,C,SUP0126,Day,486,71155.72,0.0967,3.0,13.84,925.2,21.7,18732.33,64.2,0,Critical
B004270,2025-07-01,PLT08,B,SUP0087,Night,1543,187367.76,0.0785,2.71,2.36,1350.9,16.6,25235.81,60.5,0,Normal
B000730,2025-05-08,PLT09,D,SUP0135,Night,677,132951.66,0.0633,0.81,2.94,809.2,33.2,13986.66,76.2,0,Normal
B002772,2025-07-08,PLT08,A,SUP0035,Day,1097,101073.47,0.0547,6.9,2.73,753.2,25.7,9543.81,68.2,0,Normal
B002519,2025-05-25,PLT02,C,SUP0035,Night,839,121542.98,0.0675,10.99,2.1,1043.5,25.7,14859.83,90.3,0,Normal
B003806,2025-07-10,PLT02,D,SUP0003,Day,1339,235316.79,0.0729,0.24,2.41,2449.1,18.1,6095.3,75.2,0,Normal
B001937,2025-11-26,PLT03,C,SUP0043,Day,1356,199838.85,0.1036,2.66,3.11,1850.0,23.3,31753.09,71.6,0,Normal
B001746,2025-12-13,PLT08,B,SUP0031,Night,1274,153759.55,0.1862,11.73,5.18,1268.5,21.6,35558.25,41.3,0,High
B003568,2025-03-10,PLT07,C,SUP0136,Day,2264,309234.05,0.0922,8.02,2.12,2263.6,33.0,38590.57,74.3,0,Normal
B003380,2025-11-13,PLT02,C,SUP0092,Day,879,127566.08,0.0799,6.51,2.83,995.3,22.6,17726.84,74.8,0,Normal
B003632,2025-09-13,PLT01,D,SUP0137,Night,1156,197286.03,0.1285,2.21,0.48,1355.5,27.5,34863.49,76.7,0,Watch
B001958,2025-01-19,PLT03,A,SUP0121,Day,1353,123627.28,0.091,2.83,1.77,1163.6,27.3,11171.71,67.9,0,Normal
B001111,2025-07-21,PLT09,C,SUP0046,Day,1129,189656.55,0.0832,3.44,6.65,1461.4,26.1,41929.41,70.8,1,High
B003406,2025-07-26,PLT08,A,SUP0047,Day,1635,146789.67,0.0516,5.34,1.44,962.9,28.0,11275.55,88.9,0,Normal
B004110,2025-11-02,PLT01,C,SUP0148,Night,1467,211075.05,0.1158,2.8,2.52,1805.6,28.1,42001.55,63.9,0,High
B004517,2025-11-04,PLT07,C,SUP0170,Night,1030,146388.2,0.0985,2.37,3.31,1324.2,25.7,25314.48,76.3,0,Watch
B004818,2025-01-14,PLT09,C,SUP0059,Day,1034,171185.6,0.0749,3.49,2.7,1336.7,,12028.87,65.7,0,Normal
B000347,2025-01-25,PLT04,B,SUP0026 ,Night,1072,116640.14,0.0547,2.84,1.92,938.7,28.9,7398.26,77.2,0,Normal
B001186,2025-09-18,PLT04,A,SUP0118,Night,2309,192667.9,0.0903,2.29,4.54,,24.9,34055.15,73.6,0,Watch
B004067,2025-10-30,PLT04,D,SUP0048,Night,1011,169643.14,0.1153,5.88,4.23,1424.7,22.7,29887.04,65.3,0,Watch
B004086,2025-07-31,PLT06,C,SUP0092,Day,2083,263980.26,0.0961,,3.9,2396.3,27.9,32983.75,68.5,0,Normal
B001516,2025-01-06,PLT07,C,SUP0147,Night,1395,193830.71,0.1157,1.92,3.51,1434.3,18.5,34160.22,70.9,0,Watch
B004717,2025-08-05,PLT05,C,SUP0007,Night,2025,289288.88,0.0691,0.45,0.71,2158.4,31.4,35856.64,90.7,0,Normal
B000579,2025-05-31,PLT10,D,SUP0101,Night,646,113091.08,0.118,4.15,2.17,881.2,30.1,14333.62,66.6,0,Normal
B001965,2025-10-24,PLT03,A,SUP0168,Night,2288,206240.06,0.0618,9.94,3.1,1819.3,23.7,26054.03,79.0,0,Normal
B000076,2025-08-27,PLT04,C,SUP0104,Day,1309,186881.72,0.0986,4.86,4.09,1732.9,33.6,31481.28,67.2,0,Normal
B001430,2025-05-25,PLT10,A,SUP0126,Night,1149,97479.03,0.0661,2.8,7.56,1017.4,22.8,19802.18,93.7,0,High
B004394,2025-11-25,PLT05,B,SUP0016,Night,1397,156502.8,0.0988,4.26,5.06,1535.2,27.2,27271.53,74.4,0,Watch
B004960,2025-06-09,PLT02,A,SUP0124,Night,1703,152249.79,0.0997,3.17,5.14,1181.6,,32359.92,87.7,0,High
B004053,2025-09-15,PLT04,C,SUP0121,Day,1719,239700.0,0.0996,7.92,3.29,2027.0,24.3,35056.73,76.6,0,Normal
B004342,2025-09-01,PLT10,C,SUP0077,Day,1208,168571.74,0.0715,5.15,2.58,1594.1,33.0,21723.07,79.9,0,Normal
B001847,2025-02-28,PLT10,B,SUP0148,Day,1664,188150.02,0.0885,8.05,0.7,1390.1,32.9,29892.28,75.1,0,Watch
B000132,2025-03-04,PLT07,C,SUP0117,Night,1323,181271.5,0.0781,17.97,6.63,1624.0,18.3,33108.91,60.6,0,Watch
B000179,2025-07-04,PLT10,C,SUP0007,Day,1040,150034.93,0.0849,2.07,1.09,1308.8,30.6,18798.05,71.0,0,Normal
B004512,2025-06-25,PLT06,D,SUP0103,Day,1139,176132.21,0.1037,7.03,1.13,1746.9,,32942.39,64.1,0,Watch
B002749,2025-07-14,PLT08,D,SUP0111,Night,994,180064.66,0.1086,0.57,5.53,1562.4,28.0,26108.99,76.0,0,Normal
B002570,2025-07-20,PLT04,B,SUP0045,Day,721,79670.26,0.0275,2.02,9.42,831.2,37.3,12921.51,75.0,0,Normal
B002418,2025-09-29,PLT07,C,SUP0101,Day,809,111030.78,0.1134,2.96,4.3,951.2,21.9,11882.22,70.0,0,Normal
B004623,2025-08-03,PLT06,D,SUP0177,Day,1065,165024.94,0.1007,2.73,6.66,1539.2,19.5,32451.71,77.5,0,Watch
B000659,2025-05-20,PLT02,C,SUP0043,Day,1756,257709.55,0.0685,4.35,2.65,2156.8,28.3,34703.94,74.8,0,Normal
B001897,2025-12-11,PLT01,A,SUP0037,Night,895,79655.6,0.1011,2.43,2.0,593.9,,11143.76,75.5,0,Normal
B003385,2025-03-10,PLT02,B,SUP0080,Day,1253,138177.09,0.0686,8.01,3.42,1230.6,23.4,18704.47,75.8,1,Normal
B003164,2025-07-31,PLT03,D,SUP0169,Day,2005,356544.61,0.0675,10.92,0.09,2985.9,25.6,30312.68,79.4,0,Normal
B000343,2025-11-20,PLT04,A,SUP0060,Day,1742,145559.77,0.0823,14.77,4.68,1131.3,27.1,11083.84,76.4,0,Normal
B004499,2025-10-22,PLT02,A,SUP0028 ,Day,839,74379.93,0.1106,8.99,6.5,678.4,21.0,13359.5,65.5,0,Watch
B000728,2025-11-23,PLT01,A,SUP0019,Day,993,86246.55,0.0974,11.91,2.27,613.1,27.3,9321.22,65.4,0,Normal
B003857,2025-11-23,PLT06,A,SUP0112,Night,1101,85302.91,0.0575,7.05,1.96,784.6,28.3,7600.59,89.0,0,Normal
B000977,2025-04-15,PLT01,B,SUP0144,Night,1578,179657.59,0.0842,2.09,1.19,1427.7,23.1,12667.27,74.2,0,Normal
B002419,2025-09-14,PLT04,D,SUP0046,Day,2228,371514.92,0.0724,6.03,6.39,3376.0,,82285.32,70.1,0,High
B004422,2025-12-01,PLT03,C,SUP0069,Day,1308,195586.54,0.1039,1.08,7.75,1764.1,33.0,34200.76,67.7,0,Watch
B001929,2025-08-30,PLT02,A,SUP0062 ,Night,2090,180461.58,0.076,5.65,5.54,1654.2,23.3,28181.7,69.0,0,Normal
B002665,2025-01-07,PLT09,B,SUP0180,Night,1668,215528.92,0.0967,3.37,1.08,2039.4,35.3,27519.75,74.1,0,Normal
B004913,2025-06-14,PLT08,B,SUP0080,Night,1135,130548.96,0.0907,4.63,7.34,962.0,26.9,27092.41,71.9,0,High
B001300,2025-10-28,PLT10,D,SUP0103,Night,867,144650.15,0.1131,3.3,2.0,1398.3,20.7,20260.06,63.9,0,Normal
B004705,2025-10-24,PLT09,C,SUP0136,Night,1406,231662.2,0.0937,1.01,2.61,1819.4,26.6,42126.63,72.8,0,Watch
B004646,2025-07-11,PLT03,C,SUP0007,Night,831,123179.19,0.1048,5.69,2.37,1038.3,18.5,20457.38,73.6,0,Watch
B000661,2025-06-26,PLT04,D,SUP0003,Night,739,126400.04,0.1054,10.3,4.09,898.2,,25215.25,73.6,0,Watch
B004048,2025-10-23,PLT09,C,SUP0144,Day,1398,231578.97,0.0909,0.88,3.01,1752.0,30.1,32915.09,81.9,0,Normal
B002439,2025-07-11,PLT03,A,SUP0060,Day,1331,120042.32,0.0902,0.98,3.71,971.3,28.1,17809.82,71.3,0,Normal
B003707,2025-07-25,PLT08,B,SUP0097,Day,1891,229325.86,0.059,3.35,0.91,2047.7,43.7,24060.66,79.3,0,Normal
B003037,2025-03-01,PLT03,C,SUP0111,Day,522,76241.17,0.1105,1.22,5.87,662.6,20.1,11374.2,70.7,0,Normal
B002234,2025-06-26,PLT05,D,SUP0123,Day,1498,259699.22,0.0926,2.12,0.61,1643.1,31.2,24800.49,73.4,1,Normal
B003114,2025-11-23,PLT02,B,SUP0104,Night,1103,128069.86,0.1028,5.01,2.05,845.8,48.0,18739.77,74.5,0,Normal
B003999,2025-11-11,PLT01,B,SUP0180,Night,3083,350045.22,0.1155,7.48,3.05,2937.8,31.3,70654.7,69.4,0,High
B003669,2025-09-25,PLT04,A,SUP0104,Night,1282,108460.73,0.0959,7.03,5.14,879.2,20.6,24805.7,81.2,0,High
B003257,2025-06-08,PLT04,B,SUP0132,Day,1036,110352.37,0.1073,5.16,3.26,989.0,33.9,15893.2,75.3,0,Normal
B001279,2025-10-28,PLT09,A,SUP0175,Day,1958,193903.3,0.0739,4.2,8.67,1484.6,38.3,29460.86,87.3,0,Normal
B003134,2025-07-21,PLT03,C,SUP0032,Night,2242,337114.79,0.0691,3.61,3.92,2173.7,26.2,41089.18,75.6,0,Normal
B001622,2025-03-30,PLT03,A,SUP0128,Night,872,77439.59,0.1331,5.73,1.6,570.7,21.4,11715.27,68.0,0,Normal
B003076,2025-10-29,PLT03,B,SUP0097,Day,1388,160081.91,0.0748,4.29,4.52,1301.5,24.6,29447.07,65.4,0,Watch
B003825,2025-01-02,PLT05,A,SUP0137,Day,1878,165073.85,0.0945,9.22,1.67,1430.4,32.0,28684.5,74.6,0,Watch
B000068,2025-08-18,PLT10,D,SUP0137,Day,1595,272159.88,0.1146,9.96,4.35,2136.0,29.2,64301.2,69.5,0,Critical
B004741,2025-02-09,PLT09,B,SUP0057,Night,1707,226915.09,0.0805,3.0,4.11,1808.3,20.7,38863.31,70.4,0,Watch
B002168,2025-05-24,PLT06,C,SUP0180,Day,933,121045.62,0.1104,0.64,6.2,1290.5,40.4,23064.29,69.4,0,Watch
B004746,2025-01-09,PLT07,A,SUP0133,Night,1695,143093.29,0.1214,20.07,,1073.2,32.5,25567.32,65.3,0,Watch
B000821,2025-04-10,PLT02,A,SUP0118,Day,3218,288548.22,0.091,12.04,4.73,2089.2,35.2,33550.05,67.1,0,Normal
B001227,2025-09-08,PLT07,D,SUP0144,Day,1794,300328.28,0.0969,9.01,4.5,2747.5,16.9,53812.37,67.1,0,Watch
B003186,2025-12-14,PLT05,D,SUP0136,Day,1413,249645.37,0.0797,2.89,3.12,1906.8,28.1,26945.13,67.3,0,Normal
B004891,2025-11-17,PLT01,A,SUP0160,Night,1290,115268.9,0.0754,6.31,1.98,1090.2,31.4,19545.46,78.8,0,Watch
B002958,2025-08-05,PLT02,A,SUP0160,Day,2256,198208.72,0.0843,1.51,2.02,1744.6,37.8,13554.7,81.6,0,Normal
B004503,2025-09-06,PLT06,D,SUP0052,Night,1160,185013.89,0.0728,5.0,5.45,1735.3,21.6,33061.86,68.3,0,Watch
B004314,2025-01-13,PLT04,B,SUP0019,Night,788,83521.22,0.0741,10.85,2.37,899.1,29.1,11975.14,68.4,0,Normal
B004146,2025-08-28,PLT01,B,SUP0064,Day,1006,114393.62,0.0807,2.3,3.12,846.9,24.6,11243.75,74.2,0,Normal
B001144,2025-08-31,PLT05,A,SUP0121,Day,1531,133092.01,0.0667,2.25,2.29,1097.7,16.3,10495.52,79.5,0,Normal
B000398,2025-07-29,PLT07,B,SUP0005,Night,1008,110528.54,0.1115,1.1,2.64,1183.7,21.5,13713.52,65.7,0,Normal
B004244,2025-04-30,PLT10,B,SUP0119,Night,1937,210591.0,0.1111,1.4,3.4,1822.6,32.7,23555.45,73.0,0,Normal
B004346,2025-12-05,PLT07,C,sup0046 ,Day,1836,258386.91,0.1324,14.15,1.91,2249.7,37.7,49515.99,66.9,0,Watch
B004420,2025-03-02,PLT10,A,SUP0176,Night,1165,100231.39,0.0606,11.8,4.65,895.3,31.9,18397.96,76.5,0,Watch
B001399,2025-11-21,PLT08,C,SUP0018,Day,2080,319741.72,0.0975,5.21,6.13,2634.6,35.5,58088.67,64.5,0,Watch
B001660,2025-01-19,PLT09,C,SUP0152,Day,1314,216209.06,0.1165,2.98,4.89,1716.9,19.1,29308.0,60.0,0,Normal
B000980,2025-07-15,PLT09,B,SUP0146,Night,2088,266850.35,0.0642,15.13,2.33,1985.2,35.6,41255.63,84.7,0,Normal
B001299,2025-07-22,PLT09,A,SUP0129,Day,2270,229186.89,0.0667,12.32,8.79,1815.5,18.0,37894.5,75.0,0,Normal
B003661,2025-03-05,PLT02,C,SUP0168,Night,999,145048.07,0.0626,2.61,7.88,1233.8,25.9,30930.93,76.8,0,High
B000083,2025-10-14,PLT07,B,SUP0053,Day,892,99061.57,0.0791,16.46,1.78,697.6,20.8,14592.37,78.4,1,Normal
B002226,2025-07-27,PLT07,C,SUP0112,Day,1920,263178.13,0.0436,6.44,0.84,1906.8,28.0,5682.1,87.1,0,Normal
B002506,2025-11-21,PLT05,B,SUP0158,Night,654,73534.72,0.0738,4.42,4.31,582.7,34.8,8975.7,88.1,0,Normal
B004317,2025-09-27,PLT06,D,SUP0026,Day,1907,291254.34,0.103,4.66,3.08,2732.8,21.5,36840.12,69.0,0,Normal
B004709,2025-09-28,PLT03,B,SUP0170,Night,1395,157778.68,0.1197,10.7,3.77,1266.7,36.5,25260.59,72.1,0,Normal
B004099,2025-03-24,PLT07,C,SUP0082,Day,2679,375718.69,0.1065,5.02,1.71,2758.0,32.9,49596.25,70.5,0,Normal
B000424,2025-09-25,PLT09,C,SUP0115,Night,1485,242809.41,0.0792,14.67,0.9,1474.0,32.5,38664.39,66.5,0,Normal
B004384,2025-01-04,PLT01,D,SUP0099 ,Day,1753,298213.59,0.0979,1.49,27.15,2930.1,27.0,523277.41,76.7,1,Normal
B001905,2025-01-20,PLT08,A,SUP0090,Night,1168,106470.89,0.1161,3.92,2.32,978.0,,14837.19,61.6,0,Normal
B004679,2025-09-07,PLT09,B,SUP0064,Night,1923,247245.48,0.089,7.2,4.39,1613.1,27.6,43194.87,75.1,0,Watch
B004057,2025-05-25,PLT09,B,SUP0033,Night,1730,223697.42,0.0922,2.87,7.74,1800.1,35.7,43376.89,76.7,1,High
B003166,2025-09-07,PLT04,B,SUP0080,Day,1301,140304.25,0.0821,4.51,9.96,1441.7,16.8,34663.41,75.8,0,High
B001566,2025-02-11,PLT07,C,SUP0086,Day,1109,152003.43,0.1148,3.51,6.81,1292.2,15.6,31527.5,71.7,0,High
B003424,2025-02-14,PLT02,B,SUP0016,Night,1795,199869.6,0.1034,4.81,1.84,1500.2,27.9,27855.99,72.9,0,Normal
B000840,2025-10-01,PLT05,D,SUP0137,Day,1699,296935.12,0.0911,2.62,8.4,2394.9,31.7,46010.25,81.0,0,Normal
B000501,2025-04-11,PLT08,C,SUP0171,Night,1038,155859.26,0.0851,7.23,2.28,1306.6,31.9,17474.41,76.8,0,Normal
B000142,2025-03-07,PLT08,B,SUP0101,Day,997,119962.4,0.0773,6.46,6.6,1107.8,31.1,20099.41,85.3,0,Watch
B001378,2025-10-25,PLT09,B,SUP0100,Day,1043,131584.05,0.1072,4.67,2.15,859.6,26.3,17857.41,67.5,0,Normal
B003771,2025-07-25,PLT02,B,SUP0080,Day,1228,140041.22,0.1127,4.4,4.63,1275.3,20.8,25134.99,77.7,0,Watch
B002571,2025-07-13,PLT03,B,SUP0111,Night,1726,203470.61,0.0979,7.57,1.16,1633.5,36.1,33324.21,67.7,0,Watch
B001139,2025-11-01,PLT06,C,SUP0098,Day,1637,213434.17,0.0555,3.14,7.53,1933.2,30.3,33754.51,78.3,0,Normal
B002595,2025-10-30,PLT06,B,SUP0068,Night,1735,176773.35,0.0696,5.02,3.66,1727.8,33.0,25125.1,82.0,0,Normal
B001788,2025-11-07,PLT01,C,SUP0083,Night,1277,182841.53,0.0686,8.95,,1740.3,31.6,42465.93,78.5,0,High
B002616,2025-09-01,PLT10,C,SUP0047,Day,999,143562.19,0.1513,12.35,4.46,1413.8,39.3,25280.09,62.1,0,Watch
B000551,2025-10-01,PLT09,B,SUP0104,Day,1962,256117.24,0.0731,1.87,2.58,1840.5,23.0,29490.59,81.4,0,Normal
B003163,2025-08-25,PLT04,A,SUP0081,Day,1546,131898.09,0.0662,5.59,1.68,1062.9,21.5,4947.54,86.9,0,Normal
B002020,2025-11-30,PLT08,C,SUP0115,Night,1429,216826.34,0.1134,7.64,3.55,1764.1,20.1,49598.25,65.4,0,High
B000949,2025-02-10,PLT10,C,SUP0032,Day,1108,156691.07,0.0783,1.04,2.23,,32.6,21946.46,64.5,0,Normal
B002304,2025-12-29,PLT02,B,SUP0013,Day,1830,210408.81,0.0827,,5.91,1694.0,,41352.6,84.3,0,Watch
B000533,2025-09-25,PLT05,A,SUP0129,Night,1503,133314.07,0.0642,,1.84,836.3,35.6,16052.94,62.2,0,Normal
B001830,2025-12-08,PLT02,B,SUP0129,Day,737,85307.63,0.0911,7.18,10.6,852.4,31.6,14491.51,77.7,0,Watch
B004848,2025-02-06,PLT01,A,SUP0010,Day,1146,98235.28,0.0638,1.92,2.53,902.8,41.0,15146.67,73.1,0,Normal
B004463,2025-06-27,PLT04,C,SUP0106,Day,964,136581.83,0.0626,10.62,3.77,1192.5,28.4,11372.23,71.2,1,Normal
B003948,2025-01-18,PLT09,B,SUP0024,Day,887,114811.59,0.0415,2.02,1.94,835.3,38.8,11345.07,81.8,0,Normal
B001603,2025-06-05,PLT07,A,SUP0027,Day,1262,104616.72,0.0246,3.29,2.15,1186.7,36.1,12760.07,87.2,0,Normal
B000640,2025-08-24,PLT07,B,SUP0033,Night,1066,119518.84,0.0939,1.89,6.4,957.5,31.9,18881.71,80.7,0,Normal
B004882,2025-09-15,PLT03,C,SUP0109,Day,1259,183701.22,0.1023,0.65,2.06,1598.6,31.6,36176.45,85.6,0,High
B000968,2025-09-09,PLT09,A,SUP0130,Day,1233,123883.31,0.1268,3.33,6.7,899.2,27.6,21908.77,66.5,0,Watch
B004282,2025-10-11,PLT05,D,sup0178,Night,942,164637.06,0.1113,3.88,3.45,1524.7,23.2,26053.79,63.2,0,Normal
B002678,2025-11-19,PLT10,C,SUP0077,Day,2082,294997.68,0.1145,0.19,5.62,3203.9,33.6,62444.58,71.6,0,High
B001684,2025-10-21,PLT09,B,SUP0141,Day,2180,282938.11,0.0984,1.1,5.46,2169.7,26.0,61174.37,72.6,0,High
B004516,2025-06-23,PLT10,A,SUP0040,Night,1306,111644.45,0.074,0.71,5.19,880.0,15.6,17566.25,84.1,0,Watch
B004545,2025-05-25,PLT05,C,sup0055,Night,2138,304585.85,0.1263,8.89,6.24,2818.0,29.5,60832.13,62.2,0,High
B000156,2025-11-26,PLT10,D,SUP0040,Night,448,79684.28,0.1196,4.39,2.8,603.8,25.9,18490.04,78.2,0,Critical
B002535,2025-10-07,PLT04,A,SUP0030,Day,1365,118553.74,0.0927,7.04,4.32,1091.9,33.1,19851.96,65.5,0,Normal
B003705,2025-07-28,PLT10,A,SUP0022,Day,1640,145404.19,0.0474,2.96,3.77,,26.7,18648.24,91.0,0,Normal
B001090,2025-11-16,PLT02,A,SUP0003,Day,1545,138276.28,0.1127,2.34,5.43,1335.4,23.2,30010.28,60.4,0,High
B002708,2025-08-08,PLT02,C,SUP0180,Day,942,139011.13,0.0645,4.74,5.3,1257.6,25.9,19301.27,88.0,0,Normal
B004285,2025-06-11,PLT03,A,SUP0113,Night,1977,179456.94,0.1057,12.69,3.19,1295.0,28.7,28103.05,65.4,0,Normal
B000289,2025-10-23,PLT08,C,SUP0007,Day,1990,306118.73,0.0916,6.74,6.75,2375.4,33.7,35207.69,72.8,0,Normal
B000931,2025-07-29,PLT08,C,SUP0145,Night,1230,186179.24,0.1256,4.53,1.2,1537.7,33.3,33505.37,74.2,1,Watch
B002585,2025-08-14,PLT01,D,SUP0083,Night,1005,171536.61,0.0798,3.31,0.93,1502.5,27.7,26758.41,75.5,0,Normal
B002306,2025-05-01,PLT06,C,SUP0179,Night,1528,197042.0,0.069,1.61,2.53,1634.7,30.8,32316.37,75.6,0,Normal
B003440,2025-12-02,PLT03,B,SUP0160,Night,1311,151342.23,0.0504,3.56,8.71,1398.8,21.7,29097.93,71.4,0,Watch
B004134,2025-11-22,PLT05,B,SUP0081,Night,792,87590.09,0.0624,5.16,11.07,897.3,25.2,18351.23,78.1,0,High
B003358,2025-01-24,PLT09,B,SUP0061,Night,1023,135329.77,0.0706,2.17,3.38,897.9,24.7,14780.36,77.6,0,Normal
B000943,2025-01-15,PLT05,C,SUP0117,Night,1429,207646.26,0.0484,3.53,8.83,1630.5,26.6,48921.6,83.6,0,High
B003935,2025-07-31,PLT02,C,sup0140,Day,1661,244449.94,0.0877,2.81,8.9,2213.6,18.3,51768.84,74.0,0,High
B004710,2025-11-01,PLT06,A,sup0153,Day,1005,77170.56,0.0638,3.41,1.95,779.3,42.2,8301.11,72.5,0,Normal
B001699,2025-07-10,PLT03,B,SUP0029,Night,723,85731.14,0.0882,6.37,1.7,664.7,15.5,11425.55,71.3,0,Normal
B004757,2025-12-03,PLT09,B,SUP0045,Night,1485,192160.55,0.0902,6.06,7.89,1667.5,22.9,40688.35,77.2,1,High
B003017,2025-06-13,PLT04,B,SUP0083,Day,1644,180771.56,0.055,6.36,4.64,,34.7,24335.69,75.8,0,Normal
B003648,2025-08-31,PLT02,A,SUP0118,Night,1466,126345.67,0.104,1.1,0.91,1359.7,31.5,11724.46,67.2,1,Normal
B003913,2025-11-15,PLT01,C,SUP0144,Night,1252,180003.78,0.1066,5.12,4.41,1680.6,33.1,45168.02,80.1,0,Critical
B000986,2025-04-10,PLT02,A,SUP0022,Day,1830,158475.89,0.059,1.98,2.83,1029.5,27.8,23722.6,83.1,0,Normal
B002828,2025-12-20,PLT02,B,SUP0172,Night,1413,163394.18,0.0981,5.16,3.43,1236.0,20.9,24708.34,72.7,0,Normal
B002232,2025-09-23,PLT06,B,SUP0162,Day,891,86453.77,0.084,4.79,3.49,832.3,21.0,10632.57,64.4,1,Normal
B002268,2025-03-22,PLT09,C,SUP0077,Day,1195,195040.37,0.1244,8.86,1.57,1561.1,29.0,38135.13,66.7,0,High
B004827,2025-09-23,PLT05,A,SUP0090,Night,2055,179583.85,0.1285,2.8,7.14,1582.4,28.5,36460.1,62.3,1,High
B000982,2025-06-07,PLT01,A,SUP0091,Night,1021,88269.64,0.1332,0.46,6.82,893.6,34.0,20666.16,70.9,0,High
B003408,2025-09-26,PLT05,A,SUP0035,Day,2378,206265.41,0.0868,9.14,1.67,1658.9,,25773.62,74.5,0,Normal
B004528,2025-05-23,PLT09,A,SUP0010,Day,1243,127776.71,0.0445,2.53,17.14,977.3,29.2,218622.39,72.5,0,Normal
B003226,2025-10-20,PLT07,A,SUP0160,Day,959,79595.37,0.0588,2.33,0.23,600.8,20.5,3946.81,79.5,0,Normal
B003002,2025-04-12,PLT03,D,SUP0065,Day,1316,236030.32,0.0817,8.49,4.65,1962.0,,42609.0,67.0,0,Watch
B004588,2025-02-12,PLT10,D,SUP0115,Day,1078,185284.72,0.0829,4.45,2.93,1708.4,24.9,24205.76,71.6,1,Normal
B003920,2025-01-25,PLT04,B,SUP0019,Night,1542,169118.64,0.1035,0.47,6.19,1767.1,28.6,28604.49,69.0,0,Watch
B001458,2025-11-03,PLT07,A,SUP0142,Day,1309,112503.05,0.0693,1.02,8.87,1036.3,36.6,22358.18,70.3,0,High
B001396,2025-03-07,PLT03,D,SUP0123,Day,1375,242606.55,0.0674,4.81,6.92,2509.8,31.2,36725.65,78.6,1,Normal
B000265,2025-11-23,PLT02,C,SUP0007,Night,1052,154176.03,0.0954,21.23,1.46,1227.1,24.3,19369.18,74.0,0,Normal
B002441,2025-01-25,PLT02,B,SUP0129,Day,1544,176288.54,0.0605,11.92,0.77,1304.1,12.5,15727.24,76.0,0,Normal
B000930,2025-08-17,PLT01,B,SUP0028,Day,1785,200500.59,0.0531,3.76,5.1,2150.1,31.8,19506.4,75.6,0,Normal
B003124,2025-07-15,PLT07,D,SUP0175,Night,1148,191705.55,0.0916,1.31,4.88,1804.7,23.5,24154.3,74.3,0,Normal
B002179,2025-02-09,PLT06,C,SUP0148,Night,834,106097.43,0.061,3.68,0.63,1009.6,32.6,5912.5,74.6,0,Normal
B003571,2025-02-04,PLT03,A,SUP0022,Day,1944,174217.35,0.0496,1.58,6.55,1739.3,25.3,26680.09,74.1,0,Normal
B000247,2025-11-04,PLT05,D,SUP0156,Night,1930,333927.06,0.1239,2.78,2.63,2427.5,20.1,57874.91,69.3,0,Watch
B003663,2025-10-31,PLT09,B,SUP0041,Day,1127,145691.61,0.1284,5.49,5.28,1083.5,28.7,24088.29,61.8,0,Normal
B001759,2025-02-15,PLT07,B,SUP0026,Day,1107,121217.21,0.0713,9.2,3.45,1186.6,18.8,15875.56,75.9,0,Normal
B004915,2025-07-28,PLT08,D,SUP0073,Day,915,166261.96,0.0603,3.09,2.6,1421.2,30.2,14689.01,88.1,0,Normal
B002868,2025-05-13,PLT10,C,SUP0149,Day,1731,245498.75,0.0854,11.63,5.49,2293.7,32.9,37246.15,63.4,0,Normal
B000924,2025-11-19,PLT07,D,SUP0178,Day,2480,423947.33,0.1436,8.31,1.34,3853.1,27.0,65693.02,67.9,0,Normal
B002390,2025-10-03,PLT01,B,SUP0165,Night,1503,171326.99,0.0759,9.12,2.44,1288.2,28.8,20117.36,78.9,0,Normal
B000269,2025-09-29,PLT09,A,SUP0102,Night,1222,122267.19,0.0624,3.66,7.16,1145.7,35.3,23122.0,76.4,0,Watch
B000670,2025-08-22,PLT07,D,SUP0072,Night,1299,219678.66,0.1079,0.52,4.69,2038.4,28.6,42165.88,81.0,0,Watch
B004936,2025-10-01,PLT05,D,SUP0169,Day,885,154821.14,0.0851,2.73,4.98,1226.7,28.6,17558.16,71.6,0,Normal
B001911,2025-03-04,PLT06,A,SUP0175,Day,1550,120607.0,0.102,10.27,2.72,1091.5,32.7,18533.71,72.0,0,Normal
B003047,2025-12-11,PLT04,B,SUP0104,Night,2899,316796.63,0.0886,8.49,2.57,2738.6,34.8,52511.82,73.9,0,Normal
B001153,2025-12-18,PLT05,A,SUP0062,Day,862,74677.83,0.0894,2.61,5.34,566.4,26.9,10679.36,75.4,0,Normal
B004867,2025-01-24,PLT04,D,SUP0103,Day,1071,181173.44,0.0828,8.26,11.02,1536.3,28.5,46467.11,74.3,0,Critical
B003524,2025-03-20,PLT10,D,SUP0141,Day,742,125324.14,0.0563,1.85,2.08,798.1,31.8,16329.89,82.5,0,Normal
B004513,2025-01-17,PLT04,B,SUP0028,Day,965,104538.42,0.0861,13.13,2.29,955.5,22.1,10547.96,67.1,0,Normal
B003964,2025-08-16,PLT10,C,SUP0140,Day,1538,219876.19,0.0793,5.25,5.75,1982.2,21.1,34947.59,81.1,0,Watch
B004529,2025-07-09,PLT02,A,SUP0102,Night,948,84930.32,0.092,5.52,2.22,682.5,31.6,15808.94,73.7,0,Watch
B003044,2025-09-19,PLT08,C,SUP0119,Day,1031,161494.17,0.1174,2.16,,1026.8,27.7,23770.99,72.7,1,Normal
B001916,2025-05-14,PLT01,B,SUP0152,Day,1367,155036.2,0.0889,2.27,2.17,1390.7,15.7,13092.03,72.0,0,Normal
B000613,2025-09-18,PLT10,C,SUP0014,Day,1012,146570.24,0.0459,1.41,1.97,1193.6,21.6,14080.02,90.4,0,Normal
B002451,2025-05-20,PLT05,D,SUP0169,Night,919,163153.47,0.0584,11.04,7.03,1410.4,,23151.23,71.2,1,Normal
B004125,2025-05-15,PLT01,A,SUP0003,Day,2239,196949.44,0.0868,12.0,1.92,1683.0,38.3,27207.43,77.8,0,Normal
B001899,2025-03-28,PLT09,A,SUP0066,Day,1059,106793.31,0.0801,1.58,1.5,797.5,21.0,10137.68,87.8,0,Normal
B001650,2025-02-27,PLT06,B,SUP0146,Day,895,89888.73,0.0766,1.41,1.26,947.3,30.0,5614.62,77.4,0,Normal
B002499,2025-03-13,PLT07,A,SUP0079,Day,885,74598.49,0.078,9.28,2.3,643.3,21.3,8059.64,72.9,0,Normal
B000259,2025-03-11,PLT04,A,SUP0006,Day,2364,204110.77,0.1032,1.38,10.81,1879.2,29.4,64481.39,67.7,0,Critical
B000848,2025-06-15,PLT03,C,SUP0146,Night,3272,477279.83,0.0665,1.53,,3927.3,31.9,63940.54,76.4,0,Normal
B004296,2025-11-22,PLT06,B,SUP0067,Night,732,73744.7,0.0782,3.53,7.47,,15.8,12984.38,79.1,0,Watch
B001234,2025-08-31,PLT06,B,SUP0043,Night,1488,149328.55,0.0859,3.61,2.76,1456.6,,26026.46,73.8,0,Watch
B001128,2025-04-15,PLT05,B,SUP0037,Day,1749,195392.48,0.0881,10.01,1.19,1726.0,32.2,31574.29,80.2,0,Normal
B001968,2025-04-06,PLT01,C,SUP0129,Day,1511,212188.21,0.0681,12.1,5.1,1521.9,37.0,28678.43,77.2,0,Normal
B000559,2025-03-08,PLT03,C,SUP0131,Night,952,137242.71,0.0991,2.53,9.01,1371.1,31.5,31137.55,82.8,0,High
B003983,2025-01-26,PLT03,A,SUP0008,Night,1108,99749.35,0.0788,5.57,3.14,925.7,25.9,10390.76,81.7,0,Normal
B000485,2025-12-31,PLT02,C,SUP0149,Night,982,146201.12,0.0985,1.26,2.09,1219.2,31.6,13060.84,76.6,1,Normal
B002212,2025-08-04,PLT04,B,SUP0131,Night,1054,116097.38,0.1136,9.83,10.73,1358.8,33.7,35867.81,64.8,1,Critical
B001321,2025-08-23,PLT03,B,SUP0079,Day,1844,214222.78,0.1082,6.58,2.57,1727.0,26.1,16051.14,71.6,0,Normal
B002575,2025-04-16,PLT02,A,SUP0105,Night,1728,152240.42,0.1541,3.98,2.62,1301.1,23.6,34080.46,58.2,0,High
B000008,2025-03-15,PLT03,D,SUP0144,Night,1392,251908.25,0.1335,1.84,2.49,2180.2,23.9,50174.8,74.4,0,High
B004408,2025-07-11,PLT03,A,SUP0140,Night,854,76382.98,0.0829,3.4,3.82,584.5,26.9,14456.66,77.1,0,Watch
B003255,2025-03-11,PLT04,B,SUP0094,Night,2073,221739.52,0.0623,4.08,4.67,2069.4,35.7,49326.31,84.1,0,High
B001451,2025-12-05,PLT08,A,SUP0171,Night,976,89106.43,0.0786,1.47,5.28,788.0,30.4,17590.63,84.7,0,Watch
B004059,2025-03-12,PLT07,C,SUP0179,Night,1261,172907.2,0.0976,4.06,1.1,1685.5,26.1,17431.51,79.1,0,Normal
B001815,2025-07-30,PLT01,C,SUP0149,Day,2269,325305.79,0.0834,8.11,3.46,2613.7,30.7,42273.68,71.0,0,Normal
B000774,2025-04-30,PLT04,B,SUP0161,Day,1238,138424.11,0.0845,7.73,1.97,858.7,29.9,15808.15,76.4,0,Normal
B001012,2025-08-20,PLT05,B,SUP0020,Night,928,107333.45,0.0999,1.08,7.55,1027.2,19.0,25564.26,82.0,1,High
B003146,2025-11-19,PLT09,D,SUP0049,Night,1437,286759.75,0.0915,3.69,7.53,2437.8,28.5,72424.79,80.1,0,Critical
B002816,2025-10-09,PLT09,D,SUP0166,Day,945,189143.3,0.0744,5.46,11.89,1361.6,25.8,47958.68,82.3,0,Critical
B001992,2025-12-21,PLT03,B,SUP0100,Night,1288,149398.06,0.13,4.43,4.95,1324.8,26.3,35667.41,64.1,0,High
B001278,2025-03-07,PLT06,A,SUP0142,Day,950,72168.36,0.0892,5.71,4.31,784.3,34.2,11780.77,75.1,0,Normal
B001784,2025-10-17,PLT06,C,SUP0169,Day,1573,209754.35,0.0525,7.61,5.96,1957.0,30.7,30103.86,67.3,0,Normal
B003169,2025-03-28,PLT05,B,SUP0072,Day,770,89566.37,0.1088,6.64,5.95,892.0,24.0,18684.04,58.4,0,High
B000447,2025-06-18,PLT08,C,SUP0109,Day,1501,227199.3,0.1166,1.22,2.53,1671.4,29.0,37830.91,69.5,0,Normal
B000881,2025-08-28,PLT10,C,SUP0129,Night,907,131733.21,0.0576,8.89,6.58,871.3,22.9,23967.18,77.4,0,Watch
B004505,2025-09-27,PLT04,C,SUP0098,Day,1290,179102.85,0.059,6.7,3.51,1490.4,32.4,25923.21,84.3,0,Normal
B000782,2025-03-30,PLT10,B,SUP0161,Day,1522,167773.15,0.0892,12.63,,1584.0,32.5,30903.98,81.3,0,Watch
B001750,2025-03-25,PLT05,A,SUP0100,Day,1158,101101.34,0.1028,5.14,6.17,779.4,30.0,18892.1,82.1,0,Watch
B003457,2025-01-18,PLT06,B,SUP0108,Day,878,87963.32,0.1144,7.17,2.19,862.0,34.0,13411.65,61.5,0,Normal
B004932,2025-02-14,PLT09,C,SUP0032,Night,1791,292242.9,0.0809,2.57,1.21,2023.1,27.9,12692.33,77.2,0,Normal
B000884,2025-10-17,PLT09,A,SUP0041,Day,1433,145494.86,0.1145,6.06,3.97,1065.4,31.9,25695.92,70.3,0,Watch
B003775,2025-02-08,PLT10,B,SUP0064,Day,1064,121714.32,0.1244,3.38,6.63,1180.0,17.4,20197.94,61.9,0,Watch
B001092,2025-08-24,PLT03,A,SUP0151,Night,1269,112315.95,0.0775,7.16,12.25,1212.6,24.9,25193.69,81.0,0,High
B002998,2025-08-01,PLT08,A,SUP0079,Day,1244,113773.28,0.1089,6.37,2.43,844.7,28.2,17691.61,61.0,0,Normal
B000532,2025-04-13,PLT01,B,SUP0079,Day,977,110147.16,0.1035,4.61,1.72,1011.6,17.2,11207.34,81.2,0,Normal
B004101,2025-03-03,PLT01,A,SUP0004,Night,913,77440.71,0.0646,0.52,25.7,1035.9,15.4,30033.99,81.9,0,Critical
B004245,2025-10-11,PLT10,A,SUP0112,Day,1767,150946.71,0.0477,3.62,0.78,1153.4,27.1,12721.93,83.2,0,Normal
B004140,2025-10-19,PLT07,A,SUP0142,Night,1462,123709.81,0.0598,2.3,7.86,1040.5,15.0,19412.81,92.7,0,Normal
B001728,2025-05-17,PLT05,A,SUP0006,Night,1307,114613.64,0.0679,2.36,1.98,903.5,29.3,13132.41,77.6,0,Normal
B000611,2025-03-31,PLT09,C,SUP0098,Night,1005,163211.62,0.0637,1.09,3.39,1123.8,20.4,27946.77,77.7,0,Watch
B000571,2025-03-28,PLT03,A,SUP0168,Day,1638,149305.71,0.0724,1.47,6.14,1060.9,27.1,21855.32,78.3,0,Normal
B004441,2025-12-02,PLT10,D,SUP0108,Night,1777,298016.94,0.1143,1.76,1.25,2191.5,41.1,49238.37,74.4,0,Watch
B004093,2025-01-13,PLT04,A,SUP0082,Day,1606,133967.2,0.0804,11.6,1.48,1094.3,15.5,17111.43,83.0,0,Normal
B000344,2025-09-30,PLT05,B,SUP0173,Night,1879,221683.84,0.0732,2.26,7.58,1614.4,17.9,51492.11,72.4,0,High
B003270,2025-07-29,PLT02,B,SUP0041,Night,1380,157267.71,0.1178,2.64,4.88,1640.0,21.4,31841.92,69.7,0,Watch
B003204,2025-04-13,PLT06,B,SUP0024,Night,1605,159530.32,0.0637,6.83,1.55,1467.1,23.8,14883.11,79.8,0,Normal
B000435,2025-11-10,PLT09,B,SUP0117,Night,1376,181808.79,0.0722,2.65,1.45,1262.0,31.9,25461.54,82.1,0,Normal
B001904,2025-10-17,PLT02,C,SUP0055,Day,770,110888.36,0.1112,3.89,0.74,863.1,35.0,14308.06,64.0,0,Normal
B003878,2025-08-17,PLT02,A,SUP0051,Day,1095,97607.94,0.0875,10.12,4.15,816.8,29.4,17835.77,67.7,1,Watch
B003286,2025-11-29,PLT05,B,SUP0126,Day,2104,239278.42,0.0841,0.3,2.68,2047.0,23.4,24880.81,74.9,0,Normal
B002070,2025-04-21,PLT02,A,SUP0102,Day,701,60752.9,0.0464,10.52,4.49,667.3,31.4,6867.8,85.2,0,Normal
B001538,2025-01-02,PLT07,B,SUP0040,Day,2171,240716.94,0.1099,0.87,2.65,2308.3,28.3,26547.96,73.2,0,Normal
B002296,2025-10-04,PLT05,D,SUP0040,Day,887,156550.53,0.091,10.84,0.9,1227.0,34.0,21961.21,58.6,0,Normal
B002989,2025-06-25,PLT01,C,SUP0168,Day,1670,239572.46,0.0417,2.49,3.06,2216.8,29.8,31327.83,74.6,0,Normal
B001518,2025-11-12,PLT03,B,SUP0146,Day,1219,141418.51,0.0927,0.71,0.81,944.7,21.6,16980.51,81.2,0,Normal
B000966,2025-01-29,PLT09,B,SUP0128,Night,1050,137432.3,0.1248,9.01,1.38,811.5,27.2,26523.14,72.1,0,Watch
B004451,2025-04-28,PLT05,C,SUP0043,Day,777,114767.96,0.0823,1.08,1.12,952.0,28.1,8298.58,67.1,0,Normal
B000529,2025-12-27,PLT10,B,SUP0134,Night,1396,153258.71,0.057,0.84,3.89,1290.5,28.4,15794.87,79.7,0,Normal
B000177,2025-12-06,PLT10,A,SUP0088,Day,1671,146310.52,0.1537,1.28,0.95,1196.7,27.2,25707.81,62.6,0,Watch
B003553,2025-02-18,PLT01,B,SUP0041,Night,1664,189096.83,0.0985,15.08,4.36,1780.1,22.7,33975.74,66.3,0,Watch
B002593,2025-06-02,PLT01,C,SUP0177,Day,1123,158179.06,0.1146,5.09,8.98,1447.7,25.5,42125.49,74.5,0,Critical
B004734,2025-04-23,PLT02,A,SUP0152,Day,861,76388.22,0.1143,5.26,4.47,703.6,,10593.34,75.7,0,Normal
B000573,2025-04-19,PLT07,B,SUP0143,Day,1241,133893.94,0.0611,4.42,6.4,1161.2,30.9,26079.64,82.5,0,High
B003850,2025-01-30,PLT05,D,SUP0101,Night,1945,349609.92,0.074,5.5,2.23,3240.5,27.6,51612.03,73.3,0,Normal
B003860,2025-09-23,PLT01,A,SUP0165,Night,1138,97619.03,0.0676,6.88,1.91,811.8,22.3,13521.61,71.3,0,Normal
B002874,2025-06-08,PLT07,D,SUP0084,Night,686,115629.16,0.1237,3.56,6.19,1327.1,27.4,21949.03,67.0,0,Watch
B003278,2025-07-19,PLT09,A,SUP0126,Day,1555,154354.33,0.0939,1.61,1.33,1096.1,32.1,19232.79,61.4,0,Normal
B002634,2025-07-30,PLT07,C,SUP0144,Night,2269,315516.03,0.1049,2.99,0.88,3045.1,25.2,51767.86,76.2,0,Normal
B002209,2025-04-11,PLT09,A,SUP0071,Day,731,73779.69,0.0578,5.31,11.44,684.2,28.1,14418.88,90.6,0,High
B002615,2025-07-19,PLT02,B,SUP0155,Night,1713,195574.31,0.1016,0.91,3.83,1771.6,23.8,28578.68,76.1,0,Normal
B002811,2025-02-07,PLT04,D,SUP0108,Night,1330,226352.81,0.1111,5.74,6.09,,22.3,33041.99,74.1,0,Normal
B000384,2025-06-01,PLT05,D,SUP0077,Day,1218,219890.47,0.0823,13.53,13.36,2048.2,,60560.11,77.3,0,Critical
B000853,2025-03-02,PLT03,B,SUP0066,Night,1437,163075.83,0.077,12.31,3.33,1324.3,25.4,24697.96,80.1,0,Normal
B001881,2025-01-18,PLT03,B,SUP0149,Day,1798,206375.59,0.0682,8.74,6.75,2108.7,28.8,28316.51,76.4,0,Normal
B000371,2025-01-25,PLT01,D,SUP0077,Day,749,125729.43,0.1255,5.89,3.17,1034.6,23.3,14623.7,68.9,0,Normal
B002423,2025-06-20,PLT01,C,SUP0111,Day,1185,167747.5,0.0803,13.92,12.83,1730.2,28.3,44458.74,76.1,0,Critical
B004368,2025-02-25,PLT02,C,SUP0154,Day,798,117374.92,0.0467,9.4,6.07,1099.4,24.4,21836.06,81.4,0,Watch
B001106,2025-11-04,PLT06,A,SUP0100,Night,1734,133880.43,0.0977,13.33,5.97,1235.3,26.9,20440.05,66.6,1,Normal
B004236,2025-01-26,PLT04,D,SUP0101,Day,1168,193740.22,0.0841,7.49,14.91,1956.6,43.5,57177.24,73.9,0,Critical
B004024,2025-10-04,PLT04,C,SUP0108,Day,1417,197496.62,0.1343,12.21,5.35,1886.9,28.6,44797.19,69.3,0,High
B001337,2025-09-27,PLT04,C,SUP0171,Day,1154,163584.61,0.0461,11.4,4.22,1503.7,23.5,20676.96,80.7,0,Normal
B002190,2025-03-10,PLT03,C,SUP0177,Night,1117,166200.77,0.085,1.95,12.63,1297.8,33.4,45062.14,86.0,0,Critical
B004640,2025-03-18,PLT06,B,SUP0062,Day,1627,160362.09,0.0551,5.43,1.66,1763.8,22.4,14231.24,78.9,1,Normal
B001803,2025-03-26,PLT05,A,SUP0112 ,Day,1682,148198.98,0.0671,3.95,7.48,1293.5,33.7,25987.19,85.8,0,Watch
B003611,2025-08-31,PLT01,A,SUP0153,Night,1629,145187.04,0.0425,10.48,2.28,1177.8,27.7,13139.02,89.1,0,Normal
B003007,2025-06-16,PLT07,C,SUP0107 ,Night,2657,372335.83,0.1124,9.9,3.23,3208.9,21.4,72035.44,73.0,0,High
B004898,2025-10-19,PLT05,C,SUP0104,Day,751,110755.45,0.0902,4.72,3.9,1182.2,35.4,15172.78,70.4,0,Normal
B001172,2025-01-06,PLT06,B,sup0064,Night,1240,126005.13,0.0926,10.1,3.1,1190.3,28.6,15267.68,72.8,0,Normal
B002645,2025-04-08,PLT06,C,sup0059,Night,1824,235571.27,0.0686,5.49,5.29,2059.7,26.2,33336.57,79.1,0,Normal
B004004,2025-05-02,PLT04,D,SUP0092,Day,1299,220562.4,0.0432,3.88,2.95,2021.0,33.6,34774.21,77.4,0,Normal
B001423,2025-02-22,PLT04,B,SUP0041,Night,1320,143294.38,0.1079,11.26,1.83,1254.2,26.7,19896.16,68.2,0,Normal
B002648,2025-11-06,PLT04,C,SUP0180,Night,1611,226431.33,0.0995,3.29,10.03,1977.3,23.7,57332.13,62.9,0,Critical
B004488,2025-10-15,PLT06,B,SUP0083,Day,1682,165613.62,0.0926,0.9,2.93,1667.4,26.6,17474.81,77.4,0,Normal
B004198,2025-06-20,PLT01,C,SUP0002,Night,921,132454.44,0.1028,10.03,2.14,1053.1,30.8,20120.62,69.9,0,Normal
B001465,2025-12-02,PLT02,C,SUP0164,Day,1607,230751.77,0.0615,2.86,1.22,,,34174.36,79.2,0,Normal
B000875,2025-06-24,PLT07,D,SUP0108,Night,948,161588.4,0.1247,5.07,1.76,1753.6,24.6,22661.41,82.2,0,Normal
B002298,2025-02-28,PLT06,D,SUP0141,Night,1026,160401.39,0.0869,3.18,2.32,1548.5,31.7,27691.29,60.2,0,Watch
B003594,2025-08-16,PLT01,B,SUP0028,Night,879,99182.77,0.0591,3.76,2.21,835.1,21.4,12706.41,79.4,0,Normal
B004385,2025-03-26,PLT05,A,SUP0056,Night,1399,123479.02,0.0831,8.23,4.67,1248.5,31.8,25002.54,78.0,0,High
B001252,2025-06-04,PLT07,B,SUP0014,Day,825,91784.04,0.0391,3.25,5.1,806.5,27.7,11861.49,78.3,0,Normal
B002707,2025-08-14,PLT10,A,SUP0171,Night,1189,100600.68,0.0682,9.07,5.4,942.4,24.9,15127.24,84.6,1,Normal
B000841,2025-05-01,PLT07,C,SUP0149,Day,1444,199374.89,0.08,3.11,4.96,1430.8,28.6,27228.07,73.7,0,Normal
B003133,2025-07-04,PLT07,C,SUP0164,Day,1359,184236.14,0.0715,1.73,10.36,1561.3,26.6,39185.63,87.7,0,High
B000582,2025-10-16,PLT07,A,SUP0121,Day,1895,158303.0,0.0979,2.12,10.27,1414.7,19.9,40988.05,73.7,0,Critical
B000205,2025-06-02,PLT01,A,SUP0150,Day,804,69584.31,0.0521,4.99,4.29,688.7,23.1,10370.04,82.4,0,Normal
B001642,2025-12-26,PLT09,A,SUP0062,Day,1590,157727.76,0.0816,4.38,6.61,963.0,23.9,27104.7,71.2,0,Watch
B002015,2025-01-24,PLT06,A,SUP0032,Night,1916,149457.72,0.0727,9.4,1.67,1531.0,32.1,15587.63,79.0,0,Normal
B000906,2025-11-18,PLT10,B,SUP0141,Day,1370,155181.41,0.086,1.52,5.31,1290.5,18.7,24734.22,76.5,0,Watch
B000632,2025-08-20,PLT02,C,SUP0141,Night,1995,299405.12,0.1106,8.1,12.46,2121.8,19.7,78385.48,69.3,0,Critical
B004011,2025-12-30,PLT08,A,SUP0113,Night,1387,124821.5,0.1095,3.03,5.02,1047.1,30.2,25916.54,70.8,0,High
B001975,2025-09-07,PLT07,A,SUP0004,Night,1562,132620.65,0.0723,9.22,2.75,1177.5,18.6,17419.3,65.6,0,Normal
B000163,2025-09-24,PLT02,B,SUP0168,Night,715,80148.14,0.0618,2.7,4.94,813.9,24.0,8079.91,75.8,0,Normal
B003317,2025-11-04,PLT05,D,SUP0114,Night,960,171702.6,0.0853,3.98,4.26,1515.5,15.1,26160.26,74.3,0,Normal
B004530,2025-03-06,PLT04,D,SUP0133,Night,2244,376559.66,0.1338,0.81,0.36,3356.9,31.7,85728.62,61.4,0,High
B004541,2025-08-27,PLT01,D,SUP0150,Night,1297,217366.08,0.0953,1.93,3.24,1666.5,21.9,28516.13,76.9,0,Normal
B000618,2025-08-13,PLT03,B,SUP0090,Night,798,92474.77,0.0886,1.86,3.33,687.5,20.6,16502.46,86.0,0,Watch
B000876,2025-02-25,PLT04,B,SUP0016,Day,1151,123700.05,0.133,2.25,0.96,994.7,17.4,20487.66,75.7,0,Normal
B001432,2025-11-29,PLT01,B,SUP0019,Night,899,100315.8,0.0762,15.9,7.27,1059.1,28.6,20899.57,85.7,0,High
B000548,2025-04-08,PLT09,C,SUP0014,Night,2137,346182.12,0.0466,5.13,1.13,2550.2,22.5,46110.42,79.4,0,Normal
B003403,2025-12-30,PLT02,D,SUP0087,Day,1262,223347.36,0.0856,1.51,1.43,1611.3,29.8,21881.43,79.2,0,Normal
B004592,2025-04-28,PLT07,B,SUP0101,Night,1073,115945.47,0.1368,3.92,4.24,1125.8,21.6,20288.89,54.0,0,Watch
B004267,2025-03-22,PLT10,B,sup0149,Day,1628,180998.35,0.052,3.8,4.32,1356.7,39.6,16572.25,88.1,0,Normal
B003932,2025-07-27,PLT04,C,SUP0133,Night,946,131908.97,0.1117,6.19,2.49,1138.8,27.2,16162.14,76.8,0,Normal
B002719,2025-02-24,PLT05,B,SUP0111,Night,922,106532.38,0.1025,13.11,6.24,989.6,37.0,23548.61,73.6,0,High
B004772,2025-02-06,PLT10,B,SUP0146,Day,1866,209093.56,0.0773,19.94,4.0,2101.1,31.9,33738.88,71.7,0,Watch
B004123,2025-09-15,PLT04,B,SUP0041,Night,848,92137.58,0.1233,9.61,4.64,833.3,29.5,15092.08,59.5,0,Normal
B001862,2025-10-01,PLT10,C,SUP0061,Night,2002,287804.98,0.0581,12.33,4.2,2041.2,17.6,36683.74,76.5,1,Normal
B000641,2025-07-01,PLT02,A,SUP0143,Day,994,86166.6,0.0778,3.45,4.95,933.5,24.9,9636.12,73.8,0,Normal
B003049,2025-04-21,PLT01,B,SUP0118,Night,922,105167.11,0.0702,1.01,2.98,991.7,28.7,18132.16,86.1,0,Watch
B000638,2025-03-26,PLT01,A,SUP0108,Day,1192,104511.77,0.0982,1.98,2.68,966.1,21.5,14867.42,74.3,0,Normal
B004904,2025-05-01,PLT01,A,SUP0121,Night,1689,147365.57,0.0828,7.73,0.38,1250.9,19.4,10644.0,72.9,0,Normal
B004800,2025-06-20,PLT05,B,SUP0109,Day,1476,165670.44,0.0698,4.51,1.58,1697.5,29.3,19597.11,67.9,1,Normal
B003048,2025-09-20,PLT04,C,SUP0121,Night,2086,293090.72,0.0816,1.57,2.35,2601.1,21.4,31366.44,75.7,0,Normal
B002097,2025-09-21,PLT08,C,sup0140,Night,717,110295.76,0.0751,2.65,4.48,1074.8,26.1,17398.93,73.7,0,Normal
B002527,2025-07-22,PLT01,C,SUP0082,Night,577,84482.16,0.1202,4.62,5.27,708.1,,9539.98,69.5,0,Normal
B003139,2025-06-25,PLT06,C,SUP0148,Day,1254,161602.01,0.1056,12.32,4.83,1627.7,32.9,23824.45,67.6,0,Normal
B003748,2025-09-15,PLT04,C,SUP0076,Day,2025,285356.76,0.1353,9.11,2.9,2519.9,27.2,58419.96,59.3,1,High
B002900,2025-03-13,PLT08,B,SUP0161,Day,1169,139488.49,0.1076,0.57,5.38,1192.0,,24156.46,73.6,0,Watch
B000922,2025-10-06,PLT06,D,SUP0017,Day,1319,206594.24,0.061,8.11,7.97,2076.2,29.1,40409.02,81.5,0,Watch
B000547,2025-07-07,PLT06,D,SUP0065,Day,1849,289444.15,0.0785,3.29,1.21,2579.2,33.9,15560.62,79.1,0,Normal
B003740,2025-02-10,PLT01,B,SUP0173,Day,1071,121635.42,0.0758,2.85,9.0,1248.9,36.1,26552.77,91.2,0,High
B001901,2025-05-23,PLT04,B,SUP0158,Night,1804,196922.22,0.1154,1.54,5.08,,32.6,40378.55,69.8,0,High
B002029,2025-05-14,PLT08,A,SUP0175,Night,1302,119204.42,0.1076,2.38,1.58,1015.1,33.5,17063.01,69.1,0,Normal
B002302,2025-07-11,PLT03,B,SUP0132,Night,2032,231167.34,0.0817,5.69,2.18,2118.0,,36092.07,75.2,0,Normal
B001886,2025-03-17,PLT09,C,SUP0141,Day,1279,204340.6,0.0583,6.54,4.25,1581.8,22.7,24008.28,74.5,0,Normal
B001643,2025-04-20,PLT01,D,SUP0039,Day,1721,296377.66,0.0446,8.59,3.77,2211.3,34.1,27748.06,86.8,0,Normal
B004399,2025-04-26,PLT04,C,SUP0111,Day,1496,207902.9,0.0719,9.54,5.06,1970.3,35.9,30809.79,78.8,1,Normal
B004859,2025-01-07,PLT06,C,SUP0047,Day,1346,177215.8,0.1072,2.69,6.28,1658.1,36.1,28719.15,71.3,0,Normal
B002098,2025-08-23,PLT09,C,SUP0149,Night,1110,179131.42,0.0741,6.13,5.93,1282.4,33.8,28138.76,83.8,0,Normal
B004402,2025-12-27,PLT09,A,SUP0089,Day,1981,201919.25,0.101,5.74,2.45,1549.5,30.0,26193.13,60.8,0,Normal
B003634,2025-07-15,PLT08,A,SUP0152,Day,791,74896.25,0.0808,3.46,5.58,722.6,18.4,10716.87,59.3,0,Normal
B004540,2025-07-12,PLT01,B,SUP0141,Night,1523,173067.84,0.0884,9.9,3.44,1457.3,22.3,33246.81,65.9,0,Watch
B004354,2025-08-09,PLT06,B,SUP0014,Night,1815,176782.36,0.0171,3.41,1.66,1884.3,23.6,16254.96,87.5,0,Normal
B000837,2025-10-30,PLT02,B,SUP0172,Day,1586,182199.96,0.1064,13.29,2.0,1444.0,25.6,21940.26,63.6,0,Normal
B000602,2025-01-08,PLT04,C,SUP0049,Night,927,130165.31,0.0807,7.31,9.36,1151.7,,24965.76,74.0,0,Watch
B002185,2025-05-14,PLT01,C,SUP0107,Day,2283,326908.15,0.0731,1.63,8.55,2813.5,36.4,50397.25,78.8,0,Normal
B003942,2025-08-11,PLT07,B,SUP0149,Night,2291,250184.36,0.0884,9.01,4.48,2153.4,16.6,52973.49,64.9,1,High
B002529,2025-05-16,PLT09,B,SUP0054,Night,1703,222499.02,0.1158,13.36,,1822.7,22.8,34748.1,55.3,0,Normal
B004352,2025-05-17,PLT07,A,SUP0171,Night,1382,116105.89,0.0869,14.37,1.1,964.4,40.1,15879.95,69.5,0,Normal
B001583,2025-02-16,PLT05,C,SUP0101,Day,1884,268381.36,0.082,6.62,2.98,1980.7,28.1,42535.7,84.5,0,Normal
B004311,2025-08-31,PLT05,C,SUP0145,Day,996,142955.66,0.1421,2.1,5.29,1209.7,28.5,31542.12,67.9,0,High
B003536,2025-11-16,PLT03,B,SUP0104,Night,959,111286.33,0.0924,4.39,4.32,1110.7,35.5,19195.79,83.2,0,Watch
B003227,2025-08-18,PLT05,C,SUP0168,Day,1845,270780.25,0.0707,10.23,1.55,2442.8,26.0,28913.25,68.5,0,Normal
B001071,2025-07-22,PLT07,A,SUP0121,Day,893,76197.6,0.0717,5.01,10.81,789.3,33.4,18974.92,83.8,0,Critical
B001776,2025-05-10,PLT07,C,SUP0143,Day,1745,241308.09,0.0976,0.82,6.53,1883.8,23.1,38002.35,65.1,0,Normal
B004858,2025-10-07,PLT01,C,SUP0136,Day,1774,254978.35,0.1033,11.04,9.91,2323.9,38.4,64941.28,67.8,0,Critical
B001284,2025-12-28,PLT04,C,SUP0118,Day,810,110683.22,0.1075,10.44,5.1,986.7,24.3,17771.88,70.0,0,Normal
B003113,2025-05-22,PLT10,D,SUP0048,Day,1474,252374.31,0.1041,0.55,1.08,2212.9,30.8,29367.3,65.6,0,Normal
B004803,2025-08-17,PLT04,A,SUP0165,Day,1947,164569.41,0.0833,5.52,2.76,1767.0,28.2,33742.24,66.7,0,High
B001837,2025-10-05,PLT06,C,SUP0118,Night,1750,221779.41,0.1088,0.8,1.54,1971.5,,30438.76,74.0,0,Normal
B004287,2025-03-09,PLT01,D,SUP0103,Night,4766,825042.71,0.095,12.89,1.62,7005.9,23.0,131110.21,65.8,0,Normal
B001020,2025-06-20,PLT09,C,SUP0075,Day,1094,178283.81,0.0816,7.54,2.98,1427.6,38.6,15183.5,75.0,0,Normal
B003272,2025-10-24,PLT08,B,SUP0161,Day,1840,222842.85,0.0808,4.72,3.41,1983.4,16.1,27179.21,69.5,0,Normal
B001327,2025-06-25,PLT07,D,SUP0101,Night,3883,639552.42,0.0906,2.52,5.51,6553.4,26.9,159142.42,64.3,0,Critical
B000476,2025-11-14,PLT06,B,SUP0088,Day,978,99313.89,0.13,5.59,3.76,870.2,29.6,21258.77,65.7,1,High
B003517,2025-07-07,PLT03,A,SUP0088,Night,1182,103006.91,0.1311,5.48,7.22,1028.2,18.2,26215.66,68.3,0,Critical
B001652,2025-09-09,PLT01,D,SUP0153,Day,1569,272171.86,0.0646,2.19,2.0,2416.4,24.2,23368.01,82.6,1,Normal
B004078,2025-01-26,PLT09,C,SUP0108 ,Day,2260,378177.64,0.1026,4.93,2.91,2287.1,42.2,52760.25,76.9,0,Normal
B004330,2025-06-19,PLT09,B,SUP0066,Day,1240,153758.47,0.0898,10.26,2.57,1171.2,25.5,12176.87,75.4,0,Normal
B004484,2025-06-18,PLT08,C,SUP0014,Night,1244,189425.35,0.0363,1.72,5.58,1554.8,21.7,27008.99,88.8,0,Normal
B002524,2025-05-02,PLT09,D,SUP0083,Day,984,199668.3,0.0635,9.25,2.39,1758.5,24.7,18788.27,85.2,1,Normal
B002635,2025-03-28,PLT03,B,SUP0082,Night,928,108108.32,0.0937,17.01,4.49,897.3,18.0,19802.0,78.6,1,Watch
B001374,2025-04-09,PLT03,C,SUP0121,Day,1820,264340.95,0.1011,2.34,8.15,2422.7,22.5,47262.37,76.3,0,Watch
B000740,2025-04-02,PLT03,A,SUP0175,Day,826,75669.61,0.0669,0.46,3.23,726.3,16.6,10337.22,84.0,0,Normal
B003692,2025-03-16,PLT01,A,SUP0022,Night,1465,126844.99,0.0509,0.34,2.15,1119.6,31.3,16790.11,74.6,0,Normal
B004785,2025-10-08,PLT03,A,SUP0104,Day,1966,179012.49,0.0906,5.36,2.19,1533.5,29.0,28114.97,74.0,0,Normal
B000868,2025-11-24,PLT04,D,SUP0125,Day,1828,310417.01,0.0644,4.95,3.19,2563.0,25.9,40825.84,80.0,0,Normal
B001141,2025-05-01,PLT10,B,SUP0040,Day,1087,122514.08,0.0836,6.39,6.73,,26.9,21769.74,77.5,0,Watch
B000998,2025-09-19,PLT08,D,SUP0037,Night,1068,194772.47,0.0813,4.24,0.96,1448.7,28.0,29659.0,88.1,0,Normal
B001338,2025-04-11,PLT04,A,SUP0103,Night,1802,153816.09,0.1265,6.05,9.91,1641.0,21.3,37127.75,74.0,0,High
B000542,2025-05-27,PLT04,C,SUP0170,Day,1218,169663.88,0.1286,10.89,5.35,1355.0,27.8,37346.52,61.3,0,High
B001100,2025-06-13,PLT07,B,SUP0009,Day,437,46897.34,0.0194,4.56,6.08,560.8,20.7,4577.31,84.6,0,Normal
B001133,2025-01-16,PLT03,B,SUP0131,Day,2143,248138.64,0.1276,4.83,2.28,2004.0,24.9,38638.61,60.0,0,Normal
B004902,2025-01-20,PLT07,A,SUP0006,Day,1779,151704.37,0.0953,5.97,0.6,1011.2,32.4,16193.19,69.4,0,Normal
B004899,2025-03-13,PLT02,B,SUP0131,Day,986,110349.44,0.1309,10.59,9.99,982.3,26.9,28647.3,60.2,0,Critical
B002259,2025-03-12,PLT06,C,sup0126,Day,1263,163101.82,0.0609,5.0,2.4,1524.7,32.5,19958.55,72.8,0,Normal
B004066,2025-09-09,PLT03,A,SUP0137,Day,2517,229022.1,0.1362,7.03,2.09,1677.3,25.9,28820.23,66.7,0,Normal
B000060,2025-06-22,PLT10,C,SUP0013,Day,1203,170732.55,0.0811,6.74,4.48,1525.2,27.2,28668.85,74.9,0,Watch
B002943,2025-10-10,PLT06,A,SUP0105,Day,2147,168960.35,0.1337,5.52,2.94,1451.7,24.7,27801.87,61.8,0,Normal
B001939,2025-09-24,PLT04,C,SUP0110,Night,742,102782.47,0.0703,10.13,3.45,1145.5,27.3,14967.07,83.5,0,Normal
B002628,2025-04-17,PLT01,C,SUP0014,Day,696,98690.02,0.0172,4.57,3.04,849.9,21.8,5922.66,84.3,0,Normal
B004987,2025-02-22,PLT02,B,SUP0013,Night,1477,174304.92,0.0964,5.17,1.45,1463.2,24.3,31876.62,82.3,0,Watch
B001079,2025-07-16,PLT06,A,sup0133,Night,1517,118774.4,0.1274,12.63,10.82,1288.5,19.7,39996.82,70.9,1,Critical
B002978,2025-08-12,PLT07,A,SUP0143,Day,895,76461.1,0.0537,1.47,4.8,577.4,28.1,7297.62,86.5,0,Normal
B004881,2025-01-08,PLT01,B,SUP0148,Night,922,105137.31,0.0896,13.41,7.94,1122.6,28.5,28138.96,88.3,0,Critical
B002536,2025-06-21,PLT01,A,SUP0033,Day,2268,195790.55,0.1033,9.36,5.48,1768.4,33.4,36831.96,66.8,0,Watch
B000941,2025-10-16,PLT08,A,SUP0058,Day,1699,157069.53,0.0973,7.37,2.53,1293.9,38.2,14983.19,75.1,0,Normal
B001081,2025-04-19,PLT02,B,SUP0083,Day,3077,354958.18,0.0771,6.63,1.34,2762.6,26.1,32107.04,80.9,0,Normal
B000188,2025-09-07,PLT05,A,SUP0004,Day,1321,117743.05,0.0616,13.04,1.0,983.6,30.8,14550.71,78.0,0,Normal
B002687,2025-06-21,PLT08,D,SUP0144,Night,2553,487360.06,0.0808,4.64,7.76,3095.5,22.5,101978.82,75.2,0,High
B002086,2025-11-22,PLT01,A,SUP0121,Day,950,80813.56,0.0955,3.27,5.85,725.1,22.2,14550.48,72.9,0,Watch
B002250,2025-05-05,PLT09,B,SUP0171,Day,999,131207.16,0.0481,1.4,7.71,993.3,25.9,22012.09,75.1,0,Watch
B004941,2025-06-05,PLT04,C,SUP0143,Day,924,126673.1,0.0514,12.15,4.28,1135.9,31.2,21111.7,75.4,0,Normal
B002024,2025-07-13,PLT06,A,SUP0059,Day,1115,87878.79,0.0846,3.29,18.17,1306.1,33.3,26292.13,62.3,0,Critical
B003783,2025-07-09,PLT08,B,SUP0173,Night,1174,139395.96,0.0685,4.99,13.59,1380.9,46.4,30111.79,75.1,0,High
B001493,2025-04-05,PLT04,B,SUP0162,Night,1873,206770.55,0.0746,1.28,13.04,1788.1,25.6,53630.0,86.5,0,Critical
B003680,2025-10-05,PLT03,C,SUP0018,Day,1250,175869.66,0.0954,3.4,1.85,1596.3,28.9,22772.72,69.2,1,Normal
B000227,2025-09-15,PLT08,C,SUP0166,Night,1829,281197.37,0.0856,3.22,2.24,1696.6,27.7,39490.85,76.5,0,Normal
B003371,2025-05-23,PLT06,A,SUP0116,Day,2151,169676.84,0.0684,8.4,10.9,1766.0,23.3,35893.07,86.5,1,High
B001930,2025-12-08,PLT07,A,SUP0041,Night,968,80247.22,0.2183,2.27,5.72,870.3,21.8,22678.72,56.6,0,Critical
B003642,2025-07-24,PLT02,C,SUP0140,Night,2031,295591.55,0.0977,8.76,1.28,2606.5,,33028.08,79.9,0,Normal
B004535,2025-05-13,PLT04,B,SUP0014,Day,1701,188957.27,0.045,8.94,7.45,1370.4,22.0,23650.32,76.9,0,Normal
B001405,2025-07-23,PLT02,C,SUP0138,Day,1331,195003.03,0.1022,6.73,4.49,1968.9,24.9,31150.13,65.5,0,Normal
B002180,2025-02-05,PLT10,B,SUP0119,Day,745,81939.19,0.1237,9.18,15.93,940.2,35.3,31547.05,69.5,0,Critical
B000698,2025-02-23,PLT04,C,SUP0131,Night,3105,444978.02,0.1271,3.71,4.22,3633.5,36.4,87880.89,78.0,1,Watch
B001125,2025-08-16,PLT04,A,SUP0062,Night,1016,87827.06,0.0787,10.18,6.69,903.7,33.5,18255.99,68.0,0,High
B002891,2025-10-13,PLT06,C,SUP0133,Night,781,99691.99,0.133,3.53,9.11,1053.0,26.0,24376.07,73.5,0,High
B002979,2025-11-06,PLT08,C,SUP0108,Day,2005,306712.38,0.103,4.56,5.03,2692.8,30.2,52940.11,81.4,0,Watch
B001779,2025-07-26,PLT07,D,SUP0021,Day,1445,242811.28,0.0928,6.6,0.96,2078.0,26.6,23934.73,70.7,0,Normal
B002918,2025-04-14,PLT03,B,SUP0049,Day,1335,156900.32,0.0784,10.59,2.48,1390.6,35.7,17704.7,85.9,0,Normal
B001038,2025-12-06,PLT08,C,sup0129,Day,1479,217582.96,0.0976,0.5,4.98,1842.0,22.6,44560.62,86.4,0,High
B004218,2025-10-28,PLT02,B,SUP0028,Day,1731,198403.8,0.1026,1.4,1.74,1619.6,16.9,19580.92,74.1,0,Normal
B002257,2025-11-18,PLT01,A,SUP0175,Day,2113,189770.78,0.1648,7.21,11.26,1727.9,23.3,59090.8,68.7,0,Critical
B000314,2025-02-28,PLT04,C,SUP0144,Night,1096,149810.56,0.1049,1.27,4.77,1305.5,30.5,24320.8,75.0,0,Normal
B002282,2025-01-23,PLT04,C,SUP0138,Day,1158,161369.43,0.1054,7.57,1.94,1566.9,25.4,25508.13,75.9,0,Normal
B001417,2025-01-27,PLT09,B,SUP0042,Day,1005,130159.35,0.1094,2.84,5.83,958.1,24.8,22247.62,80.1,0,Watch
B001037,2025-12-12,PLT03,D,SUP0026,Day,786,139833.61,0.0875,11.7,7.52,1319.3,19.7,36161.99,74.8,0,Critical
B002160,2025-10-11,PLT10,B,SUP0143,Day,1193,136411.83,0.0736,3.02,0.96,1096.9,23.0,4713.83,79.2,0,Normal
B004206,2025-02-28,PLT05,B,SUP0081,Day,1446,162073.84,0.0842,7.13,7.96,1116.3,23.2,33219.03,78.8,0,High
B001755,2025-03-18,PLT03,C,SUP0114,Day,766,113744.56,0.121,6.92,2.86,1042.7,29.7,16871.67,69.0,0,Normal
B003177,2025-11-17,PLT10,B,SUP0108,Night,1207,133854.76,0.1223,2.71,7.12,1235.6,24.1,28021.56,59.3,0,High
B004304,2025-12-10,PLT10,B,SUP0024,Day,908,102038.07,0.0514,,4.47,852.2,36.6,12520.2,80.9,0,Normal
B002752,2025-04-12,PLT04,B,SUP0143,Day,744,81897.94,0.0899,4.09,2.29,738.2,43.4,5274.95,61.8,0,Normal
B003274,2025-10-21,PLT10,B,SUP0148,Day,905,101186.19,0.0852,2.21,7.81,848.3,26.8,18813.36,67.2,0,High
B003414,2025-01-31,PLT05,D,SUP0077,Day,1591,280876.47,0.1231,2.89,11.62,2655.4,33.3,80888.41,66.8,0,Critical
B003500,2025-04-30,PLT03,A,SUP0129,Day,1221,107487.89,0.0856,2.2,3.26,878.3,31.7,12190.3,81.3,0,Normal
B001507,2025-01-19,PLT04,C,SUP0043,Day,1525,211220.64,0.0922,2.65,6.75,1968.8,22.6,37818.63,84.2,0,Watch
B001924,2025-11-11,PLT02,D,SUP0092,Day,1147,205782.6,0.0468,0.9,2.56,1618.9,24.0,22932.54,83.7,0,Normal
B000449,2025-09-04,PLT07,A,SUP0121,Night,1569,130875.34,0.1323,6.78,5.99,991.8,31.5,20244.87,61.6,0,Normal
B002489,2025-09-06,PLT09,C,SUP0164,Day,1880,308584.78,0.0689,0.97,1.21,2289.5,21.6,30577.8,73.3,0,Normal
B002577,2025-10-20,PLT02,A,SUP0045,Day,895,79650.97,0.0673,6.13,3.91,634.7,,8878.63,73.9,0,Normal
B000491,2025-08-31,PLT02,D,SUP0130,Night,832,146784.35,0.112,0.74,5.39,1253.3,31.0,27472.78,59.6,0,Watch
B004991,2025-11-01,PLT06,B,SUP0132,Night,1320,134683.87,0.0777,,2.37,1151.2,25.6,15305.2,77.5,0,Normal
B000362,2025-06-08,PLT08,A,SUP0063,Day,1111,104529.07,0.0731,4.08,0.79,835.2,24.4,14445.96,79.7,0,Normal
B002184,2025-06-08,PLT06,B,SUP0041,Night,1579,157054.39,0.1543,3.37,12.79,1720.8,21.3,46817.56,52.7,0,Critical
B001135,2025-03-18,PLT03,D,SUP0133,Day,1522,269691.86,0.1262,5.43,0.52,2337.1,14.7,36399.33,61.2,0,Normal
B003957,2025-09-11,PLT10,B,SUP0148,Night,1320,150807.55,0.1322,2.22,10.01,1494.1,,33458.97,77.9,0,High
B002156,2025-10-08,PLT05,C,SUP0030,Night,749,106350.25,0.0817,10.54,3.25,,16.2,20089.74,71.8,0,Watch
B001831,2025-07-22,PLT05,D,SUP0140,Day,1026,182636.67,0.0885,2.1,14.67,1459.6,24.1,44246.49,74.9,1,Critical
B001054,2025-07-08,PLT07,A,SUP0043,Day,1018,83642.69,0.0909,2.38,2.7,762.0,25.9,9916.57,64.7,1,Normal
B002461,2025-12-30,PLT06,C,SUP0046,Night,1214,154274.85,0.1225,3.45,3.27,1643.7,27.7,31973.35,80.2,1,High
B000023,2025-12-26,PLT05,D,SUP0167,Night,1617,289550.35,0.0697,2.77,6.5,2359.5,27.0,38464.25,76.3,0,Normal
B002067,2025-07-25,PLT03,A,SUP0142,Day,1009,91109.27,0.0618,6.2,2.71,720.5,19.0,12131.35,83.6,0,Normal
B001654,2025-02-19,PLT09,D,SUP0022,Day,1801,367559.49,0.0895,10.19,6.42,3001.4,25.4,67784.53,73.8,0,Watch
B002639,2025-03-16,PLT08,C,SUP0127,Night,1570,239030.92,0.0725,3.95,3.67,1864.7,23.2,27095.06,79.0,0,Normal
B003277,2025-10-28,PLT04,D,SUP0003,Night,1624,284349.47,0.092,6.74,3.45,2370.9,22.9,43848.05,66.9,0,Normal
B003882,2025-05-16,PLT03,B,SUP0069,Day,1449,167820.4,0.1445,3.93,2.8,1201.0,22.9,31305.03,54.7,0,Watch
B004111,2025-04-23,PLT02,B,SUP0165,Night,1228,142079.0,0.0964,3.16,,1170.0,23.2,15763.37,77.2,0,Normal
B002469,2025-02-06,PLT06,B,SUP0131,Day,2115,219151.61,0.0756,1.42,7.2,2281.9,21.5,31480.22,75.1,0,Normal
B002326,2025-12-17,PLT02,B,SUP0065,Day,1774,205259.95,0.0659,1.08,5.2,,21.7,21844.11,71.5,0,Normal
B000461,2025-01-15,PLT09,B,SUP0014,Day,1278,169976.03,0.039,4.28,2.97,1297.4,27.7,20260.23,92.6,0,Normal
B001068,2025-10-03,PLT08,B,SUP0173,Day,1592,186160.75,0.1187,9.11,2.39,1956.3,23.9,34973.98,70.0,0,Watch
B000088,2025-04-20,PLT10,B,SUP0056,Day,1129,128074.24,0.0821,0.84,7.25,1031.6,19.2,20971.97,75.7,0,Watch
B001431,2025-10-06,PLT06,B,SUP0068,Day,822,81971.82,0.1196,4.53,4.76,695.5,29.8,17207.77,69.6,0,High
B002700,2025-11-27,PLT10,A,SUP0159,Day,1711,145432.78,0.0917,5.45,6.57,1289.1,26.5,26889.59,72.1,0,Watch
B000283,2025-06-10,PLT09,C,SUP0032,Day,1493,250093.79,0.0751,3.51,7.57,1817.8,23.9,40748.59,72.2,0,Normal
B002484,2025-10-21,PLT02,D,SUP0099,Night,2183,385427.31,0.0912,4.5,4.24,2988.8,32.1,49900.57,71.7,0,Normal
B000463,2025-05-14,PLT10,A,SUP0082,Day,3272,288391.46,0.0817,3.12,5.66,2302.6,29.6,41782.82,67.8,0,Normal
B000213,2025-01-03,PLT10,B,SUP0013,Night,2235,253743.93,0.0517,3.02,5.3,1969.0,25.8,20989.54,88.5,0,Normal
B003871,2025-06-06,PLT01,B,SUP0015,Day,898,100468.68,0.0723,4.52,1.75,719.5,27.3,7827.79,74.6,0,Normal
B001369,2025-08-18,PLT01,A,SUP0062,Day,1886,162159.58,0.091,2.99,13.17,1715.7,19.9,32247.67,75.2,0,High
B000235,2025-03-16,PLT07,B,SUP0134,Night,721,79043.27,0.073,1.8,3.22,835.6,24.4,13192.47,74.9,1,Watch
B002826,2025-11-12,PLT08,A,SUP0063,Day,1857,169013.78,0.1065,9.37,8.58,1445.9,30.2,32968.25,69.3,0,Watch
B000598,2025-02-25,PLT06,B,SUP0087,Day,1181,118008.03,0.0583,3.2,6.04,1190.5,34.0,20513.58,72.8,0,Watch
B004465,2025-07-26,PLT03,C,SUP0002,Night,4237,616897.73,0.0863,6.61,9.71,4998.4,20.2,146263.15,67.4,0,High
B002251,2025-05-10,PLT02,C,SUP0056,Night,1552,227501.49,0.0746,3.35,2.41,1785.4,16.5,28274.47,80.1,0,Normal
B004109,2025-02-16,PLT09,C,SUP0004,Day,2517,420739.06,0.0763,2.67,7.09,2708.3,,76456.22,77.6,0,Watch
B002284,2025-12-09,PLT05,B,SUP0100,Day,1922,215091.92,0.1086,3.83,3.52,1935.2,23.9,27947.04,82.6,0,Normal
B000663,2025-05-09,PLT04,C,SUP0061,Day,2536,360022.07,0.0485,4.05,21.66,3031.3,45.2,741570.28,76.9,0,Normal
B003257,2025-06-08,PLT04,B,SUP0132,Day,1036,110352.37,0.1073,5.16,3.26,989.0,33.9,15893.2,75.3,0,Normal
B002286,2025-06-15,PLT09,C,SUP0030,Night,1600,262104.74,0.079,4.08,4.86,2020.0,23.3,46615.54,71.6,0,Watch
B004765,2025-10-17,PLT09,C,SUP0043 ,Day,1116,177501.71,0.0861,4.25,3.69,1535.6,26.7,22346.87,65.5,0,Normal
B003259,2025-12-18,PLT06,B,SUP0042,Night,727,73488.82,0.0901,2.3,2.3,911.4,,12157.03,78.8,0,Normal
B002551,2025-11-22,PLT07,B,SUP0132,Night,2085,224805.75,0.0939,10.64,5.86,1784.8,21.3,34801.47,73.9,0,Normal
B003700,2025-05-02,PLT06,C,SUP0179,Night,2015,254513.43,0.0611,6.28,9.0,2637.8,23.9,43567.93,75.0,0,Watch
B000780,2025-06-03,PLT05,B,SUP0129,Day,1244,140738.67,0.0639,8.3,2.64,1150.0,31.5,25025.87,72.1,0,Watch
B004770,2025-08-22,PLT05,C,SUP0018,Night,1478,214950.46,0.079,1.68,3.14,1636.0,32.2,24947.74,73.3,0,Normal
B003495,2025-01-10,PLT10,A,SUP0095,Night,975,81780.97,0.0955,4.44,1.32,785.0,27.2,7796.88,72.2,0,Normal
B003354,2025-06-25,PLT08,B,SUP0120,Day,1190,143574.03,0.1171,8.06,4.28,1037.6,35.0,26239.41,65.8,0,Watch
B003263,2025-04-25,PLT08,A,SUP0176,Day,1750,158099.21,0.0634,5.8,1.39,1212.4,16.2,14730.08,76.7,0,Normal
B004885,2025-01-30,PLT06,C,SUP0147,Night,2038,254411.5,0.0887,1.4,6.59,2032.6,35.2,53984.58,70.3,0,High
B000686,2025-09-27,PLT06,B,SUP0072,Night,1249,126607.1,0.1119,5.29,1.86,1290.4,21.3,14971.49,68.1,0,Normal
B003415,2025-04-11,PLT03,C,SUP0083 ,Day,2348,344590.96,0.0781,2.54,1.59,2896.9,,53986.83,80.3,0,Normal
B002803,2025-05-25,PLT03,C,SUP0082,Day,2230,330683.64,0.1184,0.83,11.39,3111.9,36.5,85509.93,70.9,0,Critical
B004473,2025-10-29,PLT03,C,SUP0180,Day,1205,178753.4,0.1072,7.32,5.95,1398.8,18.6,35674.5,70.1,0,High
B002172,2025-05-18,PLT01,B,SUP0015,Night,1009,110905.06,0.083,6.18,,1031.8,30.5,16659.17,73.1,0,Normal
B003751,2025-05-17,PLT08,B,SUP0158,Day,1666,200936.46,0.1148,6.33,2.5,1851.1,31.8,46754.5,57.4,1,High
B001851,2025-03-09,PLT09,C,SUP0174,Night,2046,336386.46,0.0585,1.44,8.59,2230.5,,57180.13,83.4,0,Watch
B000488,2025-07-03,PLT04,C,SUP0142,Day,966,132646.49,0.0742,3.31,3.29,1126.1,29.2,18431.25,75.5,0,Normal
B001689,2025-10-15,PLT06,A,SUP0168 ,Day,1490,117034.22,0.0717,5.99,2.31,1034.5,30.3,13013.6,72.2,0,Normal
B002231,2025-06-16,PLT10,D,SUP0032 ,Day,2184,382813.75,0.0687,1.14,3.54,2940.4,27.4,30224.83,78.8,0,Normal
B004940,2025-05-28,PLT08,A,SUP0137 ,Day,1030,96180.8,0.1316,5.89,2.16,666.2,19.7,17478.76,58.6,0,Watch
B002321,2025-08-13,PLT10,D,SUP0145,Night,2069,364743.01,0.0757,13.42,8.23,2709.6,33.3,79889.82,71.7,0,High
B000783,2025-12-26,PLT06,C,SUP0076,Day,1186,147945.48,0.1226,6.2,2.24,1664.3,29.5,24366.59,64.8,0,Normal
B000522,2025-09-07,PLT08,A,SUP0066,Day,1401,133315.81,0.0771,1.74,3.02,1094.9,29.2,14559.69,77.8,0,Normal
B000523,2025-03-02,PLT04,B,SUP0152,Day,2112,233133.09,0.1085,1.78,5.78,2062.4,25.8,38737.12,63.9,0,Normal
B002896,2025-12-23,PLT04,A,SUP0080,Day,1702,143283.35,0.0793,2.24,3.8,1351.5,23.7,18236.87,85.1,0,Normal
B004031,2025-06-12,PLT03,D,SUP0121,Night,642,118723.83,0.1016,1.8,2.07,1208.6,20.2,18822.27,67.0,0,Normal
B002399,2025-11-01,PLT08,A,SUP0003,Day,1457,133492.99,0.1032,3.66,2.49,1220.9,22.5,17180.0,63.9,0,Normal
B002208,2025-07-02,PLT04,A,SUP0023,Day,1960,166122.44,0.1088,12.54,3.86,1590.8,31.0,17858.91,68.3,0,Normal
B003906,2025-02-06,PLT09,C,SUP0180,Night,1793,303212.12,0.0921,5.42,8.4,2537.8,28.9,65249.03,79.5,0,High
B003623,2025-02-22,PLT08,B,SUP0094,Day,1030,123980.56,0.0654,2.2,3.83,1020.9,30.5,15314.91,85.8,0,Normal
B003811,2025-05-09,PLT03,B,SUP0143,Day,1100,127655.39,0.0697,0.31,3.45,1094.0,25.5,22640.63,77.8,0,Watch
B002880,2025-09-21,PLT07,B,SUP0081,Night,2690,293010.68,0.0588,3.34,2.15,2443.9,28.7,35643.52,81.1,0,Normal
B001512,2025-05-29,PLT09,B,SUP0149 ,Night,2022,259678.52,0.0744,3.3,2.31,1923.3,26.9,44762.52,74.1,0,Watch
B001883,2025-07-01,PLT01,A,SUP0153,Night,1303,113361.97,0.0419,3.88,3.34,910.3,26.4,7740.34,89.7,0,Normal
B000652,2025-09-30,PLT01,B,SUP0037,Day,1537,171000.48,0.0978,11.11,3.01,1345.5,23.1,18306.26,72.2,0,Normal
B002844,2025-12-24,PLT08,A,SUP0100,Night,1518,139968.1,0.0878,11.57,2.69,1206.3,16.9,32631.77,83.7,0,Critical
B003814,2025-02-23,PLT07,C,SUP0032,Day,1712,236612.19,0.0913,0.81,7.24,2332.8,23.2,39510.68,73.0,0,Watch
B000370,2025-07-03,PLT03,C,SUP0071,Night,1584,228962.73,0.0884,4.41,4.34,2015.8,40.9,32667.34,81.7,0,Normal
B004386,2025-08-18,PLT04,B,SUP0132,Day,1690,184854.35,0.0685,2.95,11.54,1758.0,31.5,42172.35,86.0,0,High
B000119,2025-04-23,PLT02,C,SUP0035,Night,1340,190837.32,0.1051,0.82,1.12,1745.0,32.2,31803.73,71.6,0,Watch
B003886,2025-08-01,PLT03,A,SUP0051,Day,1360,121029.4,0.0885,7.85,1.07,861.2,29.1,12671.85,68.9,0,Normal
B003097,2025-12-06,PLT07,C,SUP0009,Day,917,126642.71,0.0877,1.48,7.17,1169.4,31.2,16948.59,73.7,0,Normal
B002217,2025-12-11,PLT04,D,SUP0001,Day,1278,216214.96,0.0528,5.23,4.17,1549.9,33.7,31492.74,79.8,0,Normal
B003613,2025-07-02,PLT07,C,SUP0146,Day,1219,168097.5,0.0798,2.68,5.83,1537.2,23.4,30403.45,77.6,0,Watch
B001614,2025-12-09,PLT08,A,SUP0093,Day,1344,120566.81,0.0623,1.97,1.35,1012.6,24.1,5384.44,79.9,0,Normal
B004074,2025-04-29,PLT06,C,SUP0110,Night,1372,177810.68,0.063,0.65,2.78,1737.7,30.1,15784.05,80.0,0,Normal
B000963,2025-08-26,PLT02,B,SUP0082,Night,1305,147864.38,0.106,1.78,3.14,1302.5,24.1,16999.3,73.1,0,Normal
B002511,2025-03-17,PLT07,C,SUP0129,Night,1169,164445.91,0.0579,5.94,9.76,1373.2,17.1,33424.35,90.0,0,High
B003618,2025-03-19,PLT02,A,SUP0173,Night,2411,215117.17,0.0764,5.71,3.85,1562.4,26.2,19278.25,79.8,0,Normal
B002881,2025-04-16,PLT10,A,SUP0022,Night,1189,103313.56,0.0695,12.84,2.8,895.7,25.4,15157.99,71.8,0,Normal
B003514,2025-01-30,PLT03,D,SUP0133,Night,2053,376991.81,0.1215,6.82,7.02,3113.3,28.2,63513.68,61.9,0,Watch
B003095,2025-01-13,PLT07,C,SUP0115,Day,1181,161816.43,0.0965,4.21,3.05,1494.7,29.9,21855.99,67.1,0,Normal
B002416,2025-02-12,PLT07,B,SUP0083,Night,2432,260765.51,0.081,4.82,3.8,2422.6,31.4,40369.9,87.2,0,Normal
B004702,2025-09-11,PLT04,D,SUP0070,Night,1164,192389.61,0.0821,2.14,8.51,1625.1,20.1,34985.8,85.8,0,Watch
B004281,2025-08-12,PLT02,B,SUP0146,Night,1354,157413.29,0.0583,1.11,4.36,1296.4,38.9,26564.91,87.1,0,Watch
B002186,2025-11-12,PLT08,B,SUP0080,Day,1369,163067.1,0.1053,5.78,1.48,1084.7,33.7,27916.6,73.3,0,Watch
B004363,2025-05-13,PLT08,D,SUP0052,Night,1076,198589.96,0.0753,3.76,2.08,1687.7,29.8,23937.73,80.4,0,Normal
B002568,2025-10-08,PLT09,B,SUP0037,Night,1129,142142.96,0.0822,1.06,2.54,1076.7,25.0,21758.91,87.8,0,Normal
B002038,2025-05-26,PLT08,A,SUP0081,Night,1647,153319.93,0.0882,3.78,5.86,962.2,23.5,29528.18,82.5,0,Watch
B004306,2025-01-02,PLT01,B,SUP0060,Day,1312,145242.0,0.0691,12.44,2.37,1206.1,23.5,11947.3,65.4,0,Normal
B000773,2025-08-01,PLT06,C,sup0007,Day,1214,152321.14,0.066,7.6,1.58,1479.2,25.3,23568.65,80.8,0,Normal
B001285,2025-01-26,PLT02,B,SUP0072,Night,1715,199030.48,0.0923,6.7,10.4,1708.4,31.6,51336.76,80.3,0,Critical
B004650,2025-01-03,PLT06,B,SUP0149,Night,1178,120491.22,0.0756,5.69,3.52,1139.0,31.5,19142.4,78.9,0,Normal
B004786,2025-09-01,PLT06,B,SUP0032,Day,1709,174626.13,0.0821,4.26,4.45,1575.8,25.7,25920.58,67.1,0,Normal
B004622,2025-04-05,PLT02,A,SUP0065,Day,2222,198552.93,0.0795,3.11,9.84,1774.7,29.6,40582.09,77.6,0,Watch
B001415,2025-10-12,PLT05,A,SUP0175,Day,2916,258405.63,0.1187,5.75,4.67,2160.2,29.2,35698.18,76.1,0,Normal
B001235,2025-07-20,PLT08,A,SUP0043,Night,1814,165475.18,0.0891,7.77,1.56,,24.9,23821.51,73.8,0,Normal
B003478,2025-11-29,PLT01,A,SUP0065,Night,1678,143136.71,0.0947,5.31,4.16,1401.4,15.5,25529.02,73.7,0,Watch
B000436,2025-06-26,PLT09,A,SUP0046,Day,2200,223092.31,0.0908,2.18,4.5,1644.4,,50482.41,77.9,0,High
B001675,2025-09-07,PLT09,D,SUP0083,Night,1518,307417.07,0.1145,11.17,1.76,2623.5,30.3,49121.68,69.0,0,Normal
B000366,2025-07-07,PLT06,A,SUP0171,Day,1090,84239.77,0.0938,7.29,4.91,789.2,37.2,14400.01,71.9,0,Watch
B004906,2025-10-13,PLT01,C,SUP0119,Night,1766,257559.25,0.1176,7.04,,2578.4,33.0,46496.94,76.7,0,Watch
B000232,2025-05-21,PLT04,D,SUP0169,Night,1436,240541.88,0.073,8.67,2.62,1963.3,27.7,47142.25,73.3,0,Watch
B004312,2025-07-22,PLT05,B,SUP0109,Day,890,100898.92,0.069,4.27,1.92,893.8,25.5,18002.49,78.7,0,Watch
B000148,2025-02-22,PLT01,C,SUP0171 ,Day,1922,274389.93,0.0614,3.74,3.1,2657.4,25.8,36175.04,86.2,0,Normal
B004444,2025-05-18,PLT09,C,SUP0143,Day,951,156545.18,0.0702,0.54,1.44,1437.9,32.0,7993.5,80.9,0,Normal
B000408,2025-06-14,PLT03,B,SUP0022,Day,1605,187615.57,0.0487,7.88,2.33,1459.6,26.7,24868.97,91.5,0,Normal
B002091,2025-10-07,PLT02,B,SUP0031,Night,1351,152938.84,0.1243,3.41,2.9,1101.6,34.4,26719.69,68.1,0,Watch
B000087,2025-03-23,PLT03,B,SUP0097,Day,1696,193932.81,0.0868,11.45,1.56,1561.5,39.3,15883.48,72.4,0,Normal
B000845,2025-06-21,PLT04,C,SUP0107,Day,2550,348106.34,0.0939,6.92,4.77,3250.3,22.7,66343.26,76.9,1,Watch
B001032,2025-11-25,PLT04,C,SUP0166,Day,1018,145336.97,0.0482,1.43,1.26,1313.6,16.5,11101.54,93.1,0,Normal
B002684,2025-10-31,PLT04,D,SUP0136,Day,1732,305124.78,0.1111,2.53,7.83,2856.1,28.2,65590.79,69.4,0,High
B004609,2025-02-22,PLT02,A,SUP0027,Night,2488,215664.85,0.0619,3.29,1.88,1651.9,22.6,24301.78,79.0,0,Normal
B002779,2025-03-03,PLT07,B,SUP0057,Day,1030,110570.89,0.0688,6.2,6.33,957.5,36.6,17416.47,75.1,0,Normal
B003296,2025-09-30,PLT03,B,SUP0022,Day,1277,152013.74,0.0558,1.8,1.82,1067.4,25.4,8287.0,76.7,0,Normal
B002907,2025-06-15,PLT03,C,SUP0047,Day,1241,182091.57,0.0935,5.38,3.53,1319.6,33.9,27133.63,74.7,1,Normal
B000856,2025-07-12,PLT10,B,SUP0129,Day,891,97379.41,0.071,4.22,1.19,866.4,38.0,4177.55,73.0,0,Normal
B000079,2025-02-02,PLT03,A,SUP0100,Night,1153,102074.38,0.1065,6.86,2.85,1218.6,14.4,14113.63,63.3,0,Normal
B002248,2025-07-11,PLT02,A,SUP0063,Day,1508,133432.18,0.1366,9.48,6.0,1268.5,32.0,31115.13,63.4,0,High
B004616,2025-02-25,PLT05,A,SUP0045,Night,1227,104655.84,0.0524,2.29,1.64,1174.4,25.1,10303.25,83.4,0,Normal
B003730,2025-07-28,PLT10,C,SUP0033,Day,2062,299225.76,0.087,11.16,2.29,2150.1,,35413.35,69.4,0,Normal
B004088,2025-08-03,PLT10,C,SUP0171,Day,817,115294.72,0.102,0.98,2.49,1109.5,26.9,10662.46,76.4,0,Normal
B002969,2025-08-04,PLT04,C,SUP0149,Night,1306,179083.8,0.0932,10.82,2.51,1601.2,,35710.68,64.9,1,Watch
B002280,2025-10-03,PLT03,A,SUP0105,Day,2105,187377.44,0.1029,2.95,0.61,1343.3,26.9,19499.97,65.6,0,Normal
B002650,2025-02-20,PLT09,D,SUP0103,Night,1128,222337.33,0.1394,3.28,5.33,1953.0,25.0,54151.92,60.8,0,Critical
B004202,2025-10-28,PLT09,A,SUP0160,Day,764,79024.36,0.0564,7.98,4.4,648.2,32.5,8361.54,78.1,0,Normal
B003947,2025-03-22,PLT01,C,SUP0074,Day,1017,145772.43,0.1326,2.97,1.96,979.3,30.1,17052.07,76.3,0,Normal
B003497,2025-07-23,PLT04,D,SUP0135,Night,2083,356898.78,0.0793,8.41,3.77,3169.7,22.4,64574.14,72.1,0,Watch
B002177,2025-08-28,PLT03,A,SUP0071,Night,1746,156172.78,0.0723,4.31,3.44,1339.3,30.7,40620.89,72.6,0,Critical
B000425,2025-06-17,PLT03,C,SUP0109,Day,1655,243660.78,0.1199,5.68,2.55,1961.9,28.8,31903.8,67.8,0,Normal
B000393,2025-01-03,PLT10,A,SUP0129,Night,1719,146203.17,0.0685,1.08,6.36,1571.0,26.4,19221.25,75.4,0,Normal
B004775,2025-04-03,PLT04,D,SUP0104,Day,1137,193568.55,0.1024,2.96,13.89,2155.1,25.9,52783.87,71.9,0,Critical
B003484,2025-09-05,PLT07,B,SUP0078,Night,1294,140464.39,0.0864,1.63,1.97,1163.4,33.8,13971.82,82.1,0,Normal
B000105,2025-07-14,PLT09,B,SUP0144,Day,1076,140454.27,0.1107,3.51,0.88,932.3,27.9,11509.14,71.1,0,Normal
B003033,2025-02-26,PLT05,C,SUP0131,Day,1386,202174.53,0.1126,3.57,3.1,1620.1,30.1,37366.39,57.4,0,Watch
B002623,2025-12-20,PLT09,D,SUP0121,Day,1042,205680.15,0.1203,8.56,5.76,1751.4,24.3,45389.96,55.4,0,High
B003201,2025-09-10,PLT04,A,SUP0153,Night,1162,99550.68,0.0521,2.5,4.85,1140.9,26.9,14634.8,87.6,0,Normal
B003896,2025-04-10,PLT05,A,SUP0030,Day,897,78148.34,0.0533,0.33,7.0,994.6,27.4,10256.24,86.4,0,Normal
B001949,2025-11-13,PLT07,C,SUP0147,Night,1015,143539.03,0.1112,1.29,3.95,1283.8,24.1,22196.78,59.3,0,Normal
B001460,2025-02-05,PLT02,C,SUP0114,Night,1268,182056.35,0.1857,22.57,2.47,1460.5,27.8,45734.24,51.5,0,Critical
B003324,2025-05-08,PLT05,B,SUP0080,Day,1177,133818.69,0.0879,2.34,9.99,1230.0,34.4,27801.07,78.4,0,High
B002861,2025-10-08,PLT07,B,SUP0160,Night,1824,199568.5,0.0805,2.33,9.44,1908.4,25.8,34890.64,74.1,0,Watch
B002760,2025-05-15,PLT04,C,SUP0087,Day,3059,425829.9,0.0807,3.43,2.84,3640.0,33.3,48820.66,83.4,0,Normal
B004839,2025-08-28,PLT09,A,SUP0174,Day,1062,106275.33,0.0965,1.19,4.19,801.1,21.6,14408.7,75.4,0,Normal
B001588,2025-07-27,PLT01,A,SUP0112,Day,1112,95985.5,0.0509,3.88,4.79,955.1,31.6,13639.59,79.9,0,Normal
B003733,2025-10-09,PLT02,A,SUP0038,Night,1607,139893.29,0.1249,8.95,6.15,1259.6,30.1,33518.32,66.5,0,High
B001732,2025-08-20,PLT05,C,SUP0118,Night,1040,149774.66,0.0607,8.82,1.1,1217.5,24.5,15536.43,74.2,0,Normal
B004814,2025-03-05,PLT10,A,SUP0104,Night,2426,207466.5,0.0675,0.53,3.74,2024.9,18.3,27816.52,69.1,0,Normal
B003787,2025-07-14,PLT10,A,SUP0126,Night,1179,101349.7,0.0656,11.08,2.43,779.5,,17575.47,74.7,0,Watch
B003755,2025-09-29,PLT09,A,SUP0150,Day,1058,106774.78,0.0951,3.95,0.65,738.4,28.1,13590.79,77.6,0,Normal
B001792,2025-07-25,PLT03,A,SUP0015,Day,565,51417.46,0.0717,8.32,3.58,446.9,30.4,8442.75,69.1,0,Watch
B002356,2025-08-01,PLT08,B,SUP0163,Night,1508,180854.74,0.1042,1.94,10.76,1537.7,28.1,39103.5,71.3,0,High
B001941,2025-04-08,PLT02,B,SUP0131,Night,1549,180265.56,0.099,3.97,5.72,1622.3,27.9,41328.23,68.8,0,High
B000703,2025-07-12,PLT02,C,SUP0077,Day,1586,229181.94,0.1411,2.02,17.66,2418.8,28.7,75955.38,70.6,1,Critical
B002443,2025-05-11,PLT06,C,SUP0043,Day,1177,151113.24,0.0858,7.83,4.61,1204.4,21.3,22559.98,77.1,0,Normal
B004461,2025-05-10,PLT07,C,SUP0171,Night,845,115776.77,0.1018,0.14,3.02,1159.5,28.8,15730.63,69.9,0,Normal
B000497,2025-03-26,PLT07,B,SUP0082,Day,2205,238590.18,0.1081,4.61,3.25,2684.1,30.9,30586.33,65.4,0,Normal
B000465,2025-01-27,PLT08,C,SUP0055,Night,1917,287732.85,0.1283,3.17,8.67,2339.3,22.0,58793.12,61.9,0,High
B003102,2025-11-07,PLT08,B,SUP0040,Night,1107,133617.09,0.0955,2.44,6.78,1044.2,23.4,27989.01,82.6,0,High
B004378,2025-05-14,PLT06,C,SUP0030,Night,1330,170928.01,0.0985,2.19,2.45,1644.4,23.9,24533.47,67.6,0,Normal
B000173,2025-03-09,PLT04,A,SUP0058,Day,2056,177290.0,0.0934,9.3,6.89,1636.7,26.6,32672.46,69.3,0,Watch
B004457,2025-06-10,PLT03,C,SUP0110,Day,1401,209103.52,0.0651,18.69,2.76,1692.8,28.9,30644.21,68.4,0,Normal
B004846,2025-10-23,PLT03,C,SUP0170,Day,931,136703.63,0.1205,7.62,1.8,993.1,32.8,23193.47,63.2,0,Watch
B002541,2025-01-26,PLT02,B,SUP0094,Day,1323,151482.05,0.0644,1.6,1.14,1117.5,24.7,16780.41,75.2,0,Normal
B004810,2025-08-14,PLT03,A,SUP0041,Night,850,76102.29,0.0994,4.09,2.94,687.8,23.4,10862.57,82.1,0,Normal
B003011,2025-04-13,PLT02,A,SUP0040,Day,1470,132349.12,0.1125,18.04,9.74,921.4,31.7,247075.04,58.6,0,High
B002261,2025-08-29,PLT01,C,SUP0083,Night,1534,219476.5,0.0831,0.84,1.23,1867.1,24.3,30121.58,72.3,0,Normal
B002113,2025-11-25,PLT04,A,SUP0089,Night,2191,190439.51,0.0868,7.63,3.2,1932.2,33.7,28294.32,82.8,0,Normal
B000901,2025-04-03,PLT01,B,SUP0079,Day,1679,194265.8,0.0857,2.09,0.13,1583.9,,21940.93,71.5,0,Normal
B001447,2025-08-04,PLT07,A,SUP0165,Day,1097,91345.36,0.0565,2.82,3.74,830.0,34.0,8699.66,82.0,0,Normal
B004951,2025-02-03,PLT03,A,SUP0165,Night,1529,134974.45,0.0362,4.61,1.48,1014.0,38.5,10231.23,76.8,0,Normal
B000742,2025-06-22,PLT07,C,SUP0114,Day,1467,201217.08,0.1593,9.45,2.13,1601.2,27.9,41444.05,64.7,0,High
B002294,2025-01-12,PLT04,B,SUP0152,Day,1676,183275.87,0.0859,7.32,1.45,1393.9,28.8,13670.03,78.7,0,Normal
B002453,2025-02-15,PLT10,D,SUP0123,Day,1187,210494.93,0.048,2.99,5.28,2167.2,27.1,31804.67,75.6,0,Normal
B002806,2025-12-20,PLT03,A,SUP0063,Day,1728,154741.61,0.1263,6.27,6.39,1174.6,34.0,22766.99,74.9,0,Normal
B004129,2025-09-03,PLT10,A,SUP0047,Day,1656,141547.17,0.0758,5.23,2.03,1183.0,28.0,16528.03,72.5,0,Normal
B001207,2025-10-22,PLT10,C,SUP0118,Night,1282,183260.29,0.0854,1.56,4.14,1898.0,30.3,36910.77,54.4,0,High
B000510,2025-07-14,PLT10,D,SUP0087,Night,1965,344946.73,0.0511,3.18,2.16,2826.7,23.9,44813.69,85.9,0,Normal
B004197,2025-05-12,PLT10,A,SUP0059,Night,1599,138727.59,0.0693,20.94,2.42,1158.9,32.1,13282.63,61.7,0,Normal
B002673,2025-08-09,PLT04,A,SUP0153,Day,1593,138103.75,0.0544,3.16,7.0,1163.2,32.1,19538.52,79.9,0,Normal
B002860,2025-02-24,PLT06,C,SUP0148,Day,930,117866.41,0.0988,9.46,4.63,1131.7,32.1,19928.04,79.0,0,Watch
B003401,2025-07-25,PLT02,B,SUP0177,Day,830,94523.76,0.0828,7.4,2.34,773.1,34.9,14256.07,81.6,0,Normal
B001550,2025-03-02,PLT02,A,SUP0062,Day,1918,170179.23,0.0849,9.07,2.83,1510.3,32.6,20715.91,76.1,0,Normal
B003334,2025-06-02,PLT10,A,SUP0133,Day,1844,157599.04,0.1152,9.25,2.17,1237.8,,13214.24,71.5,0,Normal
B002203,2025-01-11,PLT09,A,SUP0072,Night,1468,147178.56,0.0911,5.79,4.56,944.2,17.7,33856.3,70.9,0,High
B002567,2025-10-02,PLT04,A,SUP0103,Day,1478,124667.21,0.1034,6.76,0.74,1015.8,33.5,17914.04,69.7,0,Normal
B002733,2025-01-05,PLT04,D,SUP0156,Day,763,131140.8,0.0942,4.75,4.29,1428.2,33.6,28371.39,68.7,0,High
B002045,2025-05-11,PLT03,B,SUP0108,Day,1057,125487.4,0.1239,1.15,8.22,1253.4,35.6,24963.78,67.2,0,High
B000768,2025-07-08,PLT10,A,SUP0050,Day,1414,117660.52,0.1072,4.97,3.59,1257.7,20.1,25488.81,71.0,0,High
B004923,2025-04-21,PLT05,A,SUP0037,Day,656,58408.7,0.0697,1.08,1.9,467.1,32.8,3715.79,69.5,0,Normal
B003812,2025-06-21,PLT08,B,SUP0056,Day,1195,140177.66,0.06,4.4,4.21,1036.0,22.1,10343.96,83.7,0,Normal
B000422,2025-10-10,PLT02,C,SUP0033,Night,1694,248184.0,0.1149,15.44,2.61,2251.4,35.0,54717.86,60.8,0,High
B000124,2025-05-30,PLT01,C,sup0059,Day,2007,284822.37,0.1045,5.05,,2081.4,22.7,25986.88,59.4,0,Normal
B004205,2025-07-12,PLT03,B,SUP0097,Night,1745,202282.38,0.0892,3.18,8.17,1726.6,30.8,26782.12,75.6,0,Normal
B002681,2025-08-05,PLT07,A,SUP0053,Night,1583,129307.83,0.0663,4.45,2.15,1199.0,25.3,19300.1,83.9,0,Normal
B000820,2025-06-27,PLT05,A,SUP0087,Night,1558,135063.77,0.0712,11.92,0.6,895.0,24.9,14215.82,85.9,0,Normal
B001404,2025-02-02,PLT02,C,SUP0166,Day,2384,343532.2,0.0775,2.21,2.66,2187.7,29.9,31644.05,69.1,0,Normal
B001383,2025-08-09,PLT04,D,sup0066,Day,1498,256084.96,0.0924,9.65,6.58,2057.6,37.8,45832.38,64.3,0,Watch
B002149,2025-11-13,PLT07,A,SUP0062,Day,611,51843.79,0.0897,5.98,4.18,485.1,26.8,7482.07,71.1,0,Normal
B001576,2025-04-30,PLT02,B,SUP0128,Day,2617,302299.36,0.1073,7.36,2.08,2352.7,28.5,38017.54,73.7,0,Normal
B001639,2025-07-27,PLT02,B,SUP0134,Night,1397,160052.92,0.088,2.42,4.63,1218.1,28.8,27571.55,74.8,0,Watch
B001796,2025-11-06,PLT08,C,SUP0131,Night,1664,258032.88,0.0964,0.99,0.92,2046.2,24.9,43163.24,78.1,0,Watch
B004865,2025-04-04,PLT01,D,SUP0133,Night,836,145443.23,0.0926,4.05,3.29,1166.9,27.0,14974.36,80.9,0,Normal
B000400,2025-04-25,PLT07,C,SUP0073,Day,1448,200797.37,0.0686,14.79,2.4,1625.7,34.0,21408.29,77.6,0,Normal
B002311,2025-11-16,PLT08,A,SUP0122,Day,1395,128969.3,0.0983,1.83,2.45,953.6,19.5,12846.68,67.8,0,Normal
B000883,2025-03-29,PLT01,C,SUP0133,Day,2100,295253.18,0.129,11.21,1.95,,27.1,50942.45,65.9,0,Watch
B000650,2025-05-22,PLT01,C,SUP0030,Night,2912,418770.56,0.1058,3.85,0.35,3228.3,33.9,55799.01,69.4,0,Normal
B004627,2025-01-20,PLT08,C,SUP0145,Day,1230,191404.5,0.0761,3.73,3.43,1609.8,24.8,22017.65,80.6,0,Normal
B001353,2025-10-02,PLT03,D,SUP0057,Night,427,75976.62,0.0985,4.32,7.52,775.7,32.9,16294.98,56.8,0,High
B004347,2025-04-09,PLT06,B,SUP0096,Day,1237,120395.64,0.1059,6.12,4.62,1313.2,,17338.51,69.1,0,Normal
B004596,2025-07-14,PLT02,A,SUP0157,Day,1428,124302.57,0.1037,5.47,8.94,1360.5,25.7,29294.08,72.4,0,High
B002131,2025-12-02,PLT08,B,SUP0075,Day,1247,147829.65,0.1257,3.39,1.96,1215.8,28.7,23940.34,78.3,0,Normal
B000983,2025-09-22,PLT06,C,SUP0046,Day,1802,230720.6,0.0912,6.72,3.34,1843.0,29.1,38100.55,71.6,0,Normal
B000457,2025-03-08,PLT07,C,SUP0043,Night,1590,216210.56,0.0831,3.27,1.24,2092.5,24.0,18025.66,69.4,0,Normal
B003602,2025-02-25,PLT09,B,SUP0161,Day,1663,214612.86,0.115,3.09,5.49,2118.0,27.9,40576.55,69.6,0,Watch
B001080,2025-12-27,PLT10,A,SUP0093,Day,1112,95950.8,0.0951,10.05,3.51,829.8,,17543.0,71.6,0,Watch
B001951,2025-09-11,PLT05,B,SUP0160,Day,1380,156304.85,0.1007,10.3,2.27,1318.1,,16600.24,68.0,0,Normal
B004359,2025-06-13,PLT01,A,SUP0034,Day,1239,109314.72,0.1106,17.52,6.78,880.5,32.0,30266.91,70.3,0,Critical
B000690,2025-09-16,PLT03,A,SUP0038,Day,1147,103685.95,0.1109,1.77,1.84,989.7,27.2,13336.56,68.7,0,Normal
B002430,2025-03-06,PLT07,A,SUP0126,Day,1045,90301.33,0.0712,7.2,2.81,840.4,30.4,15440.49,80.7,0,Watch
B000642,2025-12-16,PLT01,A,SUP0159,Day,765,66521.5,0.0861,6.74,3.41,583.6,26.8,10938.44,65.5,0,Normal
B002393,2025-03-20,PLT05,C,SUP0158,Day,1589,226445.96,0.1067,4.32,1.47,2273.5,24.5,27532.11,79.7,0,Normal
B001954,2025-03-26,PLT04,A,SUP0063,Night,1186,99854.65,0.1397,5.27,6.46,1036.4,21.4,21514.02,68.8,0,High
B002804,2025-11-19,PLT02,D,SUP0104,Day,1462,253837.58,0.1059,5.91,3.93,2251.1,32.7,43487.52,71.9,1,Watch
B003299,2025-01-25,PLT07,C,SUP0086,Night,716,97435.7,0.0848,7.97,4.52,685.9,41.7,15772.29,82.0,0,Normal
B003504,2025-09-28,PLT09,B,sup0042,Day,1343,171440.15,0.1284,10.85,13.06,1346.5,22.9,47893.33,57.1,1,Critical
B002711,2025-10-10,PLT04,B,SUP0100,Night,2257,250127.73,0.101,2.01,3.78,2168.8,25.3,41172.63,64.4,0,Normal
B003405,2025-06-22,PLT10,B,SUP0143,Night,866,95679.12,0.0833,5.42,4.69,811.1,35.1,14164.37,85.7,0,Normal
B004816,2025-09-21,PLT02,D,SUP0026,Day,2031,357086.16,0.1251,3.19,8.26,2504.9,19.4,68870.85,56.5,0,Watch
B002991,2025-04-01,PLT03,D,SUP0053,Day,1857,328712.04,0.0659,7.0,8.43,3045.7,31.1,70189.28,78.7,0,High
B001885,2025-11-24,PLT01,C,SUP0087,Night,1150,168485.63,0.1073,4.72,5.58,1592.6,28.3,37564.77,76.6,0,High
B000390,2025-07-08,PLT08,C,SUP0049,Day,1433,210254.99,0.0749,1.71,3.17,1824.8,32.7,17137.66,83.3,0,Normal
B002495,2025-06-30,PLT07,D,SUP0178,Night,957,165699.4,0.1115,3.41,9.19,1817.1,37.1,40825.34,73.4,0,Critical
B003182,2025-06-18,PLT07,D,SUP0033,Day,1425,238965.36,0.1182,3.43,4.82,2170.9,26.0,41222.17,66.0,0,Watch
B004728,2025-07-15,PLT10,A,SUP0143,Day,769,66132.22,0.0908,1.41,1.63,596.4,23.0,7155.87,79.3,0,Normal
B000846,2025-02-27,PLT07,A,SUP0002,Night,956,78514.56,0.0494,3.23,7.66,750.4,22.9,13613.31,81.0,0,Watch
B000543,2025-09-25,PLT09,B,SUP0001,Day,664,85227.03,0.0561,2.06,6.13,701.8,26.3,10764.6,85.0,1,Normal
B000092,2025-01-13,PLT05,C,SUP0157,Day,1258,178855.01,0.1448,0.89,2.69,1567.4,21.8,34897.61,64.0,0,Watch
B003967,2025-11-22,PLT09,A,SUP0159,Day,1203,121802.97,0.0999,3.3,5.44,884.0,30.4,12739.24,79.9,0,Normal
B001980,2025-06-27,PLT02,A,SUP0050,Day,1570,140766.09,0.0681,,5.3,1324.2,21.9,18071.0,77.8,0,Normal
B004808,2025-07-26,PLT08,B,SUP0108,Day,1254,148932.38,0.1129,7.95,7.56,1343.2,25.4,31201.21,64.4,0,High
B004727,2025-10-27,PLT03,B,SUP0020,Night,1510,177280.14,0.0729,1.07,5.7,1420.1,29.5,19779.98,77.7,1,Normal
B003253,2025-12-23,PLT04,B,SUP0060,Night,2729,293851.09,0.0961,3.32,0.37,2260.7,24.9,31012.57,82.8,0,Normal
B002530,2025-06-02,PLT04,B,SUP0024,Night,1566,168417.32,0.0602,6.09,4.34,1359.9,30.2,25830.69,76.5,0,Normal
B001677,2025-11-13,PLT03,D,SUP0135,Day,1564,279646.87,0.0475,3.99,2.42,2448.1,20.5,22155.75,84.2,0,Normal
B001049,2025-01-31,PLT02,C,SUP0106,Day,1585,227626.58,0.0686,3.43,3.32,1903.2,31.2,35428.05,73.5,0,Normal
B001961,2025-03-02,PLT06,B,SUP0086,Day,1288,127371.12,0.0791,9.23,3.19,1022.4,22.5,23979.73,78.2,0,Watch
B002531,2025-01-28,PLT03,B,SUP0147,Night,2800,321276.16,0.0846,2.43,1.65,2697.8,24.2,47908.35,84.5,0,Normal
B004689,2025-12-07,PLT02,A,SUP0013,Day,1253,110257.51,0.0805,4.17,2.74,891.1,22.9,14250.99,71.9,0,Normal
B000238,2025-04-28,PLT04,D,SUP0070,Day,2781,479559.93,0.0576,6.64,3.49,,34.7,66668.28,72.0,0,Normal
B003027,2025-11-29,PLT05,C,SUP0109,Day,1402,202851.79,0.0947,8.07,7.25,1946.1,18.5,29135.32,73.5,0,Normal
B003559,2025-12-09,PLT09,A,SUP0140,Day,2673,269449.83,0.088,6.63,4.87,,37.2,36893.07,63.3,0,Normal
B001134,2025-09-15,PLT03,B,SUP0084,Day,1170,136064.98,0.132,23.22,6.42,1276.3,20.0,37161.17,49.9,0,Critical
B001806,2025-07-02,PLT06,D,SUP0163,Day,1701,260411.39,0.1384,4.32,1.21,2808.9,25.9,35571.04,66.8,0,Normal
B004478,2025-08-11,PLT07,B,SUP0062,Night,1807,192432.92,0.1058,0.8,2.65,1654.7,19.9,40468.54,82.3,0,High
B000164,2025-12-28,PLT03,D,SUP0103,Day,1404,252206.24,0.1304,1.62,5.19,2179.6,33.4,49138.89,60.1,0,Watch
B003862,2025-12-17,PLT06,B,SUP0068,Day,1385,142688.87,0.0977,7.27,3.91,1437.3,27.8,22267.35,71.5,0,Normal
B004758,2025-06-11,PLT03,B,SUP0158,Day,1169,135556.65,0.119,5.91,3.59,1287.2,20.5,17279.81,66.2,1,Normal
B003412,2025-06-03,PLT01,C,SUP0122,Day,633,94105.5,0.1215,5.14,6.35,1029.8,14.1,18838.05,75.3,0,High
B004715,2025-03-08,PLT02,B,SUP0031,Day,1088,123571.72,0.1157,9.47,4.27,977.4,29.7,22899.24,64.9,0,Watch
B003266,2025-10-23,PLT05,C,SUP0122,Day,1582,226765.24,0.0778,7.23,1.63,1793.0,21.4,16234.5,71.6,0,Normal
B003708,2025-01-15,PLT06,A,SUP0080,Day,701,54521.12,0.0584,3.55,0.32,435.3,30.3,694.35,80.5,0,Normal
B004017,2025-03-19,PLT10,B,SUP0060,Night,1274,139863.31,0.0792,4.39,10.97,1425.8,28.1,33876.96,70.5,0,Critical
B001812,2025-10-30,PLT07,C,SUP0147,Day,1577,221048.96,0.0801,10.8,5.38,2319.2,33.3,32791.74,73.2,0,Normal
B003174,2025-12-23,PLT06,B,SUP0057,Night,1132,113713.53,0.0908,9.56,2.22,1096.0,26.5,15396.37,72.9,0,Normal
B003214,2025-09-16,PLT03,C,SUP0012,Day,1206,178582.92,0.1383,3.47,3.01,1250.8,22.0,33121.88,69.8,0,Watch
B001429,2025-03-30,PLT04,B,SUP0128,Night,1170,131350.87,0.1483,2.76,3.22,1171.2,36.7,22705.12,67.8,1,Watch
B003687,2025-07-29,PLT09,A,SUP0140,Day,632,62853.58,0.0886,8.57,3.38,483.6,33.0,4620.09,70.3,0,Normal
B002857,2025-02-04,PLT05,A,SUP0171,Day,1191,101164.42,0.0839,7.74,2.65,1033.0,26.0,12441.1,72.5,0,Normal
B003465,2025-06-07,PLT04,A,SUP0143,Night,644,54429.26,0.0759,7.2,5.17,580.7,23.4,10219.46,73.1,0,Watch
B004506,2025-10-24,PLT09,A,SUP0118,Night,1787,177211.23,0.0431,8.22,2.53,1292.3,32.5,21838.69,82.9,0,Normal
B004697,2025-09-06,PLT03,A,SUP0178,Day,899,81300.69,0.1132,3.54,6.79,702.4,28.3,17602.92,71.4,0,High
B002878,2025-10-13,PLT03,B,SUP0104,Night,922,106536.09,0.0487,7.13,1.63,840.6,14.2,8067.54,91.6,0,Normal
B001453,2025-03-19,PLT06,A,SUP0095,Night,2450,190908.8,0.0633,5.6,4.92,1898.9,36.8,37001.68,74.7,0,Watch
B000594,2025-06-18,PLT04,A,SUP0178,Day,876,74760.79,0.1122,3.81,0.41,559.1,26.1,5573.83,72.2,0,Normal
B002726,2025-04-20,PLT02,D,SUP0077,Day,1736,308756.24,0.0874,5.92,2.36,2126.4,27.2,43051.26,72.7,0,Normal
B000042,2025-01-05,PLT09,A,SUP0161,Day,1083,112377.74,0.074,6.13,2.91,806.8,28.0,7255.43,69.3,0,Normal
B000561,2025-02-28,PLT03,D,SUP0115,Day,1478,262889.86,0.0713,11.94,8.32,2366.9,,53134.7,84.4,0,High
B002996,2025-09-06,PLT10,B,SUP0072,Day,1694,189848.49,0.1075,12.73,1.69,1597.6,32.6,28003.57,66.0,0,Normal
B003104,2025-02-22,PLT09,D,SUP0145,Day,1244,254066.84,0.0863,4.15,4.62,1728.3,39.8,43149.79,83.7,0,Watch
B000244,2025-06-03,PLT05,A,SUP0003,Night,1463,129318.1,0.0874,2.31,1.25,953.5,21.3,12353.45,72.2,0,Normal
B001340,2025-03-03,PLT03,D,SUP0125,Night,1737,310511.41,0.0802,2.05,2.26,2436.7,33.0,33903.88,83.5,0,Normal
B002837,2025-07-05,PLT09,B,SUP0117,Day,1354,171877.44,0.0883,4.33,3.86,1630.4,26.8,28575.24,74.2,0,Normal
B003022,2025-11-25,PLT02,B,SUP0060,Day,1112,128009.82,0.0596,6.4,4.07,1195.9,28.5,25985.97,81.9,1,Watch
B003873,2025-04-03,PLT04,B,sup0015,Night,2057,220720.93,0.1394,3.26,9.71,1940.9,29.1,75254.96,63.2,1,Critical
B001443,2025-10-01,PLT09,B,SUP0081,Day,1423,181328.23,0.0719,6.17,0.76,1666.1,26.1,13781.35,78.0,0,Normal
B000262,2025-10-12,PLT08,A,SUP0130,Day,1900,173386.53,0.1068,14.82,6.47,1511.5,28.2,26104.69,82.8,0,Normal
B002820,2025-08-31,PLT01,D,SUP0132,Day,1720,298443.56,0.0928,1.39,3.55,2711.9,36.5,38430.6,68.5,0,Normal
B001690,2025-07-13,PLT06,C,SUP0021,Day,1056,136410.15,0.075,0.31,3.55,1378.8,30.6,20218.75,72.1,0,Normal
B001726,2025-12-15,PLT05,A,SUP0045,Night,1290,110007.9,0.0535,5.15,5.63,1121.6,31.3,14545.44,72.9,0,Normal
B001204,2025-08-26,PLT10,B,SUP0117,Day,905,101129.53,0.0719,0.95,1.35,953.2,37.4,5615.24,81.4,0,Normal
B000835,2025-08-29,PLT09,C,SUP0168,Day,1694,279152.05,0.0451,9.06,3.21,2131.2,30.5,34743.58,78.4,0,Normal
B001867,2025-10-04,PLT01,B,SUP0172,Day,390,43989.46,0.0891,9.5,7.82,513.5,,9181.48,78.9,0,High
B002497,2025-04-13,PLT02,B,SUP0101,Night,825,96986.91,0.097,10.58,0.47,803.5,26.3,12508.98,69.3,0,Normal
B002011,2025-08-06,PLT04,D,SUP0130,Night,1803,303255.5,0.1136,2.01,2.34,2371.7,,44712.1,68.1,0,Normal
B000341,2025-11-28,PLT09,B,SUP0104,Day,2403,317698.83,0.0938,0.44,1.48,2308.2,31.2,19331.34,77.7,0,Normal
B003050,2025-06-24,PLT03,A,SUP0046,Day,1081,97401.65,0.1211,15.16,7.37,832.3,27.9,19706.76,74.6,0,High
B001602,2025-02-20,PLT06,A,SUP0021,Day,1351,103245.95,0.119,4.13,2.37,1046.8,32.0,14864.06,68.2,0,Normal
B003065,2025-07-20,PLT01,D,SUP0032,Night,1876,323237.86,0.0486,7.14,0.77,2708.6,14.0,38220.33,77.0,0,Normal
B004742,2025-02-22,PLT04,B,SUP0061,Night,1192,131813.49,0.077,5.57,1.35,1258.6,30.0,17382.32,65.9,0,Normal
B000481,2025-06-12,PLT07,D,SUP0177,Night,2014,336278.27,0.1165,6.06,2.87,3011.3,19.7,46970.83,66.1,0,Normal
B002883,2025-04-28,PLT03,B,SUP0009,Day,972,114731.9,0.0694,10.73,2.72,1011.3,32.5,19292.83,72.1,0,Watch
B003606,2025-12-09,PLT08,A,SUP0034,Night,794,71638.64,0.1133,10.81,4.03,639.7,19.3,15001.0,64.1,0,High
B003978,2025-07-20,PLT05,B,SUP0083,Day,1064,122372.43,0.0672,11.07,9.45,1003.0,29.7,31241.69,69.7,0,Critical
B003782,2025-05-02,PLT07,B,SUP0033,Day,1492,161947.79,0.0934,9.71,3.84,1489.8,,16945.95,78.4,0,Normal
B004686,2025-08-01,PLT02,C,SUP0168,Day,1837,274074.48,0.0548,6.24,2.79,2407.9,30.8,30989.17,85.3,0,Normal
B004833,2025-12-08,PLT04,C,SUP0046,Night,806,111124.95,0.1315,16.99,5.62,1220.6,20.3,23257.19,66.6,0,High
B004070,2025-05-11,PLT09,B,SUP0080,Day,730,94407.16,0.1122,5.34,2.26,700.7,26.4,10815.05,60.8,0,Normal
B001767,2025-06-07,PLT10,A,SUP0165 ,Day,1684,144614.04,0.0656,17.88,12.43,1231.8,24.0,30264.36,64.3,0,High
B004519,2025-02-10,PLT05,B,SUP0019,Night,3426,384846.48,0.0876,9.21,3.45,2777.3,42.4,53649.48,71.1,0,Normal
B002454,2025-05-30,PLT06,C,SUP0107 ,Day,1819,240058.94,0.0669,2.32,3.98,1925.2,16.1,36442.12,79.6,0,Normal
B003340,2025-05-07,PLT10,A,SUP0045,Day,1373,119193.21,0.0508,2.48,1.67,1021.3,,13674.08,80.2,0,Normal
B003890,2025-06-02,PLT04,D,SUP0101,Night,809,141310.59,0.1333,1.1,0.42,1207.4,21.3,24646.44,72.0,0,Watch
B004096,2025-06-21,PLT06,B,SUP0117,Day,1188,116447.63,0.083,3.94,3.24,1134.0,36.1,12233.06,71.6,0,Normal
B004725,2025-08-03,PLT05,D,SUP0087,Day,857,152596.96,0.0663,4.76,1.39,1092.5,22.5,22643.09,80.9,0,Normal
B003753,2025-06-18,PLT03,B,SUP0101,Day,1208,141930.38,0.1089,1.98,8.3,1271.1,26.0,31288.76,64.0,0,High
B001272,2025-12-27,PLT06,B,SUP0016,Night,1468,146241.01,0.0975,2.37,3.79,1448.8,,27557.99,71.6,0,Watch
B004570,2025-04-04,PLT04,B,SUP0086,Day,951,101627.11,0.0911,6.49,3.49,905.1,13.3,16454.87,76.8,0,Normal
B004547,2025-03-18,PLT05,A,SUP0040,Night,1616,139982.1,0.0697,6.27,4.31,1459.1,40.3,30034.57,80.1,0,High
B003791,2025-11-01,PLT07,A,SUP0130,Night,2075,169925.35,0.0943,8.88,0.8,1358.6,27.0,28915.06,71.5,0,Watch
B004185,2025-06-16,PLT04,C,SUP0014,Day,787,110903.74,0.0517,0.37,5.04,871.2,29.1,11922.19,89.6,0,Normal
B000348,2025-10-14,PLT01,D,SUP0145,Night,3318,565693.27,0.1163,4.96,5.83,5030.4,29.6,146528.25,70.7,0,Critical
B003958,2025-03-08,PLT03,D,SUP0073 ,Night,2017,357740.06,0.0672,4.14,2.94,2380.0,24.0,57541.93,75.8,0,Watch
B004671,2025-06-06,PLT02,A,SUP0063,Night,884,78478.61,0.1013,4.56,8.6,678.7,30.6,14558.64,68.4,0,Watch
B002563,2025-06-03,PLT04,A,SUP0162,Night,998,84619.93,0.0687,5.38,3.21,741.4,,9669.93,79.6,0,Normal
B004636,2025-05-10,PLT09,B,SUP0081,Day,1391,180490.58,0.0799,2.07,0.92,1329.6,20.9,16611.03,90.5,0,Normal
B001424,2025-10-20,PLT09,A,SUP0106,Day,1903,189882.23,0.0966,0.96,4.14,1485.0,23.1,20775.23,69.0,0,Normal
B000657,2025-09-28,PLT10,A,SUP0112,Night,1002,87069.79,0.0432,4.93,1.2,794.8,24.9,10035.5,78.3,0,Normal
B002103,2025-01-05,PLT05,B,SUP0177,Night,1351,153857.16,0.088,9.34,1.78,1344.2,20.9,18087.78,70.9,0,Normal
B000633,2025-09-22,PLT07,A,SUP0059,Day,1535,127248.83,0.0859,3.1,0.57,909.5,23.0,8165.43,78.6,0,Normal
B002952,2025-04-04,PLT08,C,SUP0170,Night,862,130181.4,0.1192,4.47,1.76,1033.5,,14134.48,76.7,0,Normal
B002494,2025-11-16,PLT01,B,SUP0013,Night,2957,326313.51,0.0794,1.49,,,26.7,27829.03,70.3,0,Normal
B002666,2025-06-12,PLT03,B,SUP0054,Day,924,107286.98,0.1281,5.69,2.44,893.6,30.3,9427.05,68.9,0,Normal
B004128,2025-03-02,PLT08,C,SUP0072,Day,2364,369333.82,0.1061,4.41,6.08,3126.4,33.3,84138.43,75.6,0,High
B004305,2025-11-02,PLT04,D,SUP0073,Night,887,154146.08,0.0744,3.96,4.87,1164.2,25.1,21278.62,68.2,0,Normal
B004624,2025-11-06,PLT02,B,SUP0061,Day,606,66781.69,0.0684,2.56,1.3,516.1,30.1,3589.48,82.5,0,Normal
B003160,2025-08-19,PLT07,C,SUP0061,Day,1041,139292.02,0.0373,4.18,2.04,1269.6,35.2,10994.21,87.4,0,Normal
B003668,2025-07-07,PLT08,A,SUP0143,Night,1262,115705.7,0.1057,5.51,5.42,904.8,25.3,16868.53,85.0,0,Normal
B002501,2025-11-16,PLT02,B,SUP0053,Day,1499,170159.44,0.0875,3.06,2.2,1727.9,27.0,22457.46,79.3,0,Normal
B001466,2025-10-18,PLT07,A,SUP0150,Day,1461,121728.51,0.0952,6.61,1.91,1059.0,37.3,7852.1,66.8,0,Normal
B003152,2025-06-10,PLT10,C,SUP0061,Day,1616,235966.4,0.0588,6.27,6.44,2297.7,35.0,36122.71,83.2,0,Normal
B000116,2025-10-22,PLT04,C,SUP0030 ,Night,1269,180696.15,0.0636,7.74,7.58,1549.0,31.1,41350.35,81.5,0,High
B001822,2025-02-09,PLT03,D,SUP0141,Day,2121,390218.57,0.0806,6.06,0.28,2737.9,35.8,31735.38,67.5,0,Normal
B001495,2025-01-25,PLT04,B,SUP0056,Day,1368,153366.01,0.0313,5.66,5.22,1413.2,24.4,10978.28,81.3,0,Normal
B002402,2025-04-16,PLT10,B,SUP0037,Day,708,83363.8,0.0801,3.01,2.3,666.4,24.7,8207.97,83.4,0,Normal
B001233,2025-12-28,PLT08,A,SUP0121,Night,1240,111340.33,0.0955,1.51,3.94,944.7,25.3,18549.12,69.0,0,Watch
B002662,2025-06-24,PLT08,B,SUP0173,Night,1429,172816.33,0.0601,5.22,9.55,1396.1,25.8,26418.99,73.1,0,Normal
B002818,2025-08-11,PLT02,A,SUP0124,Day,1036,90040.73,0.095,,6.86,917.2,31.8,16138.36,67.8,0,Watch
B003439,2025-11-10,PLT01,C,SUP0011,Night,1987,293650.16,0.0906,15.19,1.65,1942.2,14.7,47405.55,72.4,0,Normal
B004619,2025-06-18,PLT05,D,SUP0121,Day,1696,295450.65,0.0986,2.37,5.34,2129.7,29.5,61324.99,77.0,0,High
B001154,2025-01-28,PLT02,C,SUP0145,Day,1780,258580.12,0.1116,3.2,4.96,2151.1,,38236.73,71.9,0,Normal
B004817,2025-07-09,PLT08,A,SUP0152,Night,689,64492.79,0.1054,5.98,5.21,520.8,29.7,12211.51,63.5,0,Watch
B000058,2025-06-21,PLT10,A,SUP0062,Day,895,75305.7,0.0632,1.94,6.34,739.9,29.7,12980.29,72.5,0,Watch
B003464,2025-01-15,PLT03,A,SUP0010,Night,1016,91276.69,0.0534,3.58,1.3,751.4,28.1,7294.84,79.3,0,Normal
B004333,2025-02-26,PLT06,C,SUP0029,Day,1038,138358.8,0.0993,2.88,5.13,1597.2,,24174.57,75.7,0,Watch
B004996,2025-03-31,PLT10,A,SUP0100,Day,1777,153959.45,0.094,8.13,6.32,1524.7,35.9,27734.39,76.0,0,Watch
B001736,2025-02-08,PLT05,C,SUP0147 ,Night,1477,208662.41,0.1048,2.14,2.23,2169.7,29.6,27838.75,79.4,0,Normal
B002824,2025-03-29,PLT02,B,SUP0147,Night,1747,200936.66,0.1085,1.35,4.73,1553.2,27.7,40321.22,70.3,0,Watch
B002197,2025-05-15,PLT10,A,SUP0050,Night,1196,101882.05,0.0768,4.41,4.89,955.3,18.8,17865.96,76.9,0,Watch
B003624,2025-10-14,PLT03,A,sup0117,Night,1099,95703.12,0.0788,2.24,6.12,825.3,28.9,15987.13,79.2,0,Watch
B002476,2025-04-22,PLT04,A,SUP0124,Day,1726,148169.62,0.0963,11.07,3.0,1321.4,32.7,29663.65,65.7,0,Watch
B002565,2025-07-07,PLT03,C,SUP0061,Day,1023,149777.01,0.0877,18.95,2.47,1231.5,23.6,24407.12,74.7,0,Watch
B003765,2025-10-22,PLT10,D,sup0144,Day,2001,349707.85,0.0917,4.65,6.63,2525.5,28.2,47088.24,77.0,0,Normal
B002609,2025-10-04,PLT08,A,SUP0043,Night,871,79694.92,0.0776,0.52,0.58,570.6,17.9,12027.5,81.6,0,Normal
B003729,2025-10-12,PLT06,C,SUP0107,Day,2209,283434.55,0.0718,1.54,4.13,2715.5,23.7,24565.37,78.8,0,Normal
B000708,2025-03-21,PLT05,B,SUP0045,Night,1739,197236.58,0.094,12.27,9.66,1635.0,19.0,51387.72,66.4,0,Critical
B004325,2025-01-22,PLT06,B,SUP0117,Day,855,86979.87,0.0494,4.84,2.8,852.0,41.9,11527.36,87.6,0,Normal
B001094,2025-09-06,PLT07,B,SUP0026,Day,2368,258597.84,0.0941,2.54,4.81,1979.9,22.6,42458.94,72.6,1,Watch
B003633,2025-04-16,PLT04,C,SUP0107,Day,973,134507.28,0.1082,2.94,5.69,1533.7,20.8,17188.53,76.1,0,Normal
B001377,2025-03-08,PLT03,A,SUP0089,Night,1822,164019.88,0.1255,13.9,1.0,1395.1,24.7,23071.12,69.3,0,Normal
B004964,2025-05-22,PLT09,D,SUP0115,Day,1348,269386.35,0.0936,3.22,0.98,1569.5,26.6,42568.31,82.6,0,Normal
B000073,2025-06-25,PLT01,A,SUP0006,Night,1140,102201.26,0.0874,2.28,4.65,868.6,31.1,23185.05,80.9,0,High
B001923,2025-05-01,PLT03,C,SUP0011,Night,875,131635.33,0.1028,3.76,1.81,1088.1,23.2,15956.95,79.5,0,Normal
B003239,2025-08-07,PLT07,C,SUP0180,Night,1076,151029.18,0.0769,11.45,11.15,1634.3,25.3,39700.43,77.7,0,Critical
B001765,2025-07-04,PLT10,D,SUP0165,Night,1461,255662.01,0.0481,4.78,4.36,2124.2,36.4,28615.1,80.5,1,Normal
B000744,2025-10-19,PLT06,B,SUP0090,Day,1322,134607.96,0.0931,8.43,5.38,1379.8,26.1,26160.01,71.0,0,Watch
B002938,2025-01-30,PLT04,B,SUP0033,Day,2388,261545.0,0.1083,1.29,0.53,1785.1,29.3,22364.68,71.1,0,Normal
B001006,2025-08-14,PLT02,C,SUP0140,Night,1679,248563.67,0.087,9.58,4.91,1952.8,21.2,23582.23,64.0,0,Normal
B002669,2025-04-02,PLT03,C,SUP0179,Night,1260,186948.07,0.0853,5.55,1.9,1591.0,25.7,17706.67,68.8,0,Normal
B001191,2025-07-13,PLT05,C,SUP0030,Night,982,147179.11,0.0588,2.55,1.36,929.7,28.0,15547.26,77.8,0,Normal
B004875,2025-02-02,PLT06,A,SUP0041,Day,1568,120041.75,0.0926,2.08,5.22,1240.9,29.9,16530.75,84.8,0,Normal
B002602,2025-07-25,PLT06,A,SUP0130,Day,1154,89069.21,0.0864,9.36,8.95,943.6,23.5,17728.79,64.0,0,Watch
B001126,2025-09-19,PLT01,B,SUP0091,Day,1046,115179.94,0.1372,3.36,4.78,1353.7,26.6,28782.44,73.4,0,Critical
B001242,2025-02-24,PLT03,B,SUP0079,Night,1601,185979.07,0.0674,0.61,1.84,1533.8,34.6,21708.74,69.9,0,Normal
B002909,2025-01-18,PLT04,A,SUP0058,Night,859,75345.03,0.1046,3.6,7.2,724.1,28.7,17057.99,76.1,0,High
B004173,2025-04-27,PLT09,C,SUP0130,Night,1720,283091.88,0.0884,2.35,4.99,2132.6,24.4,43080.87,73.8,0,Normal
B004877,2025-10-14,PLT05,C,SUP0014,Day,1946,281560.45,0.0463,7.38,3.66,2566.5,35.0,39918.7,80.7,0,Normal
B000999,2025-04-16,PLT08,C,SUP0179,Day,1837,276362.89,0.0856,9.29,16.16,2287.3,35.0,75935.15,75.1,0,Critical
B003455,2025-10-14,PLT03,B,SUP0015,Day,1123,128972.9,0.1132,2.24,3.74,992.7,30.2,17233.56,73.1,0,Normal
B002685,2025-02-16,PLT06,D,SUP0053,Day,1524,239438.32,0.0763,7.43,3.71,2511.6,33.4,33335.1,83.5,0,Normal
B001578,2025-11-23,PLT05,B,SUP0079,Day,2233,250707.53,0.126,1.48,11.66,2169.9,25.2,67794.2,72.8,0,Critical
B004840,2025-07-24,PLT04,D,SUP0049,Night,740,126731.66,0.0946,3.46,2.39,943.7,29.1,8798.04,79.8,0,Normal
B001827,2025-07-21,PLT07,A,SUP0023,Night,1539,128078.52,0.0833,2.61,6.34,1161.9,41.5,23950.07,66.3,0,Watch
B003921,2025-05-08,PLT10,A,SUP0027,Night,1120,97709.6,0.0631,21.61,8.81,865.8,22.8,23886.7,74.8,0,Critical
B000234,2025-02-02,PLT07,A,SUP0105,Day,886,73391.94,0.079,4.03,1.13,619.8,23.6,7637.65,66.5,0,Normal
B003607,2025-07-15,PLT04,C,SUP0002,Night,804,109269.49,0.1063,13.08,4.72,1073.8,31.1,15844.61,68.5,0,Normal
B000441,2025-01-25,PLT06,B,SUP0134,Night,988,102581.33,0.0688,2.2,,741.7,33.2,8585.68,89.9,0,Normal
B000001,2025-08-07,PLT08,D,SUP0087,Day,2195,401302.92,0.0944,8.16,3.8,3059.7,28.1,55014.4,77.8,0,Normal
B001101,2025-11-27,PLT09,A,SUP0069,Night,1195,118361.94,0.1413,1.5,10.06,971.0,12.0,34656.34,66.2,1,Critical
B004090,2025-10-25,PLT10,D,SUP0104,Night,1703,289724.89,0.1125,13.39,2.11,2565.3,21.4,41540.83,70.6,0,Normal
B003122,2025-07-27,PLT04,D,SUP0022,Night,1896,321140.26,0.0705,6.53,1.98,2537.3,24.8,53758.81,86.3,1,Normal
B000650,2025-05-22,PLT01,C,SUP0030,Night,2912,418770.56,0.1058,3.85,0.35,3228.3,33.9,55799.01,69.4,0,Normal
B001547,2025-09-13,PLT05,B,SUP0001,Night,818,92839.31,0.0635,3.29,1.72,740.7,34.3,10954.02,88.4,1,Normal
B003807,2025-05-31,PLT07,A,SUP0124,Night,1688,143918.94,0.0872,10.08,11.43,1320.6,28.7,44324.89,72.9,0,Critical
B003631,2025-09-19,PLT10,B,SUP0104,Night,1477,164498.94,0.0846,6.55,0.67,1647.6,25.2,19460.39,68.3,0,Normal
B004190,2025-11-20,PLT07,C,SUP0140,Night,1324,185936.57,0.0925,4.07,7.69,1811.5,36.1,29422.5,72.0,0,Normal
B004652,2025-02-17,PLT05,A,SUP0152,Night,2450,212766.01,0.0964,20.17,4.13,1449.2,24.7,34835.17,58.1,0,Normal
B003815,2025-12-25,PLT07,D,SUP0132,Day,1567,269630.64,0.0997,19.44,1.43,2192.2,27.1,50807.58,64.1,0,Watch
B000631,2025-09-19,PLT08,B,SUP0086,Day,1886,219671.14,0.1349,2.92,4.34,2074.9,22.5,39402.88,79.2,0,Watch
B000673,2025-10-10,PLT04,A,SUP0003,Day,1392,117679.73,0.1125,5.32,6.46,1084.6,25.7,23548.3,61.9,0,Watch
B001250,2025-06-11,PLT07,B,SUP0129,Day,1229,134540.6,0.0747,1.29,1.04,1193.4,22.4,10393.74,66.6,0,Normal
B000483,2025-02-01,PLT03,C,SUP0149,Night,1222,183010.99,0.0858,1.44,2.15,1338.6,34.4,25805.78,73.3,0,Normal
B001585,2025-05-06,PLT02,C,SUP0106,Night,1947,285213.99,0.1029,0.65,4.3,2145.1,21.3,47131.65,65.3,0,Normal
B003138,2025-02-23,PLT02,B,SUP0090,Day,2536,292657.5,0.0838,4.14,2.9,2237.4,25.2,29084.91,76.2,0,Normal
B004675,2025-12-08,PLT09,B,SUP0011,Night,870,113116.09,0.0861,5.1,2.97,766.0,22.4,21328.63,74.2,0,Watch
B003101,2025-01-22,PLT09,C,SUP0013,Night,1567,253890.16,0.0665,6.33,1.38,,25.6,21657.44,78.1,0,Normal
B001463,2025-03-01,PLT01,A,SUP0038,Night,1162,99175.71,0.0806,0.93,2.65,909.8,32.7,9661.73,89.4,0,Normal
B004007,2025-03-30,PLT10,C,SUP0078,Night,1871,277315.76,0.0972,22.22,3.65,2709.0,27.6,58961.83,61.9,0,High
B003695,2025-06-07,PLT06,C,SUP0077,Day,1791,239402.11,0.085,9.86,7.48,1871.1,28.2,51947.91,76.2,0,High
B000876,2025-02-25,PLT04,B,SUP0016,Day,1151,123700.05,0.133,2.25,0.96,994.7,17.4,20487.66,75.7,0,Normal
B002579,2025-03-04,PLT02,B,SUP0097,Night,932,106461.67,0.0753,3.55,6.47,764.9,23.2,16738.46,79.7,0,Normal
B004035,2025-01-04,PLT06,D,SUP0135,Night,2642,404136.53,0.0731,6.89,2.34,4179.2,33.2,58718.81,79.8,0,Normal
B000050,2025-08-22,PLT03,C,SUP0083,Day,932,137588.96,0.1057,4.52,11.02,1157.8,22.1,30715.72,80.5,0,High
B004334,2025-11-11,PLT08,D,SUP0025,Day,1215,223131.13,0.0977,1.67,6.15,1901.6,30.9,55998.5,72.2,0,Critical
B003120,2025-08-23,PLT05,B,SUP0148,Day,1133,128435.67,0.0872,5.82,1.71,1101.0,18.6,14710.39,76.1,0,Normal
B000859,2025-03-08,PLT03,C,SUP0049,Night,874,126344.0,0.1069,19.74,4.78,1192.4,14.7,30935.44,76.0,0,Critical
B001073,2025-11-25,PLT04,D,SUP0020,Night,1185,201504.31,0.1124,6.15,2.1,1638.6,23.9,20811.2,74.0,0,Normal
B000720,2025-12-14,PLT08,B,SUP0173,Night,1223,146530.48,0.1003,16.03,3.04,1177.2,20.4,18996.12,70.8,0,Normal
B004791,2025-11-02,PLT10,C,SUP0168,Day,1506,217334.28,0.0936,4.9,5.6,1878.3,28.4,23275.72,76.5,0,Normal
B002632,2025-05-04,PLT10,A,SUP0050,Day,1877,165269.38,0.0953,3.26,13.81,1649.0,28.6,41473.26,81.7,0,Critical
B004924,2025-12-26,PLT02,B,SUP0096,Day,2015,228561.99,0.0511,1.41,2.82,1613.4,26.4,15853.54,80.0,0,Normal
B001661,2025-02-21,PLT01,B,SUP0152,Day,1235,139376.39,0.1063,7.12,5.98,1060.9,33.9,26984.95,62.3,0,Watch
B001657,2025-06-27,PLT08,A,SUP0090,Day,1443,136379.37,0.123,7.89,2.46,1113.8,29.4,23089.63,72.2,0,Watch
B002426,2025-11-24,PLT07,C,SUP0164,Day,1797,245220.62,0.0927,7.31,3.01,1979.0,20.5,25070.08,71.9,0,Normal
B003997,2025-01-15,PLT10,C,SUP0077,Day,954,134920.63,0.084,9.91,6.93,1271.2,22.5,19390.39,69.4,0,Normal
B004273,2025-10-18,PLT01,D,sup0070,Day,618,106242.34,0.043,7.31,5.01,964.6,,12693.59,86.0,0,Normal
B004505,2025-09-27,PLT04,C,SUP0098,Day,1290,179102.85,0.059,6.7,3.51,1490.4,32.4,25923.21,84.3,0,Normal
B003376,2025-06-18,PLT08,C,SUP0065,Night,783,118695.12,0.062,5.14,4.36,937.2,31.3,24062.14,81.2,0,High
B004522,2025-04-04,PLT03,C,SUP0061,Day,1104,158496.72,0.0533,6.86,12.06,1384.8,30.2,38620.14,83.5,0,High
B003372,2025-02-02,PLT04,C,SUP0049,Day,963,131830.54,0.0888,4.31,1.28,1221.2,30.2,19803.45,78.6,0,Normal
B004801,2025-07-29,PLT09,D,SUP0166,Day,1496,293960.93,0.0418,7.5,4.55,2091.2,26.7,45174.01,92.3,0,Normal
B004169,2025-06-24,PLT02,B,SUP0177,Day,1011,118083.94,0.0744,1.46,2.38,1037.7,27.8,6747.01,75.2,0,Normal
B002607,2025-11-05,PLT06,A,SUP0051,Day,1549,120063.22,0.0977,13.78,2.83,1194.5,29.6,18230.45,81.4,0,Normal
B001386,2025-09-17,PLT04,C,SUP0109,Night,984,139633.31,0.101,0.8,4.1,1105.7,27.1,25102.59,80.2,0,Watch
B003910,2025-06-29,PLT09,B,SUP0111,Night,1656,219624.79,0.0591,2.66,3.7,1540.7,26.0,20777.91,82.5,0,Normal
B001400,2025-10-06,PLT05,C,SUP0074,Day,2474,361184.57,0.1226,3.03,0.8,3148.9,28.9,37258.9,65.5,0,Normal
B001196,2025-08-03,PLT07,B,SUP0120,Night,1203,132188.29,0.1098,1.62,3.74,1076.0,32.6,21296.73,78.7,0,Normal
B001409,2025-02-28,PLT06,B,SUP0062,Day,1540,153968.95,0.0742,19.46,1.97,1653.9,28.2,23046.28,74.4,0,Normal
B003899,2025-07-23,PLT01,C,SUP0043,Day,1232,176535.04,0.0934,14.26,2.57,1611.2,25.1,31039.43,68.5,0,Watch
B001799,2025-01-13,PLT07,B,SUP0143,Day,1247,137065.41,0.0701,12.41,2.5,1172.6,24.6,20141.16,67.2,0,Normal
B001476,2025-07-08,PLT07,A,SUP0050,Day,1560,132848.12,0.1136,6.66,3.96,1081.1,33.3,22160.26,70.2,0,Watch
B003283,2025-03-17,PLT05,B,SUP0158,Day,733,84286.12,0.1286,8.9,4.62,681.4,32.6,24601.72,65.7,0,Critical
B000036,2025-11-07,PLT01,C,SUP0004,Night,879,126688.02,0.1246,1.18,3.51,997.4,,26485.62,68.2,0,High
B003612,2025-01-25,PLT09,C,SUP0071,Day,848,142588.13,0.0679,23.23,2.46,1207.8,24.6,18891.57,70.5,0,Normal
B002346,2025-04-17,PLT05,B,SUP0158,Night,1133,130782.16,0.1357,9.52,1.03,1000.2,24.5,19503.88,61.3,0,Normal
B004931,2025-09-29,PLT08,C,SUP0030,Day,1259,192633.77,0.0829,3.73,1.81,1472.3,23.6,15175.37,78.3,0,Normal
B002360,2025-04-25,PLT06,C,SUP0076,Day,905,116244.27,0.1356,4.8,13.12,1486.4,27.0,29056.43,64.8,0,Critical
B002207,2025-03-14,PLT05,A,SUP0022,Night,903,80878.34,0.0567,2.0,4.18,639.0,20.1,8169.83,76.9,0,Normal
B004945,2025-07-20,PLT06,B,SUP0165,Night,1193,120378.11,0.0642,2.79,7.33,1256.6,34.3,23980.77,87.6,0,Watch
B001287,2025-08-04,PLT09,C,SUP0056,Night,1948,324612.96,0.0524,6.7,4.2,1894.1,28.7,56051.69,85.5,0,Watch
B000350,2025-08-19,PLT04,B,SUP0173,Night,1633,179405.66,0.081,4.12,2.77,1495.2,34.3,22763.31,70.0,0,Normal
B002138,2025-01-22,PLT01,C,SUP0007,Day,1667,242963.73,0.0759,3.9,4.2,1854.4,28.4,29480.9,83.6,0,Normal
B002692,2025-06-10,PLT07,B,SUP0053,Day,651,69992.44,0.0662,3.7,1.07,604.7,24.7,7611.01,69.7,0,Normal
B003041,2025-08-23,PLT05,C,SUP0111,Night,1176,168666.49,0.0677,4.95,11.17,,33.1,41594.19,75.5,0,Critical
B003190,2025-04-07,PLT06,A,SUP0051,Day,978,74311.89,0.0682,9.59,3.84,738.7,20.3,12754.83,75.9,0,Watch
B001682,2025-05-14,PLT09,C,SUP0072,Day,899,153709.59,0.1236,6.72,2.77,1085.5,25.9,17695.75,72.2,0,Normal
B004100,2025-01-29,PLT04,B,SUP0080,Day,1103,124103.25,0.0913,7.21,3.25,996.1,19.1,21514.64,78.2,0,Watch
B001444,2025-03-19,PLT05,B,SUP0180,Day,1116,124344.44,0.0811,0.32,2.72,942.9,29.3,15936.73,81.5,0,Normal
B003310,2025-06-24,PLT04,D,SUP0053,Day,1419,237069.26,0.087,2.22,3.44,2134.5,31.0,41402.77,70.0,0,Watch
B001672,2025-04-17,PLT03,D,SUP0101,Night,1655,298547.31,0.072,7.97,1.63,2045.7,33.0,37825.56,78.0,0,Normal
B003014,2025-10-13,PLT09,A,SUP0106,Night,1360,137421.13,0.1003,2.32,3.87,1233.7,26.3,24753.06,59.1,0,Watch
B001180,2025-02-23,PLT05,D,SUP0077 ,Day,1469,251940.82,0.1303,10.26,4.52,2437.3,26.2,57748.27,61.6,0,High
B002799,2025-10-10,PLT04,B,SUP0152,Day,1629,180012.03,0.0971,6.05,6.13,1720.3,25.5,28675.72,74.8,0,Normal
B001693,2025-06-26,PLT06,A,SUP0047,Day,1707,133274.2,0.0827,6.18,1.32,1146.7,23.6,19747.14,67.5,0,Normal
B003951,2025-04-08,PLT02,C,SUP0078,Day,1047,153500.0,0.1057,3.13,4.17,,29.0,22311.83,80.7,0,Normal
B000373,2025-11-03,PLT07,D,SUP0177,Day,2077,342015.06,0.119,13.21,2.94,3316.7,28.9,41713.27,55.7,0,Normal
B003684,2025-03-23,PLT05,D,SUP0021,Day,1640,297245.09,0.1013,6.08,0.66,2201.3,26.0,33864.34,65.3,0,Normal
B001917,2025-05-10,PLT04,A,SUP0103,Day,1207,102055.32,0.0841,1.95,0.42,930.0,32.6,9365.81,76.5,0,Normal
B001358,2025-09-24,PLT05,A,SUP0082,Night,1070,92991.47,0.1168,11.0,1.9,831.9,28.1,14934.09,74.0,0,Normal
B001826,2025-09-29,PLT03,C,SUP0106,Night,720,107291.38,0.0719,1.28,2.47,1009.5,,12284.17,77.7,0,Normal
B000787,2025-04-03,PLT05,B,SUP0042,Night,1178,134030.78,0.0915,2.91,0.52,1146.9,27.8,14936.66,76.8,0,Normal
B000470,2025-09-11,PLT05,B,SUP0067,Day,2004,225355.19,0.088,3.38,2.41,1769.2,25.4,34735.94,70.1,0,Normal
B000141,2025-04-15,PLT05,A,SUP0176,Day,1316,116091.34,0.1046,5.06,0.64,1001.2,26.8,9298.04,75.2,0,Normal
B000789,2025-08-28,PLT09,C,SUP0113,Night,1929,320781.93,0.0996,15.3,1.96,2229.6,28.9,62051.23,65.4,0,High
B000324,2025-12-11,PLT02,D,sup0091,Night,1483,256256.33,0.1205,3.45,3.03,1987.1,22.1,55918.85,75.0,0,High
B000051,2025-11-08,PLT07,A,SUP0082,Day,1639,139709.62,0.1348,2.83,11.34,1337.8,26.7,30985.75,63.7,0,High
B000715,2025-05-29,PLT10,C,SUP0170,Day,1456,205418.27,0.1051,4.77,1.37,1690.2,29.8,31527.36,77.2,0,Normal
B004534,2025-05-03,PLT08,C,SUP0101,Night,869,132595.02,0.1032,5.26,6.82,1172.5,24.6,27237.07,62.3,0,High
B002841,2025-02-18,PLT08,A,SUP0088 ,Day,1583,144980.91,0.1014,1.72,2.25,1157.5,26.3,20029.78,77.6,0,Normal
B002447,2025-03-02,PLT07,A,SUP0011,Day,1550,127523.85,0.0936,1.05,3.41,938.3,17.2,15591.88,79.3,0,Normal
B004863,2025-08-24,PLT02,A,SUP0010,Day,1176,106238.01,0.0674,4.6,2.71,967.0,35.2,6464.49,70.2,0,Normal
B004464,2025-08-03,PLT02,C,SUP0073,Day,1862,272855.07,0.0988,2.96,9.08,2062.5,22.2,56520.9,78.6,0,High
B004642,2025-06-17,PLT06,B,SUP0082,Day,609,60907.0,0.1081,9.82,4.16,535.6,39.9,7850.64,74.1,0,Normal
B003077,2025-08-31,PLT09,D,SUP0066 ,Day,1707,341073.41,0.0957,4.64,6.9,2622.5,31.3,40677.94,75.1,1,Normal
B002667,2025-03-09,PLT06,C,SUP0109,Day,1700,215432.55,0.1032,2.56,6.14,,28.2,43083.0,71.4,0,High
B000407,2025-11-01,PLT04,A,SUP0176,Day,1075,91790.91,0.0849,3.78,5.86,933.0,23.8,16579.77,76.5,0,Watch
B003428,2025-02-17,PLT09,C,SUP0157,Day,1661,281241.74,0.0706,5.24,1.01,1898.4,19.3,16602.82,83.4,0,Normal
B001005,2025-06-24,PLT03,C,SUP0143,Day,747,110864.04,0.0387,6.47,1.58,974.7,24.9,14987.33,81.2,0,Normal
B003067,2025-11-30,PLT04,A,SUP0071,Night,993,84534.98,0.0986,1.02,2.04,677.3,30.9,8752.02,76.6,0,Normal
B000891,2025-05-24,PLT01,C,SUP0126,Day,1456,207636.26,0.0986,3.21,1.13,1842.5,39.6,21824.96,81.8,0,Normal
B002412,2025-06-04,PLT01,B,SUP0049,Night,1018,112564.36,0.076,1.63,0.73,1019.7,27.9,15576.94,67.1,0,Normal
B002546,2025-06-24,PLT08,A,SUP0045,Day,2023,182629.62,0.0994,3.8,2.67,1457.3,24.8,23824.08,69.1,0,Normal
B003505,2025-06-30,PLT06,A,SUP0168,Day,1758,135493.88,0.0795,0.47,0.7,1356.9,26.0,16461.2,81.1,0,Normal
B002391,2025-08-15,PLT08,A,SUP0030,Day,823,76126.25,0.0823,4.06,5.63,651.1,35.2,10931.82,70.1,0,Normal
B004018,2025-11-11,PLT10,A,SUP0095,Night,2391,206622.66,0.0918,1.82,5.04,1889.4,29.2,34012.9,58.1,0,Watch
B000043,2025-02-03,PLT06,A,SUP0102 ,Day,1250,97208.34,0.0773,0.74,3.4,962.5,27.2,10200.08,72.0,0,Normal
B002831,2025-04-27,PLT01,D,SUP0021,Day,1059,183009.57,0.058,2.73,4.59,1790.2,28.7,24396.72,90.2,0,Normal
B004884,2025-09-10,PLT03,B,SUP0019,Day,1778,201854.84,0.0833,8.36,6.15,1373.7,19.4,39726.07,76.4,0,High
B000304,2025-09-10,PLT01,C,SUP0159,Night,2149,307442.39,0.1106,11.99,2.46,2399.9,41.3,50087.13,59.7,0,Normal
B004559,2025-11-03,PLT08,A,SUP0176,Night,1138,106420.45,0.0863,10.83,2.6,713.4,17.0,16959.89,74.9,0,Normal
B003821,2025-07-30,PLT08,C,SUP0007,Day,1830,280527.43,0.0808,6.04,7.02,2384.1,30.0,42116.24,75.6,0,Normal
B000665,2025-02-26,PLT10,A,SUP0082,Night,1860,163349.8,0.1025,3.23,3.84,1420.9,26.3,20356.88,75.2,0,Normal
B001178,2025-09-18,PLT08,C,SUP0142,Night,881,135540.21,0.0612,9.57,3.05,1032.9,34.7,16734.1,71.4,0,Normal
B002677,2025-08-31,PLT10,C,SUP0069,Day,1617,232052.7,0.1058,2.34,6.0,2110.1,32.4,44828.76,73.8,0,High
B001948,2025-10-12,PLT05,A,SUP0137,Day,2216,191201.52,0.1291,4.26,1.84,1710.9,31.7,20002.97,64.7,0,Normal
B002502,2025-03-13,PLT08,A,SUP0162,Day,1729,159229.11,0.0634,4.46,3.87,1595.5,30.2,21865.1,76.9,0,Normal
B001474,2025-01-08,PLT10,A,SUP0128,Day,1349,117290.68,0.1302,0.73,2.37,852.4,32.7,14135.11,64.2,0,Normal
B003554,2025-01-07,PLT06,D,SUP0032,Night,1333,206235.43,0.0547,3.59,3.25,1708.9,,24806.71,76.5,0,Normal
B003786,2025-04-29,PLT07,C,SUP0014,Day,941,130684.02,0.0441,17.84,1.17,1014.7,,5314.88,74.0,0,Normal
B002133,2025-12-10,PLT02,C,SUP0136,Night,1617,236564.06,0.081,4.69,10.11,2261.1,29.9,49338.32,67.4,0,High
B001027,2025-08-08,PLT02,C,SUP0047,Day,2322,341527.13,0.0891,5.65,1.23,2444.4,21.4,39474.75,75.4,0,Normal
B002990,2025-06-18,PLT05,A,SUP0084,Day,1773,152714.32,0.1188,4.39,2.63,1158.1,27.8,20913.72,62.2,0,Normal
B000962,2025-04-07,PLT08,A,SUP0030,Day,1320,118598.4,0.0871,4.2,12.39,1047.2,27.3,282279.76,72.5,0,Normal
B002890,2025-10-19,PLT05,A,SUP0066,Day,1280,111184.5,0.0952,5.46,1.63,1151.1,36.1,11273.04,79.5,0,Normal
B003276,2025-10-19,PLT09,C,SUP0169,Day,1065,173519.84,0.0758,1.21,1.32,1130.6,19.1,26611.55,71.1,0,Normal
B002010,2025-01-25,PLT05,D,SUP0022,Night,678,119377.03,0.0815,3.43,3.87,1088.6,25.1,27708.26,72.1,0,High
B002150,2025-03-19,PLT09,A,SUP0132,Day,1619,165441.58,0.189,0.49,1.79,1410.8,33.5,21928.88,49.0,0,Normal
B004680,2025-03-12,PLT08,D,SUP0123,Day,1869,346734.58,0.0657,3.86,1.69,2495.8,37.2,55348.26,86.1,0,Normal
B002339,2025-08-17,PLT08,C,SUP0145,Day,1298,193837.93,0.0944,0.89,4.94,1503.3,27.0,35274.46,69.4,1,Watch
B003966,2025-07-08,PLT10,A,SUP0150,Night,865,73500.91,0.0603,2.71,1.92,563.7,15.1,9952.55,81.2,0,Normal
B000305,2025-08-07,PLT09,A,SUP0038,Day,1825,180990.83,0.1166,3.54,7.83,1304.4,32.5,44451.6,69.7,0,Critical
B001441,2025-09-22,PLT04,A,SUP0067,Day,1480,126398.84,0.0846,0.95,1.99,1018.8,27.8,9606.98,78.4,0,Normal
B001497,2025-12-24,PLT07,C,SUP0070,Day,1748,236476.31,0.0687,5.4,3.08,1979.1,19.6,21657.81,71.0,0,Normal
B002653,2025-10-11,PLT09,A,SUP0088,Night,1347,133932.54,0.1147,7.93,0.95,862.7,37.5,23230.85,75.2,0,Watch
B002876,2025-01-13,PLT07,A,SUP0168,Night,1127,95312.33,0.0403,10.31,1.37,927.3,30.3,11247.45,82.1,0,Normal
B000917,2025-05-11,PLT08,A,SUP0058,Night,1452,130489.9,0.1187,6.25,0.74,1083.0,31.4,19496.4,74.7,1,Normal
B004225,2025-07-19,PLT03,D,SUP0047,Day,1071,187695.21,0.0607,0.72,2.31,1760.5,29.0,18270.15,81.6,0,Normal
B003795,2025-04-12,PLT03,C,SUP0029,Day,985,148700.83,0.0797,1.92,6.13,1435.1,22.1,21881.85,80.4,0,Normal
B002773,2025-06-12,PLT07,B,SUP0081,Night,1089,118133.71,0.067,4.67,3.37,975.8,36.4,14784.83,85.3,0,Normal
B001625,2025-10-14,PLT09,B,SUP0069,Day,1410,182133.02,0.1157,13.64,8.19,1500.2,36.0,40641.12,60.7,0,High
B003912,2025-04-16,PLT05,C,SUP0142,Night,1275,185120.06,0.0954,4.79,1.7,1479.5,,12927.14,70.4,0,Normal
B000822,2025-09-01,PLT02,A,SUP0153,Day,2279,202559.82,0.0465,3.85,5.97,1814.3,29.0,24046.42,75.3,0,Normal
B003367,2025-02-08,PLT10,B,SUP0132,Night,1815,203472.69,0.079,8.77,7.81,1567.9,25.5,37163.19,76.3,0,Watch
B001355,2025-09-08,PLT02,B,SUP0053,Night,1059,120962.04,0.0451,1.56,3.57,1173.9,21.8,18663.35,78.8,0,Normal
B004543,2025-03-14,PLT06,D,SUP0156,Night,810,126779.36,0.0861,12.0,2.17,1281.6,29.0,18260.27,71.2,0,Normal
B000851,2025-07-30,PLT05,C,SUP0166,Night,1506,219303.62,0.058,1.15,1.31,1719.6,24.4,41468.34,84.9,0,Watch
B001001,2025-03-18,PLT01,B,SUP0119,Day,931,107080.42,0.1163,7.8,2.34,943.9,21.2,19962.68,76.6,0,Watch
B004388,2025-10-08,PLT08,B,SUP0001,Night,1213,147054.7,0.0368,10.99,5.33,1101.5,23.3,22110.3,79.1,0,Normal
B000019,2025-01-27,PLT02,C,SUP0029,Day,515,73869.2,0.0671,1.6,4.4,628.0,25.9,8756.98,80.7,0,Normal
B001638,2025-07-09,PLT02,A,SUP0021,Day,1136,102875.84,0.0937,1.68,6.62,1033.3,19.1,14851.8,70.6,0,Normal
B001668,2025-12-02,PLT04,C,SUP0154,Day,646,90665.31,0.0292,7.68,5.49,938.2,31.4,9699.69,96.0,0,Normal
B000494,2025-12-13,PLT08,B,SUP0135,Night,1966,241354.75,0.0869,1.39,6.07,2433.8,27.2,37119.77,77.3,0,Normal
B001348,2025-04-03,PLT05,C,SUP0144,Day,2328,338580.05,0.0988,4.66,2.01,,21.6,61889.61,75.3,0,Watch
B003019,2025-02-09,PLT04,C,SUP0029,Day,488,70045.46,0.1017,4.46,1.69,687.0,30.5,11547.75,73.1,1,Normal
B003801,2025-06-10,PLT07,C,SUP0142,Night,961,130562.45,0.0697,10.76,7.17,1584.7,22.7,27372.52,83.0,0,High
B003322,2025-06-01,PLT03,B,SUP0096,Night,1520,172157.25,0.0558,0.78,1.37,1320.4,31.4,21711.88,80.4,0,Normal
B004217,2025-05-30,PLT09,B,SUP0125,Day,1931,253582.7,0.0795,6.94,0.59,1768.5,46.5,20219.39,73.9,0,Normal
B003552,2025-06-12,PLT10,A,SUP0150,Night,796,69363.61,0.0753,2.15,4.45,715.2,26.9,9040.66,71.8,0,Normal
B000688,2025-04-04,PLT07,C,SUP0143,Day,490,67140.91,0.0794,5.47,1.35,452.2,16.9,5684.44,74.5,0,Normal
B003805,2025-02-23,PLT05,B,SUP0068,Day,1264,142839.51,0.0779,5.16,1.36,1159.1,43.2,13428.99,71.5,0,Normal
B001609,2025-10-09,PLT01,B,SUP0072,Day,1527,170162.51,0.09,1.05,4.13,1399.9,22.3,15443.73,73.0,0,Normal
B004591,2025-02-28,PLT08,D,SUP0111,Night,1534,279337.88,0.0931,3.07,8.52,2337.6,30.8,59425.16,76.3,0,High
B003471,2025-09-01,PLT02,C,SUP0092,Day,1174,168990.81,0.1008,3.6,4.7,1657.0,29.1,24741.63,76.5,0,Normal
B001010,2025-07-15,PLT04,A,SUP0058 ,Day,1542,130791.61,0.0963,1.83,4.33,1154.2,29.6,23968.22,74.3,0,Watch
B002409,2025-09-28,PLT07,A,SUP0128,Night,885,76248.21,0.1377,2.54,6.56,743.3,24.5,19353.05,62.6,0,Critical
B001093,2025-08-08,PLT01,C,SUP0033,Night,1125,160719.36,0.1109,2.26,3.94,1529.5,23.6,24241.68,70.2,1,Normal
B001328,2025-07-23,PLT02,B,SUP0014,Day,1221,137609.01,0.041,1.07,5.01,,25.7,15415.18,82.2,0,Normal
B001678,2025-06-12,PLT05,A,SUP0171,Night,1502,130278.53,0.0684,11.4,2.86,864.4,36.5,19019.97,73.7,0,Normal
B002000,2025-11-04,PLT07,D,SUP0072,Night,1392,235076.67,0.1237,8.35,5.44,1944.6,29.5,51661.72,80.0,0,High
B001311,2025-05-31,PLT04,C,SUP0150,Day,958,134355.64,0.0669,0.67,6.1,1089.2,25.9,22411.43,68.7,1,Normal
B004699,2025-09-05,PLT09,B,SUP0160,Night,1355,171450.69,0.0538,1.86,4.07,1435.1,31.8,19222.89,80.1,0,Normal
B001988,2025-02-07,PLT09,C,SUP0179,Day,1742,279227.15,0.0643,0.62,1.71,1835.0,39.2,25283.23,87.7,0,Normal
B003722,2025-02-21,PLT03,B,SUP0067,Day,628,69410.02,0.0659,7.44,4.25,597.2,27.3,11807.76,72.4,0,Watch
B000345,2025-06-16,PLT03,D,SUP0073,Night,1045,188391.55,0.0695,3.25,2.6,1455.1,23.7,20336.62,88.6,0,Normal
B004229,2025-04-15,PLT09,A,SUP0102,Day,859,85956.38,0.0751,6.73,3.42,611.5,30.2,12684.99,81.6,0,Normal
B000987,2025-09-02,PLT01,C,SUP0014,Night,1337,186115.0,0.0659,4.3,3.45,1646.8,,17427.63,75.6,0,Normal
B003927,2025-04-06,PLT08,B,SUP0129,Day,1685,201541.61,0.0909,2.91,3.16,1828.2,36.0,24314.53,80.7,0,Normal
B003881,2025-01-25,PLT10,A,SUP0047,Day,1668,147170.02,0.0389,2.6,0.96,1295.3,32.8,9798.85,86.5,0,Normal
B004357,2025-05-22,PLT09,B,SUP0161,Day,1067,140138.8,0.0775,9.94,2.61,990.0,16.5,17605.0,74.8,0,Normal
B004082,2025-09-19,PLT08,C,SUP0076,Night,1248,189134.1,0.1419,1.92,1.76,1406.4,22.7,28256.18,68.7,0,Normal
B003155,2025-04-24,PLT06,C,SUP0147,Day,1862,235837.71,0.0834,2.32,9.52,2057.6,24.8,52462.03,78.6,0,High
B004333,2025-02-26,PLT06,C,SUP0029,Day,1038,138358.8,0.0993,2.88,5.13,1597.2,,24174.57,75.7,0,Watch
B001143,2025-09-10,PLT07,C,SUP0076,Night,1549,218048.06,0.1368,4.44,2.58,1951.3,24.2,51090.07,65.0,0,Critical
B002359,2025-11-24,PLT02,B,SUP0090,Day,1429,159783.31,0.0794,4.6,1.82,1495.3,28.6,21483.01,72.2,0,Normal
B001199,2025-11-24,PLT08,A,SUP0093,Day,1081,96589.53,0.1303,10.52,6.23,817.9,24.4,22614.75,63.4,0,Critical
B000086,2025-09-13,PLT06,C,SUP0138,Day,1265,163557.38,0.2062,7.1,0.77,1432.0,25.6,30432.79,60.3,0,Watch
B001519,2025-09-05,PLT09,B,SUP0068,Day,1341,173166.5,0.0983,4.88,2.29,1372.1,30.3,19823.19,67.0,0,Normal
B000517,2025-06-05,PLT09,C,SUP0164,Night,1635,271356.39,0.0948,14.94,2.05,1624.5,27.2,49599.3,62.8,0,Watch
B001382,2025-11-13,PLT01,B,SUP0109,Night,1250,137999.08,0.0912,3.39,5.42,1246.3,27.9,24626.04,75.6,0,Watch
B002717,2025-11-19,PLT09,B,sup0100,Night,1821,245690.42,0.0953,3.09,4.91,1786.6,,45638.95,77.8,0,Watch
B004673,2025-01-02,PLT02,D,SUP0099,Day,1269,223101.71,0.0797,1.31,1.8,1921.1,24.5,27743.77,84.8,0,Normal
B001015,2025-09-20,PLT01,A,SUP0035,Day,1785,153340.76,0.0883,1.41,4.88,1350.0,,29236.69,75.8,0,Watch
B000129,2025-01-21,PLT06,B,SUP0165,Day,761,75478.22,0.0522,9.02,4.17,657.2,24.6,11334.83,76.5,0,Normal
B001365,2025-09-03,PLT07,C,SUP0059,Day,1393,197735.94,0.0654,3.9,2.02,1503.0,29.6,28679.04,76.7,0,Normal
B004889,2025-06-14,PLT03,C,SUP0059,Day,1031,145856.23,0.0637,2.46,6.05,1404.6,21.5,29479.65,87.0,0,High
B004056,2025-11-27,PLT05,A,SUP0100,Day,1366,116425.11,0.0998,1.42,1.39,952.4,20.3,5377.19,68.7,0,Normal
B003627,2025-02-24,PLT01,A,SUP0105,Night,2128,184136.31,0.1053,2.38,1.98,1711.7,26.7,17873.9,64.0,0,Normal
B000892,2025-10-20,PLT10,A,SUP0008,Night,1972,171594.86,0.0997,11.4,12.78,1655.1,14.2,46293.31,52.8,0,Critical
B002794,2025-03-27,PLT10,A,SUP0008,Day,2479,209391.21,0.0618,4.82,5.97,2004.8,32.3,36252.91,76.2,0,Watch
B004252,2025-11-08,PLT07,D,SUP0125,Night,1928,330564.44,0.0643,3.26,1.3,2972.4,29.1,52213.02,76.8,0,Normal
B001360,2025-01-25,PLT06,B,SUP0037,Night,1470,148242.85,0.0775,0.4,0.68,,37.3,13600.47,85.1,0,Normal
B000308,2025-09-01,PLT09,C,SUP0083,Night,1480,247868.19,0.1037,1.26,7.45,1777.0,24.7,45341.93,70.3,0,Watch
B001662,2025-05-23,PLT06,B,SUP0177,Day,1656,163611.72,0.107,4.65,6.44,1448.7,29.3,36624.15,67.0,0,High
B002432,2025-05-15,PLT01,D,SUP0163,Day,1780,300880.14,0.1114,1.17,7.42,2719.0,35.3,69992.15,72.2,0,High
B004012,2025-04-30,PLT07,B,SUP0094,Day,1052,116173.0,0.0722,2.13,2.2,886.4,29.6,12477.23,83.4,0,Normal
B001318,2025-11-08,PLT07,B,SUP0165,Day,1925,203978.58,0.0373,5.56,1.56,2005.7,21.1,18050.02,83.7,0,Normal
B004348,2025-01-15,PLT05,A,SUP0165,Day,950,80674.57,0.0728,12.23,3.11,595.9,26.8,14578.49,73.3,0,Watch
B002475,2025-03-31,PLT10,D,SUP0053,Day,1032,178807.54,0.0687,5.06,3.39,1580.5,25.9,24048.94,81.1,0,Normal
B002543,2025-07-12,PLT05,C,SUP0174,Day,1697,245240.39,0.075,5.12,2.74,2424.5,31.8,41135.46,84.0,0,Watch
B001247,2025-12-10,PLT05,B,SUP0083,Day,1244,141865.65,0.0927,2.14,5.47,1267.2,30.0,20179.92,65.6,0,Normal
B001209,2025-01-13,PLT09,C,sup0143,Night,884,146272.87,0.0807,2.36,4.56,960.4,24.3,13624.05,85.1,0,Normal
B000217,2025-08-30,PLT07,B,SUP0170,Night,1118,119538.78,0.1211,7.29,1.47,949.0,23.6,22762.83,76.9,0,Watch
B004337,2025-06-03,PLT02,A,SUP0028,Day,2836,247475.39,0.072,6.6,1.57,1864.6,33.6,34495.56,88.4,0,Normal
B004667,2025-12-14,PLT10,B,SUP0135,Day,1126,125702.36,0.0712,5.62,2.92,1152.5,22.8,11974.43,79.6,0,Normal
B001240,2025-11-07,PLT07,C,SUP0180 ,Night,692,96322.86,0.0909,2.23,3.3,870.3,29.8,14535.1,63.7,0,Normal
B002290,2025-10-09,PLT07,B,SUP0085,Night,1784,191569.28,0.1059,0.97,10.25,1686.7,26.1,46778.51,73.0,0,Critical
B002741,2025-09-09,PLT04,B,sup0155,Night,2085,225777.99,0.1138,2.59,2.13,1783.9,33.7,33108.61,60.2,0,Normal
B000276,2025-10-08,PLT07,C,SUP0055,Day,2025,279001.13,0.1125,4.77,2.19,2251.9,26.3,30207.55,64.4,0,Normal
B000490,2025-07-08,PLT07,B,SUP0170,Day,989,106440.8,0.0981,3.65,4.17,1165.2,30.0,15458.13,62.7,0,Normal
B001036,2025-10-11,PLT08,A,SUP0050,Day,1178,107867.94,0.0858,3.09,0.78,873.0,30.0,11109.53,79.7,0,Normal
B001230,2025-08-21,PLT01,D,SUP0087,Night,1926,344354.69,0.0612,1.03,2.23,2773.5,31.5,37223.75,81.1,0,Normal
B004631,2025-04-07,PLT09,C,SUP0119,Day,1709,284690.67,0.0885,2.4,4.25,2189.5,18.1,31934.5,86.0,0,Normal
B001009,2025-02-08,PLT04,B,SUP0067,Day,1031,111323.17,0.0548,3.02,2.64,1070.0,36.2,12977.9,87.9,0,Normal
B004778,2025-06-17,PLT03,B,SUP0057,Night,1224,142005.24,0.0745,1.16,16.53,1227.0,25.2,195103.14,79.9,0,Normal
B004428,2025-04-26,PLT08,B,SUP0040,Day,2506,292807.65,0.1212,2.9,6.69,2193.0,21.3,45736.73,71.3,0,Normal
B003248,2025-12-06,PLT03,B,SUP0140 ,Night,1297,147540.34,0.0877,10.77,7.12,1130.4,26.6,33208.36,74.0,0,High
B002533,2025-08-25,PLT08,A,SUP0067,Day,1296,119713.02,0.0959,7.53,1.21,943.6,25.6,11469.99,72.8,0,Normal
B004212,2025-01-24,PLT02,B,SUP0083,Night,900,104614.92,0.087,5.19,6.7,1027.5,30.1,23071.37,72.6,0,High
B001059,2025-09-24,PLT10,B,SUP0146,Day,1367,156582.01,0.0842,2.72,1.93,1255.7,25.1,13157.98,79.1,0,Normal
B002167,2025-09-28,PLT04,D,SUP0141,Night,643,111474.74,0.0606,3.29,7.2,1013.3,24.6,14558.42,69.9,0,Normal
B004141,2025-11-12,PLT09,C,SUP0159,Day,535,88628.93,0.1264,2.35,3.88,815.9,20.7,15816.96,67.6,0,Watch
B003442,2025-11-11,PLT10,C,SUP0157,Day,1033,144509.39,0.1083,7.41,1.59,1154.0,35.0,15340.41,66.0,1,Normal
B000282,2025-01-09,PLT06,D,sup0083,Day,1250,194875.5,0.0889,11.1,1.89,1901.2,23.6,22971.15,66.9,1,Normal
B004442,2025-10-03,PLT10,C,SUP0047,Day,1189,168239.73,0.0792,3.84,2.88,1432.5,33.4,24459.31,83.2,0,Normal
B001317,2025-12-07,PLT09,D,SUP0123,Night,863,173320.44,0.0645,6.0,3.97,1497.0,33.8,26605.01,75.2,0,Normal
B002241,2025-11-22,PLT09,B,SUP0053,Day,1564,204380.37,0.0982,7.26,7.94,1592.1,25.9,45846.27,57.7,0,High
B000969,2025-08-19,PLT03,D,SUP0104,Night,712,126346.0,0.096,6.57,2.53,1128.0,36.1,18760.47,77.0,0,Normal
B003991,2025-01-10,PLT06,C,SUP0170,Night,2025,253966.58,0.107,8.1,3.72,2358.5,31.5,52113.99,66.3,0,High
B003998,2025-03-12,PLT10,A,SUP0135,Night,1377,120497.09,0.0516,3.44,3.68,1035.4,34.5,15935.93,85.6,0,Normal
B003232,2025-03-29,PLT09,B,SUP0132,Night,1416,185598.26,0.1965,12.58,1.75,1325.8,33.4,47952.69,50.7,0,Critical
B003590,2025-06-26,PLT10,C,SUP0098,Day,1539,215446.56,0.0777,6.26,2.5,1598.9,36.9,26205.74,79.7,0,Normal
B000620,2025-08-19,PLT09,C,SUP0013,Day,1994,329749.16,0.065,0.41,4.13,2438.9,33.4,31540.08,88.4,0,Normal
B004391,2025-04-07,PLT03,A,SUP0079,Day,1079,94492.76,0.0769,1.86,7.78,936.4,30.1,16811.91,81.5,0,Watch
B001743,2025-09-20,PLT10,C,SUP0107,Day,1087,152204.24,0.1004,2.45,5.03,1186.4,26.1,16576.34,70.9,0,Normal
B001391,2025-01-22,PLT01,B,SUP0131,Night,1832,197487.76,0.1304,11.32,3.82,1516.3,25.8,46123.31,66.4,0,High
B001965,2025-10-24,PLT03,A,SUP0168,Night,2288,206240.06,0.0618,9.94,3.1,1819.3,23.7,26054.03,79.0,0,Normal
B001848,2025-08-27,PLT05,C,SUP0030,Day,1214,177879.68,0.0984,2.62,7.89,,34.7,32562.07,74.5,1,Watch
B001580,2025-03-07,PLT07,B,SUP0083,Night,1023,112167.75,0.0643,7.06,8.75,1023.9,36.1,24168.62,72.8,1,High
B001656,2025-04-14,PLT06,C,SUP0007,Day,1280,161809.35,0.0814,1.36,8.85,1886.4,27.9,32300.08,72.6,0,Watch
B002353,2025-03-02,PLT01,C,SUP0149,Day,1182,168237.09,0.098,0.74,14.69,1603.5,26.4,40916.9,72.9,0,Critical
B002213,2025-10-08,PLT08,B,SUP0056 ,Day,1322,156592.5,0.061,7.27,1.39,1265.6,23.1,16919.53,76.0,0,Normal
B002021,2025-02-11,PLT10,C,SUP0004,Day,1753,258900.53,0.0801,7.86,4.39,2484.3,26.9,29169.34,64.3,0,Normal
B004325,2025-01-22,PLT06,B,SUP0117,Day,855,86979.87,0.0494,4.84,2.8,852.0,41.9,11527.36,87.6,0,Normal
B001957,2025-03-10,PLT01,D,SUP0114,Day,978,167569.51,0.1338,10.05,4.09,1603.0,44.8,27511.37,71.2,0,Normal
B001308,2025-11-22,PLT07,B,SUP0080,Day,797,86192.74,0.0999,12.29,9.38,821.5,35.1,16220.81,68.6,0,Watch
B002004,2025-04-18,PLT07,C,SUP0092,Day,581,80493.65,0.0644,3.49,3.98,742.4,24.8,8842.44,79.2,0,Normal
B004501,2025-07-11,PLT10,B,SUP0171,Day,1059,117486.51,0.0603,5.96,7.44,1261.3,25.3,24024.63,79.5,1,High
B000576,2025-05-23,PLT10,D,SUP0009,Night,2323,403590.35,0.0281,0.91,1.59,2848.4,28.5,12898.61,91.7,0,Normal
B002361,2025-06-14,PLT07,A,SUP0008,Day,1845,153474.33,0.0667,4.85,4.5,1177.3,28.0,25875.25,75.2,0,Watch
B004246,2025-04-22,PLT05,D,SUP0048,Day,913,160978.67,0.101,1.74,2.85,1505.0,21.7,28371.05,85.1,0,Watch
B004482,2025-10-25,PLT10,B,SUP0014,Night,789,87276.07,0.0571,5.0,2.92,835.8,30.3,14948.4,74.4,0,Watch
B001707,2025-06-18,PLT06,C,SUP0043,Night,1498,193075.53,0.0918,0.19,2.72,1804.4,33.3,29979.68,78.3,0,Normal
B003816,2025-03-28,PLT09,D,SUP0177,Day,1052,206809.14,0.0976,11.7,2.27,1378.1,26.0,26523.01,74.0,1,Normal
B003541,2025-11-01,PLT05,B,SUP0165,Day,1278,144485.75,0.0806,6.13,9.69,1338.0,27.3,31148.12,78.7,0,High
B001281,2025-04-11,PLT05,A,SUP0160,Night,2205,195833.5,0.0339,0.85,3.79,1637.5,26.9,21344.4,89.1,0,Normal
B000862,2025-01-02,PLT06,D,SUP0101,Night,1682,253945.25,0.0848,4.75,4.9,2385.3,31.3,46409.42,82.0,0,Watch
B004188,2025-06-17,PLT06,A,sup0104,Night,1671,132478.9,0.0554,7.41,4.06,1109.7,21.1,17902.85,87.8,0,Normal
B001802,2025-12-04,PLT05,A,SUP0034,Day,1797,158310.14,0.072,10.92,6.56,1293.1,30.0,24065.92,63.4,0,Normal
B001629,2025-07-13,PLT09,A,SUP0090,Night,1327,132722.92,0.0832,6.36,10.9,1094.6,30.1,26766.25,75.4,0,High
B001994,2025-07-27,PLT01,C,SUP0086,Day,1288,186969.04,0.1025,6.37,0.62,1473.6,29.3,30491.68,76.3,1,Normal
B002640,2025-01-05,PLT05,B,SUP0069,Day,1047,119584.91,0.112,15.35,3.36,1057.9,29.6,19913.54,70.9,0,Normal
B000270,2025-07-26,PLT07,A,SUP0032,Day,1341,108774.83,0.0516,6.36,1.01,942.3,27.5,11015.87,72.1,0,Normal
B000630,2025-12-18,PLT07,B,SUP0081,Night,1109,123731.9,0.0595,17.15,3.01,940.8,22.9,13575.07,67.8,0,Normal
B003082,2025-06-19,PLT01,A,SUP0022,Night,1735,156610.66,0.0561,2.74,5.3,1314.7,27.1,24121.79,83.1,0,Normal
B002335,2025-07-01,PLT08,A,SUP0137,Day,2122,195018.68,0.1234,3.12,10.77,1660.3,25.0,44690.98,74.5,0,High
B002967,2025-11-19,PLT06,B,SUP0091,Night,1936,194476.06,0.1439,17.44,2.97,2061.4,27.9,43927.45,55.1,1,High
B000301,2025-10-09,PLT06,D,SUP0136,Day,681,108579.2,0.1008,4.41,2.65,922.9,30.1,14190.48,84.9,0,Normal
B000460,2025-02-13,PLT08,B,SUP0049,Day,1081,128102.07,0.0653,7.8,2.09,1096.7,20.4,14645.71,83.2,0,Normal
B001448,2025-12-21,PLT04,C,SUP0082,Day,1765,244288.91,0.1007,7.81,4.5,2276.4,27.7,44610.93,66.2,0,Watch
B001473,2025-03-09,PLT02,C,SUP0059,Night,1209,176163.89,0.0679,1.02,1.84,1566.9,19.1,24930.77,78.2,0,Normal
B002047,2025-08-23,PLT10,C,SUP0110,Day,1352,194920.03,0.104,0.8,1.68,1745.5,27.0,21309.77,61.1,0,Normal
B004272,2025-12-06,PLT02,D,SUP0070,Night,1822,324348.39,0.0628,6.08,5.34,2255.3,26.7,54429.73,73.3,0,Watch
B003838,2025-09-23,PLT07,D,SUP0092,Day,1898,317407.68,0.113,3.17,2.66,2712.3,24.4,46584.08,76.8,0,Normal
B002114,2025-08-27,PLT04,B,SUP0083,Night,1095,120131.81,0.0427,0.96,12.57,1253.6,37.9,29839.93,89.5,1,Critical
B000028,2025-07-12,PLT05,C,SUP0098,Day,1291,184532.32,0.0821,13.63,11.53,1736.0,24.0,36726.46,76.6,0,Watch
B004629,2025-01-12,PLT05,C,SUP0055,Night,1540,223081.15,0.1398,5.8,4.39,1738.8,21.2,48735.41,61.4,0,High
B004568,2025-02-25,PLT06,C,SUP0121,Day,1095,136936.99,0.1067,2.09,10.22,1337.7,24.4,28854.78,67.7,0,High
B000838,2025-05-10,PLT05,B,SUP0033,Day,1582,183923.5,0.0778,11.8,5.42,1542.6,33.7,29588.12,74.4,0,Normal
B004374,2025-01-11,PLT07,A,SUP0033,Day,3225,277144.81,0.1111,5.03,0.99,2333.5,23.5,43177.79,68.1,1,Normal
B003434,2025-08-11,PLT08,B,SUP0069 ,Day,929,110603.61,0.1282,2.93,8.12,1006.2,26.1,31158.35,76.2,0,Critical
B002009,2025-12-08,PLT10,A,SUP0028,Day,902,75808.03,0.0923,7.3,2.69,611.6,33.8,11762.34,89.6,0,Normal
B004958,2025-09-18,PLT10,B,SUP0020,Day,1967,208981.07,0.0784,10.03,3.08,2068.3,22.2,28298.07,67.9,0,Normal
B000504,2025-04-16,PLT09,C,SUP0071,Night,1669,268725.31,0.0814,11.83,1.17,1878.1,19.8,45195.8,67.8,0,Watch
B003955,2025-11-27,PLT06,B,SUP0152,Night,1272,129248.84,0.1056,0.94,11.74,1393.5,36.9,35729.14,72.6,0,Critical
B004349,2025-12-08,PLT05,A,SUP0130,Night,1045,91373.79,0.1139,3.16,2.08,844.1,29.3,14248.74,72.8,1,Normal
B000381,2025-01-07,PLT01,A,SUP0150,Day,1301,110366.43,0.0698,1.16,7.49,976.0,31.1,25081.69,79.3,0,High
B001852,2025-05-27,PLT02,C,SUP0169,Night,1251,182733.06,0.0684,1.18,0.51,1631.8,31.9,17031.56,76.6,0,Normal
B001526,2025-02-09,PLT10,B,SUP0081,Day,943,107729.03,0.0942,1.19,3.18,877.6,30.2,10741.37,69.4,0,Normal
B002366,2025-06-18,PLT01,A,SUP0041,Night,1130,97665.71,0.1461,9.42,1.91,829.6,20.0,16229.88,70.0,0,Normal
B004723,2025-09-27,PLT06,C,SUP0129,Night,1486,187896.9,0.0423,3.48,8.74,1845.5,31.5,43072.59,82.8,1,High
B003053,2025-11-18,PLT01,C,SUP0012,Night,1198,173591.79,0.1398,2.46,2.1,1566.5,32.8,30028.89,58.6,0,Watch
B002885,2025-11-14,PLT09,A,SUP0091,Day,1576,158043.57,0.1392,1.51,1.15,1405.8,28.5,31593.2,76.9,0,High
B002341,2025-02-10,PLT06,B,SUP0026,Night,1568,155481.33,0.1032,13.19,1.82,1536.8,20.8,19953.12,63.1,0,Normal
B000375,2025-04-09,PLT08,A,SUP0168,Day,1298,120421.27,0.0314,2.07,4.12,1022.3,31.8,15263.17,83.4,0,Normal
B003327,2025-11-23,PLT09,A,SUP0066,Day,1396,138178.25,0.1056,0.97,3.67,1096.1,28.0,26506.29,78.6,0,Watch
B002382,2025-04-07,PLT04,B,SUP0085,Day,1732,192161.92,0.0557,3.18,3.01,1913.3,26.9,26662.07,80.6,0,Normal
B004354,2025-08-09,PLT06,B,SUP0014,Night,1815,176782.36,0.0171,3.41,1.66,1884.3,23.6,16254.96,87.5,0,Normal
B000940,2025-12-29,PLT03,C,SUP0127,Day,756,111303.95,0.0585,3.74,5.29,983.9,21.2,13370.51,70.1,0,Normal
B004655,2025-03-21,PLT08,A,SUP0034,Day,2291,213591.48,0.0849,5.81,2.94,1658.2,43.2,32611.33,78.0,0,Normal
B004208,2025-03-16,PLT02,C,SUP0126,Day,842,121945.65,0.1131,6.11,3.9,943.6,38.8,20462.39,68.7,0,Watch
B002800,2025-07-20,PLT09,C,SUP0114,Night,1129,189443.24,0.1082,4.16,0.8,1707.7,37.7,27778.84,71.6,0,Normal
B002148,2025-02-11,PLT09,C,SUP0110,Night,1057,176463.79,0.099,13.38,3.64,1529.0,17.2,24566.61,68.3,0,Normal
B003892,2025-12-03,PLT01,A,SUP0065 ,Day,2883,249254.06,0.0968,1.03,3.16,2521.2,23.4,32219.11,71.0,0,Normal
B004586,2025-10-19,PLT07,A,SUP0006,Day,1422,117268.52,0.0947,3.93,2.18,1035.0,24.3,10658.87,85.0,0,Normal
B004260,2025-11-05,PLT10,C,SUP0115,Day,2370,333419.36,0.1065,13.85,2.61,2705.7,24.7,54470.32,72.0,0,Watch
B002069,2025-09-25,PLT08,D,SUP0104,Night,1901,350442.97,0.1259,5.26,9.0,3142.9,28.6,76295.59,67.1,1,High
B000530,2025-11-12,PLT03,A,SUP0162,Day,1198,106337.95,0.0747,1.46,0.69,943.3,28.5,8265.28,76.4,0,Normal
B003804,2025-08-15,PLT04,B,SUP0083,Night,2429,271066.59,0.0866,3.68,6.45,2414.2,32.5,53496.22,79.6,0,Watch
B000637,2025-12-11,PLT05,C,SUP0174,Night,1159,171579.01,0.0863,3.28,1.82,1300.4,27.5,23103.37,70.6,0,Normal
B001270,2025-05-03,PLT07,B,SUP0028,Day,783,85372.34,0.0917,8.23,5.37,875.3,38.2,13694.25,72.8,0,Normal
B000186,2025-02-09,PLT03,D,SUP0099,Night,1300,233794.21,0.0689,3.91,4.46,2381.6,24.4,28334.83,74.2,0,Normal
B003893,2025-05-30,PLT08,B,SUP0120,Night,1065,129179.79,0.1312,6.3,6.28,1121.3,31.9,24589.79,79.6,0,Watch
B003245,2025-01-26,PLT03,C,SUP0122,Day,1436,211606.24,0.0558,2.15,1.75,1612.0,27.2,19516.15,83.6,0,Normal
B004524,2025-09-10,PLT04,D,SUP0049,Day,1023,170321.2,0.0656,1.95,2.23,1377.8,29.9,29500.03,72.6,0,Watch
B001798,2025-05-04,PLT01,C,sup0122,Day,903,127085.77,0.1069,6.89,2.81,1104.7,30.1,18658.93,81.5,0,Normal
B002980,2025-04-27,PLT09,B,SUP0104,Day,929,121921.36,0.0607,2.36,9.24,997.3,31.9,24125.87,68.0,0,High
B001442,2025-12-25,PLT05,B,SUP0131,Day,2070,237840.89,0.1208,11.87,1.0,1610.9,39.7,26122.02,64.5,0,Normal
B004094,2025-11-23,PLT09,C,SUP0180,Day,764,128588.58,0.0816,14.11,10.37,1025.4,20.4,258271.36,82.2,1,High
B004925,2025-08-17,PLT07,A,SUP0006,Night,4022,337813.39,0.0954,6.86,5.92,2618.8,12.0,73653.34,77.5,0,High
B001536,2025-02-01,PLT02,B,SUP0111,Day,1874,214537.18,0.0852,6.08,1.93,1658.3,25.4,28266.84,71.3,0,Normal
B003712,2025-07-27,PLT06,B,SUP0146,Day,1512,149797.61,0.0655,3.09,2.66,1244.8,34.9,16605.23,78.8,0,Normal
B003189,2025-11-05,PLT03,B,sup0109,Night,1674,197852.1,0.0962,10.68,1.4,1482.8,25.8,24779.97,70.1,0,Normal
B001274,2025-06-22,PLT04,B,SUP0080,Day,1162,130714.8,0.0622,1.48,0.21,1064.2,29.1,12561.49,81.5,0,Normal
B002468,2025-05-11,PLT06,C,SUP0096,Day,2597,329745.08,0.1211,10.81,6.75,4030.0,21.8,67353.23,62.8,0,High
B000608,2025-01-12,PLT04,A,SUP0008,Night,1166,98087.65,0.0474,2.12,2.84,865.7,30.3,16966.26,76.9,0,Watch
B003456,2025-09-17,PLT04,C,SUP0168,Day,1330,190484.95,0.0574,4.91,4.16,1794.6,33.3,30669.2,73.4,0,Normal
B001713,2025-04-06,PLT08,C,SUP0078,Day,1016,152458.09,0.1062,6.89,4.77,1206.9,26.9,26104.47,67.7,1,Watch
B002200,2025-01-28,PLT08,C,SUP0043,Night,1478,228985.81,0.091,5.38,1.9,1863.2,21.7,26024.68,71.4,0,Normal
B000956,2025-10-31,PLT02,A,SUP0112,Day,760,68492.34,0.0787,9.09,3.78,674.4,33.4,8518.43,78.3,0,Normal
B002580,2025-02-11,PLT02,D,SUP0052,Night,1349,237578.48,0.0566,12.38,1.59,1589.3,26.5,15868.03,66.3,0,Normal
B004610,2025-11-07,PLT08,C,SUP0147,Day,1050,160161.26,0.0815,1.99,0.68,1180.0,23.8,19060.97,83.3,0,Normal
B004470,2025-12-26,PLT08,A,SUP0159,Day,1613,148001.01,0.1018,4.35,8.42,1142.6,26.6,35910.17,78.0,0,Critical
B004316,2025-05-13,PLT06,C,SUP0150,Day,1391,176673.21,0.0989,3.68,4.08,1771.5,18.8,29837.55,79.2,0,Watch
B003759,2025-02-14,PLT08,C,SUP0121,Night,1557,235688.59,0.0967,1.66,7.18,2188.2,30.2,62410.64,68.3,0,Critical
B000404,2025-06-06,PLT04,A,SUP0124,Day,1454,124688.21,0.1028,7.95,4.95,1331.3,32.7,20256.27,65.1,0,Normal
B002072,2025-10-27,PLT09,A,SUP0050,Night,1687,173629.56,0.0885,5.18,3.73,1162.4,24.3,24963.53,88.8,0,Normal
B004805,2025-09-30,PLT01,A,SUP0152,Day,1677,148983.47,0.0893,3.73,5.77,1160.4,33.0,25387.03,70.4,0,Watch
B001978,2025-06-25,PLT03,D,SUP0156,Night,1078,189627.55,0.0737,1.04,,1544.0,26.0,25412.8,87.6,0,Normal
B000159,2025-05-20,PLT10,B,SUP0072,Day,2006,224492.16,0.1507,13.16,0.48,2076.7,38.3,46119.27,56.6,0,High
B001749,2025-10-08,PLT09,C,SUP0095,Day,1094,184992.28,0.0989,,11.67,1329.6,27.2,42287.26,67.0,0,High
B002910,2025-04-14,PLT04,D,SUP0017,Day,1247,208177.6,0.062,9.1,2.79,1974.1,,19135.14,76.8,0,Normal
B003605,2025-01-25,PLT10,A,SUP0160,Day,2015,176316.95,0.0604,1.11,1.4,1515.9,22.5,26401.34,82.4,0,Normal
B000903,2025-06-30,PLT08,B,SUP0085,Day,1511,179462.52,0.0926,2.7,2.63,1491.7,23.9,21810.96,83.0,0,Normal
B000353,2025-02-11,PLT02,C,SUP0128,Day,2052,305321.35,0.1247,2.36,5.04,2637.6,24.7,42107.84,77.8,0,Normal
B001231,2025-10-25,PLT03,B,sup0067,Day,864,102013.27,0.0866,0.84,3.46,883.8,17.0,16986.03,79.0,0,Watch
B004718,2025-03-16,PLT04,A,SUP0006,Day,1625,139220.8,0.1257,6.39,1.91,1148.8,25.3,31520.71,69.8,0,High
B002141,2025-08-12,PLT03,D,SUP0011,Day,1441,251599.31,0.089,2.52,1.56,2618.3,29.4,11894.13,66.9,0,Normal
B000445,2025-02-10,PLT09,B,SUP0144,Night,675,89195.15,0.0741,2.38,3.73,660.1,35.8,12782.54,74.0,0,Normal
B004999,2025-07-18,PLT05,B,SUP0149,Day,1810,210711.21,0.1111,3.91,3.23,1765.0,31.8,41720.06,83.8,0,Watch
B000755,2025-10-28,PLT01,C,SUP0055,Day,871,127981.88,0.1159,1.98,5.2,1139.5,31.3,23973.82,64.2,0,Watch
B001738,2025-03-11,PLT05,C,SUP0174,Day,1673,247021.45,0.0545,2.03,4.27,2101.5,24.6,35959.86,84.3,0,Normal
B002972,2025-01-03,PLT05,A,SUP0046,Day,912,78470.88,0.1086,3.41,4.81,767.1,12.0,12132.06,68.8,0,Normal
B002217,2025-12-11,PLT04,D,SUP0001,Day,1278,216214.96,0.0528,5.23,4.17,1549.9,33.7,31492.74,79.8,0,Normal
B002921,2025-01-03,PLT06,A,SUP0008,Night,925,71245.32,0.0434,0.79,3.61,699.9,31.3,6719.39,88.9,0,Normal
B000312,2025-04-29,PLT02,D,SUP0040,Day,1235,213001.89,0.0893,2.97,4.22,1841.1,17.6,27618.29,74.1,0,Normal
B000549,2025-08-24,PLT02,B,SUP0111,Day,1331,153269.14,0.0968,6.46,3.12,1376.3,26.5,21158.17,72.6,0,Normal
B000662,2025-10-09,PLT01,C,SUP0177,Day,1627,231485.69,0.1126,5.98,1.15,1757.6,32.6,25667.91,72.5,0,Normal
B004811,2025-08-18,PLT03,C,SUP0098,Day,868,128139.12,0.0879,5.64,7.48,1220.4,13.4,20383.78,80.9,0,Normal
B001990,2025-05-04,PLT07,A,SUP0084,Night,2168,182173.71,0.1031,9.75,5.13,1601.2,30.3,33838.3,61.1,0,Watch
B000307,2025-05-22,PLT01,C,SUP0080,Night,1564,224287.45,0.1094,10.59,5.19,1753.1,26.1,45086.07,72.6,1,High
B002336,2025-07-07,PLT06,B,SUP0173,Day,1026,102155.68,0.0656,4.36,3.87,1080.6,29.3,16207.84,75.5,0,Normal
B000695,2025-11-01,PLT07,C,SUP0012,Day,1848,256559.41,0.1554,8.04,4.64,2153.7,31.2,64035.28,56.0,0,Critical
B002357,2025-11-03,PLT06,C,SUP0044,Night,1604,204776.4,0.0816,1.03,6.65,2037.9,14.9,31785.92,87.3,0,Normal
B001928,2025-05-12,PLT09,C,SUP0014,Night,1275,208709.75,0.0308,6.45,3.74,1589.9,18.4,19951.43,87.2,0,Normal
B000685,2025-03-19,PLT07,B,SUP0121,Day,2255,243381.17,0.0803,10.09,4.8,2062.4,26.7,49344.49,76.0,0,High
B000750,2025-11-09,PLT04,D,SUP0065,Night,951,163748.16,0.0783,8.02,3.91,1373.9,19.3,28295.75,80.4,0,Watch
B003560,2025-04-06,PLT04,C,SUP0166,Day,1210,171232.14,0.0807,7.14,2.2,1464.5,30.1,28774.08,68.6,0,Normal
B003313,2025-09-01,PLT01,A,SUP0090,Day,481,41860.22,0.1192,7.96,3.16,385.2,,9704.53,64.0,0,High
B001267,2025-11-23,PLT04,B,SUP0015,Day,1277,144410.44,0.0813,9.26,1.92,1264.8,37.3,15293.96,75.4,0,Normal
B003352,2025-04-10,PLT04,C,SUP0098,Night,837,118559.25,0.0459,8.37,3.93,1141.4,31.3,12095.94,72.2,0,Normal
B003600,2025-03-30,PLT10,B,SUP0033,Day,1355,147263.0,0.1001,2.37,2.05,1180.8,29.8,26480.24,78.7,0,Watch
B004468,2025-12-18,PLT08,B,SUP0062,Night,1919,230090.28,0.0882,2.73,3.26,1911.6,14.9,32358.1,72.0,0,Normal
B004063,2025-11-03,PLT04,B,SUP0086,Day,1808,200829.32,0.104,10.61,1.13,,32.0,18501.81,69.1,0,Normal
B003084,2025-05-07,PLT09,C,SUP0144,Night,1589,259768.36,0.0941,5.03,1.76,1624.7,35.5,34582.69,71.5,1,Normal
B003062,2025-07-16,PLT08,B,SUP0174,Night,2243,267120.19,0.0684,1.23,2.85,2288.7,30.1,55947.92,85.4,0,High
B003026,2025-08-02,PLT02,B,SUP0031,Day,918,105612.61,0.1541,3.15,7.36,860.7,30.3,20704.66,62.6,0,Watch
B000971,2025-08-03,PLT06,C,SUP0055,Night,1620,209199.19,0.1221,1.73,2.67,1953.8,34.3,32991.96,74.9,0,Normal
B000014,2025-09-01,PLT06,B,SUP0148,Night,1580,157133.06,0.1137,5.94,3.66,1682.8,20.9,30504.22,63.8,0,Watch
B000874,2025-12-12,PLT05,B,SUP0141,Day,1568,176941.4,0.084,1.3,3.44,1603.3,28.5,347945.42,80.5,0,Normal
B000809,2025-01-27,PLT08,A,SUP0116 ,Day,1413,131147.3,0.0621,1.94,3.04,1104.9,41.5,11625.36,84.9,0,Normal
B003199,2025-02-26,PLT05,C,SUP0143,Day,3005,434005.48,0.0619,0.61,3.5,3105.6,37.6,56521.44,84.0,0,Normal
B000515,2025-05-13,PLT10,A,SUP0084,Day,1503,131778.22,0.1354,5.92,3.08,1137.1,23.9,14160.25,60.5,0,Normal
B004518,2025-04-21,PLT07,C,SUP0033,Day,1987,273367.02,0.0846,4.81,5.08,2529.3,32.8,37714.15,79.1,0,Normal
B000410,2025-08-26,PLT05,A,SUP0139,Day,1369,119716.45,0.0645,3.33,7.0,1070.2,27.9,22712.26,79.8,0,Watch
B004154,2025-09-13,PLT08,A,SUP0088,Night,1107,101825.2,0.1275,17.38,3.26,890.5,26.4,21900.81,71.9,1,High
B004387,2025-04-11,PLT07,A,SUP0112,Day,1940,162860.4,0.0463,5.12,3.59,1719.6,28.5,17038.84,89.5,0,Normal
B000208,2025-03-13,PLT03,D,SUP0036,Day,2104,367967.54,0.0681,9.18,4.36,2945.0,22.1,36840.97,79.2,0,Normal
B003290,2025-10-16,PLT03,A,SUP0105,Night,1097,99174.31,0.135,6.45,9.4,850.0,27.1,26041.83,60.3,0,Critical
B000459,2025-11-17,PLT02,A,SUP0041,Day,1347,120880.85,0.0985,15.47,7.78,1130.7,15.8,23471.06,66.6,0,Watch
B003542,2025-06-01,PLT09,C,SUP0174,Night,1538,258272.15,0.0867,4.01,1.78,1761.6,22.5,42191.52,81.7,0,Normal
B002431,2025-02-01,PLT02,A,SUP0088,Day,1152,101936.62,0.1006,8.94,5.3,819.1,34.1,18118.46,67.2,0,Watch
B004651,2025-12-03,PLT06,D,SUP0130,Day,1575,244867.74,0.1251,6.78,6.53,2773.5,32.4,39856.46,69.9,0,Normal
B000111,2025-06-28,PLT03,A,SUP0034,Day,917,80328.32,0.1024,,2.91,772.1,24.7,11839.88,75.0,0,Normal
B003820,2025-05-16,PLT06,A,SUP0063 ,Day,1752,134206.81,0.0933,5.87,1.34,,25.1,21114.1,72.7,0,Normal
B001108,2025-06-14,PLT05,C,SUP0044,Night,1588,229999.25,0.0842,0.87,6.38,1863.1,24.2,29722.75,77.7,0,Normal
B001884,2025-09-20,PLT09,C,SUP0138,Night,1031,170139.3,0.1993,6.76,3.71,1084.2,31.1,41678.45,44.7,0,Critical
B001714,2025-05-29,PLT01,D,SUP0177,Night,1438,252051.8,0.088,5.97,2.57,1977.4,31.1,41845.25,79.3,0,Normal
B004037,2025-04-24,PLT04,A,SUP0116,Day,1304,109818.21,0.076,5.25,6.07,976.7,27.9,22221.15,70.2,0,High
B003468,2025-01-04,PLT04,B,SUP0129,Day,1128,124020.2,0.1013,7.54,5.78,1385.3,26.1,21297.92,64.2,0,Watch
B000553,2025-07-13,PLT07,A,SUP0112,Day,1567,134664.99,0.0373,6.33,2.9,1062.1,27.3,4537.03,81.9,0,Normal
B001440,2025-06-02,PLT10,C,SUP0018,Day,1358,193387.81,0.1069,0.4,4.73,1549.5,39.2,18212.22,69.6,0,Normal
B002271,2025-09-20,PLT09,C,SUP0118,Night,1094,180977.73,0.0888,6.39,1.82,1353.2,30.1,24661.81,68.9,0,Normal
B003145,2025-06-28,PLT10,B,SUP0180,Day,1489,168968.11,0.0968,5.14,3.08,1570.3,29.0,18634.34,79.8,0,Normal
B002822,2025-02-22,PLT09,C,SUP0179 ,Day,1332,221843.46,0.0906,13.16,4.84,1775.8,29.1,38497.05,67.2,0,Watch
B004831,2025-03-29,PLT02,A,SUP0126,Night,688,59929.38,0.0859,16.86,3.54,534.1,30.4,8109.23,78.3,0,Normal
B001926,2025-06-10,PLT08,B,SUP0029,Night,1400,168413.51,0.0948,2.1,4.03,1334.0,30.4,22021.23,80.5,0,Normal
B000635,2025-12-02,PLT10,D,SUP0022,Day,1550,261716.01,0.0811,5.49,0.91,2597.6,22.4,14326.15,68.8,0,Normal
B004855,2025-05-29,PLT09,B,SUP0003,Day,2780,365871.93,0.102,5.43,0.23,2690.1,31.3,46049.92,78.3,0,Normal
B000317,2025-10-28,PLT09,B,SUP0120,Day,2254,287586.94,0.0947,1.34,2.37,2037.8,28.1,18074.13,73.1,0,Normal
B004261,2025-01-08,PLT06,B,SUP0143,Day,1440,143836.28,0.028,1.77,2.55,1304.1,26.7,11077.82,95.8,0,Normal
B004748,2025-08-22,PLT08,C,SUP0131,Night,1609,239778.45,0.1197,4.69,4.58,1392.5,,40871.4,72.9,0,Watch
B001329,2025-12-12,PLT09,D,SUP0178,Night,1313,255694.62,0.1495,3.35,8.46,2418.5,28.2,64391.29,53.2,0,Critical
B000428,2025-12-15,PLT02,C,SUP0065,Day,1784,259797.34,0.0812,4.04,1.92,2270.3,35.3,27328.23,71.4,0,Normal
B003443,2025-09-23,PLT04,D,SUP0053,Day,923,155741.98,0.0732,8.84,2.96,1275.6,,28669.16,72.1,0,Watch
B000106,2025-10-19,PLT09,B,SUP0171,Day,855,111013.08,0.0562,0.96,8.97,1186.3,34.4,21954.92,75.5,0,High
B003042,2025-07-25,PLT05,B,SUP0172,Night,1798,204910.42,0.0775,5.47,6.51,1712.3,31.6,30603.29,72.6,0,Normal
B000143,2025-03-01,PLT06,C,SUP0074,Night,1284,164062.17,0.1238,10.63,3.35,1743.8,32.1,32171.76,70.9,0,Watch
B002170,2025-04-28,PLT08,C,SUP0061,Day,1731,258607.64,0.0694,6.0,4.76,2326.9,28.7,38972.54,76.0,0,Normal
B003397,2025-12-18,PLT08,A,SUP0067,Day,1520,139447.24,0.09,4.09,3.07,884.8,34.4,14676.02,60.8,0,Normal
B000090,2025-02-24,PLT07,C,SUP0074,Day,1115,156383.01,0.1159,0.23,6.04,1319.3,19.1,23160.69,64.0,0,Normal
B002919,2025-08-14,PLT06,A,SUP0006,Night,1348,103388.23,0.0818,4.91,6.02,1314.8,24.3,19489.48,69.4,0,Watch
B003238,2025-10-22,PLT08,D,SUP0052,Night,825,150311.85,0.0847,0.74,4.13,1179.7,26.4,17716.04,89.4,0,Normal
B002242,2025-06-03,PLT02,C,SUP0149,Night,563,83664.89,0.114,7.33,6.35,836.6,37.7,18988.52,62.6,0,High
B003175,2025-08-10,PLT10,A,SUP0071,Day,1033,90793.06,0.0515,10.5,5.26,796.9,19.0,14206.14,86.7,0,Watch
B003481,2025-03-28,PLT01,C,SUP0152,Day,1536,223793.44,0.0997,2.48,5.7,1920.3,37.9,32996.65,75.8,0,Normal
B002164,2025-01-28,PLT02,B,SUP0053,Day,1773,205950.16,0.0553,6.36,5.37,1987.5,30.4,26007.18,90.1,0,Normal
B002637,2025-06-08,PLT06,B,SUP0079,Night,1797,179318.22,0.1061,3.95,5.39,1918.4,25.4,39520.19,70.2,0,High
B001950,2025-08-10,PLT08,B,SUP0162,Day,1075,123588.26,0.0654,4.7,4.97,1166.7,25.6,17261.98,79.2,0,Normal
B001769,2025-06-12,PLT02,B,SUP0108,Night,1752,200059.07,0.1269,1.93,0.77,1965.2,24.7,21729.91,75.2,0,Normal
B003350,2025-03-03,PLT10,C,sup0011,Day,1003,142656.75,0.0875,7.02,8.57,1173.9,22.6,28903.23,64.0,0,High
B002273,2025-11-11,PLT05,B,SUP0134,Night,1272,143108.91,0.0669,2.71,2.73,1389.4,28.3,12354.93,75.5,0,Normal
B000002,2025-04-09,PLT01,C,SUP0071,Day,1170,164979.88,0.0927,3.32,1.12,1180.1,39.4,9999.99,73.0,0,Normal
B004603,2025-10-23,PLT09,C,SUP0092,Day,931,155811.58,0.057,3.95,2.92,1034.6,23.8,24365.93,80.8,1,Normal
B000881,2025-08-28,PLT10,C,SUP0129,Night,907,131733.21,0.0576,8.89,6.58,871.3,22.9,23967.18,77.4,0,Watch
B001952,2025-10-28,PLT07,D,SUP0023,Day,925,154424.29,0.0792,3.61,4.72,1340.9,28.8,14598.78,73.7,0,Normal
B000936,2025-12-29,PLT03,C,SUP0150,Day,1236,178335.12,0.0997,18.74,14.16,1851.8,25.0,55789.4,67.2,0,Critical
B004341,2025-10-31,PLT02,B,SUP0083,Day,1428,163647.16,0.0825,5.12,2.74,1282.7,35.1,18499.2,81.0,0,Normal
B002721,2025-08-29,PLT06,C,SUP0033,Day,1195,148271.91,0.1122,6.3,4.44,1533.1,33.1,34240.52,84.5,0,High
B000144,2025-06-02,PLT06,A,SUP0160,Night,1029,79254.98,0.0738,4.89,5.36,746.9,31.0,19357.39,79.2,0,High
B001110,2025-02-12,PLT09,C,SUP0154,Night,858,146192.53,0.0592,13.83,5.43,1187.0,36.7,22650.94,73.2,0,Normal
B003660,2025-10-10,PLT04,D,SUP0049,Day,2098,356973.69,0.0998,4.38,19.61,3415.8,33.0,133705.99,66.1,0,Critical
B000592,2025-04-08,PLT08,C,SUP0046,Day,974,150709.55,0.1281,5.63,9.94,1382.4,22.5,46939.05,64.3,0,Critical
B001696,2025-12-07,PLT02,C,SUP0142,Day,1168,169688.96,0.089,4.49,0.91,1224.6,33.8,16277.93,68.7,0,Normal
B003519,2025-03-28,PLT07,B,SUP0129,Day,3682,410445.06,0.0605,2.76,0.52,3731.8,21.2,42948.47,87.9,0,Normal
B002937,2025-04-21,PLT06,C,SUP0075,Day,919,118083.47,0.1214,4.83,3.65,1106.6,27.5,15300.89,71.8,0,Normal
B004248,2025-02-10,PLT09,B,SUP0149,Day,1845,244254.54,0.0901,0.59,1.08,1527.3,21.3,24694.09,76.9,0,Normal
B003480,2025-07-10,PLT08,B,SUP0079,Day,3417,396107.13,0.0649,4.48,6.01,3725.4,31.1,66255.89,85.2,0,Watch
B001577,2025-08-06,PLT07,C,SUP0145,Day,964,136323.98,0.101,5.44,5.98,1590.5,27.9,20351.8,66.7,1,Normal
B004033,2025-03-04,PLT09,A,SUP0034,Day,1848,183042.16,0.0726,2.97,1.58,1224.4,26.6,25227.14,77.6,0,Normal
B000214,2025-04-14,PLT05,C,SUP0180,Night,2243,317122.58,0.0739,3.15,4.69,2584.8,21.6,48703.85,66.6,0,Normal
B000779,2025-11-22,PLT01,B,SUP0005,Day,946,108614.63,0.0687,5.78,3.03,899.8,28.2,12350.86,72.9,0,Normal
B001416,2025-07-02,PLT08,C,SUP0142,Night,1772,267778.96,0.082,6.1,2.83,2285.8,30.9,36330.95,67.5,0,Normal
B003833,2025-12-10,PLT08,C,SUP0074,Day,1249,187364.39,0.0879,11.35,3.76,1519.3,31.3,24746.46,77.8,0,Normal
B002044,2025-05-02,PLT05,C,SUP0149,Night,1176,168934.31,0.0933,4.14,5.42,1290.6,36.7,30068.31,62.0,0,Watch
B002849,2025-01-01,PLT02,B,SUP0105,Day,1585,177007.97,0.1081,5.38,0.66,1647.5,33.0,14559.11,71.4,0,Normal
B004583,2025-05-14,PLT07,A,SUP0091,Day,1002,82755.63,0.1191,2.9,0.91,842.6,30.4,9910.22,66.5,0,Normal
B003576,2025-09-02,PLT08,D,SUP0083,Night,1509,274133.36,0.0713,4.35,1.8,2073.1,24.1,29217.63,68.3,0,Normal
B003887,2025-11-11,PLT01,C,SUP0118,Day,1635,236560.3,0.0934,7.5,6.28,2099.9,32.0,46057.9,73.4,0,Watch
B001568,2025-01-03,PLT02,C,SUP0142,Night,547,78411.94,0.0798,6.43,0.94,600.5,20.6,10054.63,79.8,0,Normal
B000166,2025-08-18,PLT02,C,SUP0179,Night,1018,146075.66,0.0944,6.4,1.52,1267.4,31.2,11862.82,69.2,0,Normal
B004763,2025-09-24,PLT02,B,SUP0073,Day,1797,209431.34,0.059,5.02,3.3,1456.5,21.1,26478.74,80.8,0,Normal
B003656,2025-03-20,PLT01,A,SUP0038,Night,1367,119237.15,0.1121,1.18,4.55,1220.1,,20761.0,68.1,0,Watch
B004977,2025-03-20,PLT04,A,SUP0047,Night,1087,92903.04,0.0688,3.36,4.63,809.2,24.9,13947.77,82.5,0,Normal
B001344,2025-10-06,PLT04,D,SUP0125,Day,1111,189898.46,0.0927,2.27,7.04,1841.1,30.7,33586.15,72.6,0,Watch
B002014,2025-01-03,PLT04,B,SUP0091,Night,1717,184227.68,0.1362,9.92,5.32,1792.8,31.0,45668.75,58.3,0,Critical
B000274,2025-09-29,PLT02,D,SUP0080,Day,1291,232265.75,0.125,3.46,3.1,2109.3,20.4,53157.78,75.6,0,High
B000072,2025-05-07,PLT02,C,SUP0166,Day,1082,158963.39,0.0581,1.04,2.57,1041.5,34.9,14168.31,83.0,0,Normal
B003965,2025-11-16,PLT06,C,SUP0150,Day,948,119865.8,0.1278,1.92,12.07,1169.9,27.6,25688.25,66.3,0,High
B001088,2025-06-04,PLT10,B,SUP0096,Day,1112,120356.07,0.083,4.65,1.0,1188.0,26.7,15636.47,77.5,0,Normal
B000395,2025-01-10,PLT07,B,SUP0129,Night,2264,250669.8,0.0793,5.02,2.42,1903.0,27.9,46566.28,86.1,0,Watch
B000584,2025-07-31,PLT07,C,SUP0056,Night,912,126386.68,0.0895,4.62,3.87,1151.1,20.6,17880.6,71.0,0,Normal
B001368,2025-04-27,PLT07,B,SUP0040,Day,1883,206629.05,0.1021,7.79,4.5,2054.5,37.7,34571.36,72.7,0,Watch
B002937,2025-04-21,PLT06,C,SUP0075,Day,919,118083.47,0.1214,4.83,3.65,1106.6,27.5,15300.89,71.8,0,Normal
B004690,2025-06-10,PLT05,A,SUP0062,Night,2428,209113.53,0.0865,10.09,5.38,1585.3,18.0,43255.37,75.5,0,High
B002549,2025-11-22,PLT06,A,SUP0102,Day,1090,83549.68,0.0849,3.52,6.16,761.8,30.7,16356.59,79.7,0,Watch
B001014,2025-07-24,PLT07,C,SUP0106,Day,1394,188216.13,0.0578,8.18,4.93,1461.7,27.6,22429.78,79.4,0,Normal
B004948,2025-05-05,PLT10,A,SUP0075,Night,1128,96191.43,0.0786,8.91,10.14,968.0,25.5,23336.7,72.1,0,Critical
B003004,2025-04-16,PLT10,B,SUP0144 ,Night,1421,160760.89,0.072,9.89,5.08,1222.7,33.6,28609.71,78.6,0,Watch
B004838,2025-12-06,PLT09,B,SUP0016,Day,2059,266018.22,0.1138,6.88,10.3,1955.4,20.0,53168.39,61.8,0,High
B004595,2025-06-03,PLT09,A,SUP0023,Day,1317,130220.73,0.0643,9.31,1.28,854.6,23.7,14579.88,77.3,0,Normal
B004526,2025-01-29,PLT09,B,SUP0030,Day,1116,144203.38,0.0921,9.09,2.99,1270.8,23.7,19587.25,75.6,0,Normal
B001764,2025-02-12,PLT03,D,SUP0150 ,Day,1497,270062.77,0.0735,6.1,4.68,1953.7,32.3,48824.48,79.5,0,Watch
B001876,2025-03-22,PLT06,C,SUP0180,Day,836,107787.61,0.0911,4.33,14.92,1443.3,,31111.76,75.5,0,Critical
B001260,2025-03-15,PLT06,C,SUP0007,Night,1696,222615.47,0.0799,8.88,1.3,1811.7,37.4,27259.63,75.9,0,Normal
B003345,2025-06-11,PLT08,B,SUP0108 ,Day,1064,126645.36,0.1029,8.16,1.76,1032.0,19.4,17621.98,80.6,0,Normal
B004576,2025-07-07,PLT05,B,SUP0132,Night,2020,235446.34,0.0994,2.32,12.2,2072.0,36.2,57479.68,74.7,0,Critical
B002254,2025-10-02,PLT09,B,SUP0177,Day,1372,176015.47,0.0816,6.73,1.42,1116.8,25.9,15008.75,81.2,0,Normal
B002782,2025-09-23,PLT01,B,SUP0033,Night,1481,163267.18,0.1201,12.85,5.09,1732.3,29.1,28278.36,58.7,0,Watch
B003666,2025-06-29,PLT02,B,SUP0068,Day,1709,192420.05,0.0907,5.28,4.46,1937.3,32.6,29148.39,73.6,1,Normal
B000527,2025-12-29,PLT04,B,SUP0111,Day,1533,169742.49,0.0902,5.59,6.77,1385.9,40.8,35306.61,60.8,0,High
B004036,2025-10-18,PLT06,A,SUP0084 ,Night,1556,119370.34,0.1175,3.44,4.32,1190.6,25.3,18793.21,73.5,1,Normal
B002947,2025-01-20,PLT04,B,SUP0146,Day,973,103860.66,0.0846,3.27,1.33,895.7,34.7,13866.7,69.6,0,Normal
B000378,2025-05-04,PLT09,D,SUP0116,Night,2201,433337.5,0.1122,5.24,4.46,3230.1,24.9,79502.51,67.6,0,Watch
B001560,2025-07-01,PLT10,C,SUP0057,Day,1777,246388.34,0.1166,4.81,2.73,2011.8,20.4,26392.69,67.0,0,Normal
B003895,2025-07-25,PLT09,B,SUP0088,Day,2091,271592.2,0.1306,2.62,1.28,1843.8,27.4,44488.88,75.8,0,Normal
B001964,2025-12-16,PLT01,C,SUP0164,Day,1481,207684.78,0.0711,3.54,7.82,1947.5,23.1,43872.23,69.3,0,High
B004782,2025-12-04,PLT03,D,SUP0094,Day,3486,615205.3,0.0553,7.2,0.55,4658.8,27.5,50343.2,75.4,0,Normal
B000349,2025-12-07,PLT10,A,SUP0079,Night,1417,124259.79,0.0957,3.0,2.92,,27.4,17942.29,68.0,0,Normal
B002435,2025-01-20,PLT10,A,SUP0098,Day,2217,193173.6,0.0625,3.92,3.41,1570.3,26.8,27395.85,91.1,0,Normal
B002247,2025-12-13,PLT03,A,SUP0137,Day,1165,105014.03,0.0972,4.89,21.46,1274.6,21.7,36287.88,66.7,0,Critical
B004862,2025-04-21,PLT07,A,SUP0022,Night,1143,95315.29,0.0776,10.85,1.86,835.0,26.0,14356.81,77.6,0,Normal
B001710,2025-01-12,PLT08,C,SUP0070,Day,837,124643.16,0.0399,4.14,1.42,963.2,,6846.26,95.6,0,Normal
B001051,2025-11-18,PLT10,C,SUP0142,Day,656,95911.64,0.0745,0.22,4.22,899.3,31.1,9647.58,78.6,0,Normal
B000591,2025-03-12,PLT01,D,SUP0145,Day,2120,369223.59,0.1311,5.34,10.58,3046.7,26.4,92719.64,54.7,0,Critical
B000520,2025-07-14,PLT03,A,sup0088,Day,1293,115504.66,0.1195,4.13,11.08,1109.6,34.1,28771.76,71.8,0,Critical
B003381,2025-09-13,PLT06,D,SUP0098,Day,3765,583214.04,0.0534,7.02,4.08,5202.4,31.5,75426.73,81.6,0,Normal
B004539,2025-03-21,PLT07,C,SUP0029,Night,1372,186426.51,0.0748,3.11,5.1,1502.8,19.4,27350.38,77.1,0,Normal
B004166,2025-10-23,PLT04,C,SUP0126,Night,1137,159401.57,0.0923,4.66,0.69,1296.1,26.4,19222.98,75.4,0,Normal
B002478,2025-11-22,PLT08,A,SUP0045,Night,1552,143283.19,0.0712,11.22,6.6,1346.8,24.1,20013.87,75.9,0,Normal
B001084,2025-06-10,PLT08,A,SUP0133,Night,1467,131132.48,0.1307,9.88,6.71,1092.7,32.1,30336.97,55.1,0,High
B003662,2025-08-22,PLT01,B,SUP0171,Day,1788,205329.19,0.0894,3.65,5.15,1360.1,17.8,31403.11,75.1,0,Normal
B004828,2025-02-15,PLT07,B,SUP0097,Night,1976,216455.04,0.0701,2.07,3.97,1826.8,21.9,38346.74,84.6,0,Watch
B004555,2025-11-01,PLT02,A,SUP0125,Night,1741,150706.54,0.0684,1.05,3.62,1337.2,27.3,22532.71,76.7,0,Normal
B001295,2025-09-19,PLT02,A,SUP0152,Day,831,75037.63,0.0988,4.99,3.13,616.2,38.1,11866.96,71.6,0,Normal
B001810,2025-05-21,PLT10,C,SUP0055,Night,741,105904.53,0.0958,4.9,3.45,1051.5,19.7,22466.66,76.7,0,High
B000792,2025-01-10,PLT01,B,SUP0014,Night,1551,172958.08,0.0438,10.11,5.92,1583.5,30.2,23829.6,80.8,0,Normal
B000793,2025-09-27,PLT06,C,SUP0146,Night,3133,401151.61,0.0782,6.13,6.07,3302.9,40.9,79358.07,81.6,0,Watch
B004376,2025-05-08,PLT10,C,SUP0092,Night,1321,190740.27,0.1027,2.2,0.5,1417.4,20.3,23797.62,80.6,0,Normal
B001856,2025-07-11,PLT07,A,SUP0051 ,Day,2037,172371.71,0.0803,7.48,2.28,1345.7,27.1,15092.62,82.9,0,Normal
B004807,2025-03-06,PLT05,B,SUP0134,Night,996,112627.92,0.0776,1.25,3.45,836.1,27.4,10528.89,71.8,0,Normal
B001981,2025-09-28,PLT10,D,SUP0052,Day,2222,387843.97,0.0963,5.18,7.01,3137.3,32.7,69808.56,74.8,0,Watch
B003234,2025-10-15,PLT02,B,SUP0057,Night,1059,120514.42,0.082,5.88,9.77,1278.6,18.1,27513.97,76.2,0,High
B003986,2025-02-16,PLT03,B,SUP0161,Night,1881,222694.03,0.0913,16.89,0.92,1768.6,31.6,35927.65,72.0,0,Watch
B003454,2025-05-03,PLT05,C,SUP0069,Day,1408,204853.12,0.1071,5.88,2.81,1592.4,39.3,28049.62,64.2,0,Normal
B003329,2025-02-15,PLT06,B,SUP0091,Night,1463,146411.18,0.1341,2.35,4.99,1360.1,26.2,35927.29,76.1,0,High
B001531,2025-05-01,PLT08,B,SUP0001,Day,1437,167297.95,0.0538,7.07,4.18,1665.3,23.7,23949.78,76.0,1,Normal
B001411,2025-02-02,PLT02,C,SUP0011,Day,1779,262058.18,0.0772,5.71,5.0,2328.6,23.9,47328.18,77.3,0,Watch
B004339,2025-06-28,PLT06,D,SUP0123,Night,1009,153970.24,0.0329,7.22,4.83,1456.6,33.6,17142.39,73.1,0,Normal
B004696,2025-03-26,PLT10,C,SUP0180,Night,1307,187880.73,0.1045,3.72,0.66,1610.0,23.6,25903.04,72.0,0,Normal
B000084,2025-06-27,PLT06,D,SUP0166,Day,1214,180915.52,0.0752,14.01,0.96,1526.8,23.8,16660.49,79.1,0,Normal
B000869,2025-07-19,PLT02,B,SUP0131,Night,881,99906.44,0.1049,1.96,2.34,972.2,20.0,10969.55,78.3,0,Normal
B002351,2025-02-10,PLT03,C,SUP0145,Night,939,137062.4,0.1,8.5,0.97,1048.1,26.7,24355.42,71.2,0,Watch
B000021,2025-02-08,PLT01,C,SUP0011,Night,2013,287101.21,0.0768,6.67,3.11,2401.8,31.5,39384.93,82.2,0,Normal
B003493,2025-04-28,PLT06,D,SUP0039,Night,1317,203824.94,0.0885,,1.8,1944.9,30.5,20881.33,80.4,0,Normal
B002796,2025-02-25,PLT03,B,SUP0173,Day,1585,182872.77,0.1131,6.5,2.29,1298.8,26.4,17637.45,65.1,0,Normal
B004618,2025-11-15,PLT05,B,SUP0037,Day,883,100401.16,0.0959,5.86,4.67,886.4,28.1,16008.68,61.9,0,Normal
B001563,2025-11-12,PLT01,C,SUP0046,Day,1044,152688.57,0.1174,3.94,1.29,1322.7,23.1,30699.86,78.4,0,High
B003094,2025-09-02,PLT04,A,SUP0051,Night,1010,85118.24,0.0847,1.51,1.91,723.0,23.6,10327.34,64.1,0,Normal
B003156,2025-04-01,PLT03,A,SUP0041,Day,1246,107374.48,0.0962,8.18,4.9,956.4,26.7,18556.06,74.5,0,Watch
B000974,2025-09-12,PLT03,A,SUP0157 ,Night,1025,90842.47,0.0998,13.54,2.48,823.9,27.5,14936.31,63.8,0,Watch
B001711,2025-12-03,PLT05,D,SUP0172,Day,1278,221424.31,0.0955,2.19,7.5,1781.1,22.2,41742.11,59.8,0,Watch
B003202,2025-02-01,PLT10,A,SUP0076,Day,1368,116932.55,0.1111,4.31,2.16,1025.3,28.5,14871.18,79.9,0,Normal
B004060,2025-07-19,PLT05,B,SUP0072,Day,1281,147443.0,0.123,9.84,10.56,1442.3,33.5,37212.75,66.8,0,Critical
B004869,2025-10-03,PLT10,C,SUP0169,Day,899,129234.02,0.0618,1.1,8.2,1175.1,22.7,23853.94,76.7,0,Watch
B001099,2025-05-16,PLT02,A,SUP0051,Day,866,75875.83,0.1058,0.43,3.14,673.8,32.9,7820.76,68.9,0,Normal
B004204,2025-02-05,PLT01,A,SUP0040,Day,2052,176557.07,0.096,5.02,2.98,1692.8,33.3,24960.88,69.6,0,Normal
B002845,2025-11-27,PLT04,A,SUP0067,Night,1544,126500.89,0.0772,5.88,0.68,981.3,35.9,16647.25,66.7,1,Normal
B000887,2025-03-27,PLT04,C,SUP0061,Day,1702,243548.77,0.051,0.85,3.15,1809.3,31.4,14182.66,84.8,0,Normal
B004982,2025-02-05,PLT01,C,SUP0082,Day,1244,174656.8,0.0999,4.52,6.45,1443.0,29.8,37591.09,63.5,0,High
B003752,2025-09-07,PLT04,C,SUP0145,Night,1979,275933.0,0.1101,0.77,13.14,2501.7,36.3,78358.63,65.2,0,Critical
B004626,2025-11-27,PLT02,A,SUP0090,Day,1391,123045.87,0.1044,1.43,3.6,1208.4,25.0,22140.51,78.9,0,Watch
B004490,2025-06-04,PLT05,B,SUP0019,Day,1522,172013.49,0.0618,2.84,7.13,1276.3,24.6,28613.05,77.2,0,Normal
B004446,2025-02-22,PLT04,D,SUP0021,Day,1324,224822.07,0.0778,10.98,1.77,1794.8,31.3,22846.98,84.3,1,Normal
B000516,2025-11-28,PLT02,B,SUP0141,Day,1842,203558.75,0.056,2.99,4.01,2204.3,25.9,39180.8,81.6,0,Watch
B004668,2025-07-31,PLT03,C,SUP0011,Day,2118,310966.91,0.0528,2.79,3.81,2505.6,37.8,39355.66,72.3,0,Normal
B000738,2025-01-12,PLT01,A,SUP0116,Day,943,81704.91,0.124,6.4,2.59,649.9,33.1,11974.81,69.1,0,Normal
B001454,2025-05-24,PLT09,B,SUP0009,Night,1878,249724.43,0.0657,9.0,4.19,1485.2,25.9,29047.88,80.2,0,Normal
B004050,2025-09-13,PLT06,B,SUP0057,Day,2236,231119.33,0.0965,7.69,0.46,1924.7,34.4,34572.7,78.9,0,Normal
B004749,2025-04-06,PLT06,C,SUP0154,Night,1039,133359.24,0.0676,2.27,1.09,1273.7,34.2,15153.1,79.0,0,Normal
B002507,2025-07-12,PLT02,B,SUP0040,Night,874,98502.68,0.0919,2.98,5.78,848.9,30.9,20464.6,69.3,0,High
B002995,2025-04-02,PLT01,B,SUP0126,Day,1300,148294.13,0.0893,7.53,2.36,1102.2,24.9,21295.74,70.3,0,Normal
B002127,2025-05-11,PLT05,D,SUP0032,Night,1352,240106.75,0.1011,9.04,0.8,1797.9,27.9,37924.39,71.0,0,Normal
B002927,2025-10-19,PLT04,A,SUP0143,Night,1477,124388.55,0.0759,5.13,3.1,1015.0,27.6,13370.78,74.0,0,Normal
B004795,2025-02-26,PLT01,B,SUP0134,Day,1676,190522.64,0.0732,1.54,6.05,1808.0,34.2,26928.53,76.9,1,Normal
B000907,2025-03-18,PLT08,C,SUP0072,Night,1335,205901.48,0.1304,12.4,3.63,1513.4,23.9,40115.45,64.2,0,Watch
B003721,2025-09-01,PLT03,B,SUP0031,Night,3196,379138.79,0.116,1.75,2.76,2792.4,25.7,45060.91,74.8,0,Normal
B001031,2025-04-22,PLT02,B,SUP0068,Day,1303,148039.88,0.0785,1.92,9.12,1263.3,30.8,34421.76,83.7,0,High
B002508,2025-04-24,PLT02,C,SUP0110,Day,935,136901.01,0.0782,4.08,0.52,933.9,29.9,9167.58,72.5,0,Normal
B002429,2025-03-14,PLT02,C,SUP0074,Day,2738,395842.46,0.1449,1.31,9.24,3432.8,25.7,99139.3,77.4,0,Critical
B000948,2025-02-16,PLT01,A,SUP0143,Day,671,58966.89,0.0579,3.5,10.62,753.5,32.0,10525.86,73.7,0,Watch
B003880,2025-01-08,PLT02,A,SUP0153,Night,1425,126281.16,0.0463,7.49,3.34,952.9,19.0,21842.88,86.4,0,Watch
B000763,2025-02-20,PLT01,D,SUP0072,Night,1109,195212.53,0.1219,1.62,5.9,1679.4,24.2,33458.98,51.0,0,Watch
B000716,2025-11-11,PLT05,B,SUP0033,Day,986,110806.1,0.1274,4.93,2.11,1003.6,,16717.2,67.4,0,Normal
B000285,2025-05-19,PLT07,A,SUP0143,Day,2594,210855.1,0.0866,15.86,8.27,1872.2,36.2,36101.52,67.2,0,Watch
B000687,2025-12-02,PLT08,A,SUP0030,Day,928,87235.12,0.0888,9.77,1.92,555.9,31.0,8218.11,81.9,0,Normal
B000704,2025-01-26,PLT01,B,SUP0173,Night,1521,169285.05,0.0773,3.19,3.04,1309.9,36.2,21089.25,87.5,0,Normal
B003342,2025-02-07,PLT06,C,SUP0002 ,Night,1370,177172.05,0.1131,5.08,2.27,1823.1,,27159.66,81.9,0,Normal
B002354,2025-06-27,PLT07,A,SUP0153,Night,1466,123768.16,0.0272,7.73,1.4,1180.1,27.0,10949.43,88.7,0,Normal
B002258,2025-04-24,PLT06,C,SUP0142,Day,933,121760.76,0.0967,6.52,3.92,906.8,22.7,20910.39,76.8,0,Watch
B003622,2025-03-15,PLT07,A,SUP0140,Day,1661,138849.31,0.0966,7.79,6.64,1204.2,35.3,22922.71,76.1,0,Watch
B000474,2025-05-18,PLT05,B,SUP0009,Day,851,96335.84,0.0634,8.44,6.91,970.2,30.2,19126.22,68.5,0,Watch
B000022,2025-08-20,PLT10,C,SUP0179,Night,1691,243422.55,0.0568,2.86,15.15,2241.6,19.6,70061.31,90.3,0,Critical
B002753,2025-04-23,PLT10,B,SUP0068,Day,942,105739.37,0.0677,4.56,2.03,999.5,27.4,10779.53,78.6,0,Normal
B000886,2025-12-08,PLT06,A,SUP0178,Day,1418,108548.91,0.1236,4.77,1.77,1089.8,29.2,19147.8,66.5,0,Watch
B002449,2025-05-12,PLT09,A,SUP0046,Day,1020,102076.69,0.1015,11.11,4.15,,30.6,16241.97,68.3,0,Normal
B000918,2025-02-05,PLT01,B,SUP0111,Day,1397,157809.81,0.0889,3.05,5.53,1248.5,22.3,21745.44,79.2,0,Normal
B003831,2025-11-10,PLT04,C,SUP0150,Day,835,118829.26,0.0977,1.81,2.36,931.8,35.7,17082.72,78.9,0,Normal
B003825,2025-01-02,PLT05,A,SUP0137,Day,1878,165073.85,0.0945,9.22,1.67,,32.0,28684.5,74.6,0,Watch
B002240,2025-08-04,PLT08,B,SUP0148,Day,530,62001.72,0.0798,4.46,8.61,660.7,21.3,10763.91,79.5,0,Watch
B003919,2025-06-30,PLT04,A,SUP0037,Night,1810,155151.43,0.07,2.03,1.95,1404.4,28.5,18056.97,77.4,0,Normal
B003396,2025-12-14,PLT05,C,SUP0129,Night,724,106289.57,0.0721,1.73,1.95,697.7,19.1,14145.01,71.0,0,Normal
B001266,2025-08-28,PLT08,C,SUP0061,Night,738,110938.29,0.0462,3.66,1.6,908.1,25.8,10369.04,84.3,0,Normal
B000484,2025-12-04,PLT08,B,SUP0049,Day,1586,189521.82,0.0927,3.48,8.14,1470.0,26.1,25901.92,81.1,0,Normal
B004382,2025-03-02,PLT06,B,SUP0134,Day,1146,113493.43,0.0691,5.85,2.62,1000.2,34.5,6568.58,85.0,0,Normal
B002964,2025-02-08,PLT01,B,SUP0053,Day,869,97072.57,0.0788,7.55,4.94,824.5,31.3,8670.9,76.0,0,Normal
B001220,2025-05-13,PLT02,B,SUP0069,Day,1550,178208.65,0.1258,3.84,6.79,1508.7,22.8,33065.22,68.0,0,Watch
B000278,2025-03-11,PLT01,A,SUP0104,Night,2493,223755.31,0.1013,9.24,3.79,1692.6,26.8,31708.47,73.1,0,Normal
B000989,2025-09-27,PLT06,C,SUP0179,Night,1809,230991.26,0.0623,6.4,7.0,2279.9,23.6,43540.83,68.7,0,Watch
B002085,2025-08-13,PLT05,D,SUP0177,Night,494,87652.61,0.0858,27.17,1.28,872.3,24.9,10996.07,71.4,0,Normal
B001246,2025-06-27,PLT08,B,SUP0132,Day,1956,235681.78,0.0858,1.75,4.0,1825.2,30.1,40545.09,68.4,0,Watch
B002383,2025-05-28,PLT10,C,SUP0127,Day,1870,261537.17,0.0469,2.41,5.47,2322.0,26.0,55222.27,85.0,0,High
B000572,2025-02-10,PLT09,B,SUP0100,Night,2243,280680.75,0.0797,7.29,4.17,2025.0,24.5,45770.31,66.7,0,Normal
B001436,2025-10-23,PLT09,C,SUP0033,Day,1052,173028.39,0.0953,11.01,6.22,1492.2,26.0,26489.24,74.7,0,Normal
B000994,2025-10-12,PLT04,A,SUP0051,Night,604,50350.89,0.0769,0.98,5.25,565.0,26.9,8059.91,63.4,0,Normal
B003521,2025-10-25,PLT09,B,SUP0104,Night,1090,141646.98,0.071,5.39,7.52,977.2,21.6,25800.02,73.5,0,Watch
B003516,2025-07-25,PLT04,A,SUP0139,Night,2533,217165.2,0.0686,4.89,5.66,1815.0,29.2,28780.65,86.8,0,Normal
B000586,2025-01-03,PLT07,D,SUP0150,Night,1021,169412.76,0.1228,8.7,0.66,1189.9,,30772.36,62.1,0,Watch
B003732,2025-10-10,PLT03,A,SUP0028,Night,1197,105150.15,0.0937,19.55,0.47,902.3,26.8,7560.43,76.5,0,Normal
B002515,2025-04-02,PLT07,C,SUP0145,Day,685,98076.74,0.1154,3.87,5.57,922.7,28.5,18747.09,67.5,0,Watch
B001350,2025-04-22,PLT04,B,SUP0144,Night,1252,136609.41,0.0638,4.05,11.48,1310.4,30.6,30315.39,74.6,0,High
B001008,2025-09-07,PLT05,C,SUP0047,Night,1445,208128.81,0.0756,0.94,3.08,1700.6,27.8,29603.4,72.1,0,Normal
B000675,2025-10-22,PLT08,B,SUP0141,Day,1138,131638.07,0.0527,4.24,3.89,1016.4,31.7,11936.86,77.8,0,Normal
B002413,2025-11-11,PLT08,A,SUP0093 ,Night,873,80291.1,0.1222,4.96,2.02,728.7,27.2,16778.56,64.4,0,High
B002904,2025-10-07,PLT07,B,SUP0087,Day,755,83600.64,0.0941,2.18,4.33,713.6,,9472.76,75.7,0,Normal
B000448,2025-08-10,PLT01,A,SUP0121,Night,1860,160635.35,0.1062,7.46,6.72,1489.9,18.2,35414.09,77.1,0,High
B003543,2025-05-02,PLT06,C,SUP0140,Day,2616,331765.71,0.0917,6.18,7.4,2763.7,33.8,70089.17,72.4,0,High
B003832,2025-07-16,PLT01,D,SUP0167,Day,685,118041.66,0.0229,8.01,1.07,944.7,12.0,8690.43,85.5,0,Normal
B003922,2025-10-14,PLT06,A,SUP0126,Night,1114,86926.25,0.0834,3.31,1.26,756.2,18.9,12578.65,76.6,0,Normal
B000360,2025-09-01,PLT08,B,SUP0172,Day,860,101805.38,0.0998,4.13,1.63,893.2,30.2,10128.51,77.6,0,Normal
B002065,2025-06-19,PLT01,C,SUP0148,Day,1409,200316.77,0.1128,,4.93,1713.5,25.5,38347.46,73.1,1,Watch
B004495,2025-06-17,PLT08,B,SUP0080,Day,1561,181652.35,0.1072,6.74,1.52,1289.5,22.2,28960.61,73.0,0,Normal
B003884,2025-03-14,PLT01,A,SUP0161,Day,1716,148760.25,0.0783,7.5,4.39,1248.9,23.4,29066.89,73.7,0,Watch
B001691,2025-12-07,PLT06,D,SUP0153,Night,2119,329016.12,0.0728,5.05,2.16,2385.3,21.8,42669.7,76.1,1,Normal
B004371,2025-06-21,PLT10,B,SUP0171,Night,920,101584.69,0.0603,2.2,1.97,980.4,21.2,12622.18,75.5,0,Normal
B001549,2025-10-12,PLT01,B,SUP0016,Day,1384,158560.24,0.1048,6.69,3.91,1337.8,33.3,17292.28,71.1,0,Normal
B001248,2025-03-23,PLT02,A,SUP0159,Night,1368,121654.95,0.0597,1.76,1.14,945.6,23.2,10077.47,93.2,0,Normal
B001986,2025-12-22,PLT02,B,SUP0111,Night,771,87744.95,0.0716,6.48,7.3,,21.9,19249.24,84.8,0,High
B000295,2025-03-28,PLT07,A,SUP0035,Night,1146,97590.11,0.0838,4.32,2.26,716.9,24.0,7305.94,83.2,0,Normal
B001548,2025-08-15,PLT10,B,SUP0111,Night,1167,128450.29,0.0855,2.2,4.65,1210.8,32.4,15627.15,79.0,1,Normal
B002013,2025-02-03,PLT07,A,SUP0121,Night,1293,108149.24,0.0596,4.88,1.03,886.6,33.4,9432.78,85.5,0,Normal
B000589,2025-02-01,PLT09,C,SUP0069,Day,1507,250913.04,0.0797,2.96,0.89,1991.2,35.7,23554.76,71.7,0,Normal
B003330,2025-11-25,PLT06,A,SUP0139,Day,1386,105797.13,0.0795,4.46,4.21,1105.7,18.9,11984.49,79.6,0,Normal
B002404,2025-01-14,PLT07,C,SUP0157,Day,1823,251448.85,0.0911,,5.64,2288.3,28.8,55777.97,72.1,0,High
B002130,2025-12-03,PLT03,A,SUP0023,Night,1115,100442.23,0.0834,14.18,5.79,834.4,20.4,15222.42,65.2,0,Normal
B004433,2025-05-07,PLT03,B,SUP0097,Night,1991,231477.39,0.074,4.49,0.57,1688.1,30.6,23422.07,75.3,0,Normal
B003509,2025-05-10,PLT08,C,SUP0001,Day,960,145343.62,0.071,4.6,4.28,1235.2,24.3,12799.82,72.8,0,Normal
B002411,2025-11-24,PLT10,C,SUP0121,Day,1271,183030.74,0.1101,1.67,3.77,1270.9,31.4,23251.76,68.4,0,Normal
B002720,2025-05-26,PLT03,D,SUP0072,Night,850,152170.25,0.116,7.96,1.01,1121.4,26.5,31567.09,61.3,1,High
B004600,2025-02-05,PLT06,B,SUP0101 ,Day,1125,111378.42,0.1043,7.14,4.57,1117.2,28.3,21931.18,68.7,0,Watch
B000426,2025-05-24,PLT02,B,SUP0057,Night,1132,129770.46,0.0862,2.87,14.55,1483.8,23.7,32014.79,69.9,0,Critical
B002583,2025-07-29,PLT02,B,SUP0094,Night,1559,180062.15,0.0644,5.64,4.87,1579.5,18.9,32551.76,68.7,0,Watch
B001055,2025-03-17,PLT04,C,SUP0143,Day,954,132227.52,0.0391,1.25,3.5,931.6,33.8,11543.48,75.4,0,Normal
B004045,2025-03-06,PLT01,B,SUP0061,Night,1080,122845.74,0.0578,0.76,2.77,1000.3,30.5,10968.54,70.3,0,Normal
B004608,2025-01-21,PLT05,A,SUP0129,Day,2179,187744.62,0.0734,3.13,6.23,1590.7,22.2,36088.67,91.4,0,Watch
B000557,2025-12-29,PLT08,B,SUP0086,Day,1036,123282.11,0.1192,1.73,2.41,1183.7,27.8,15816.46,69.8,0,Normal
B004403,2025-07-03,PLT01,B,SUP0054,Day,817,92660.1,0.1142,20.49,3.74,805.6,27.9,16163.65,78.0,0,Watch
B004016,2025-07-09,PLT06,A,SUP0063,Night,1092,85578.04,0.1097,7.04,7.65,957.0,23.4,21871.55,70.1,0,Critical
B004761,2025-05-14,PLT06,B,SUP0054,Night,1177,119533.82,0.0929,1.82,1.41,1031.2,28.2,7024.01,66.2,0,Normal
B002470,2025-07-06,PLT07,A,SUP0027,Day,870,73011.1,0.0684,4.81,5.3,881.8,26.6,12168.46,81.3,0,Watch
B004759,2025-11-06,PLT05,D,SUP0111,Night,1336,227788.29,0.0914,,4.37,1852.1,22.4,49788.17,77.6,0,High
B000356,2025-07-04,PLT10,B,SUP0170,Day,1044,116908.02,0.076,2.04,1.64,1212.8,26.2,12173.28,72.8,0,Normal
B001194,2025-07-20,PLT09,C,sup0033,Day,1846,309636.09,0.0956,3.94,8.47,2236.8,22.7,53407.88,70.5,0,Watch
B001717,2025-09-15,PLT06,A,SUP0137,Day,1035,81856.15,0.103,6.61,10.31,986.6,,26081.19,70.3,0,Critical
B003417,2025-05-27,PLT07,B,SUP0009,Night,1905,206291.19,0.0604,1.44,4.9,2177.7,22.6,30017.35,83.9,0,Normal
B002605,2025-12-30,PLT05,C,SUP0117,Day,902,129050.91,0.0543,1.87,9.5,1042.9,29.1,317172.19,91.7,0,Normal
B004578,2025-11-26,PLT08,D,SUP0006,Day,1655,299939.47,0.0861,6.53,6.65,2372.8,26.7,38340.45,69.2,0,Normal
B002829,2025-10-25,PLT06,A,SUP0051,Day,642,49173.77,0.1015,3.76,5.02,552.5,24.8,9209.91,70.6,0,Watch
B001705,2025-02-27,PLT01,B,SUP0083,Day,1384,155719.61,0.0739,4.11,9.59,1784.5,29.5,29983.73,74.1,0,Watch
B002864,2025-08-24,PLT09,A,SUP0165,Night,2257,224545.39,0.048,8.19,4.48,1491.6,22.7,36597.89,80.2,0,Normal
B002619,2025-11-28,PLT03,C,SUP0111,Day,1616,232613.72,0.1163,6.48,4.55,2082.8,,41230.59,73.1,0,Watch
B002401,2025-08-31,PLT01,C,SUP0145,Day,1472,209251.76,0.1165,3.5,4.29,1518.7,26.6,42829.25,65.2,0,High
B002140,2025-07-04,PLT10,B,SUP0151,Night,924,104049.94,0.1264,3.21,2.12,849.6,,18056.65,53.3,0,Watch
B003240,2025-11-03,PLT05,B,SUP0081,Day,772,87467.59,0.0686,1.3,1.32,737.5,23.4,6080.98,84.2,0,Normal
B002384,2025-06-10,PLT06,A,SUP0137,Day,741,57022.36,0.0864,2.19,7.16,667.7,36.1,9072.91,72.3,0,Normal
B003219,2025-07-30,PLT03,B,SUP0177,Day,1302,146746.09,0.0779,0.97,3.74,1274.4,30.7,17376.93,88.2,0,Normal
B003818,2025-06-09,PLT03,B,SUP0155,Day,1262,141516.55,0.1216,19.58,4.96,1324.9,26.4,31662.14,58.9,0,High
B001286,2025-08-07,PLT07,A,SUP0019,Night,2038,169174.38,0.0829,3.63,0.76,1276.9,26.7,17571.62,74.8,0,Normal
B003870,2025-05-23,PLT04,B,SUP0085,Night,1499,165446.03,0.078,3.36,4.7,1493.0,22.9,20499.16,85.8,0,Normal
B003915,2025-08-23,PLT09,C,SUP0131,Day,2596,427674.4,0.1287,3.64,3.99,2823.5,30.2,61954.96,68.3,1,Normal
B004514,2025-05-31,PLT04,C,SUP0002,Day,1378,195696.37,0.0711,5.05,1.04,1701.3,38.6,14863.76,87.8,0,Normal
B002088,2025-05-28,PLT05,A,SUP0066,Night,1413,125594.6,0.0746,0.52,0.65,1065.0,19.3,9919.5,93.5,0,Normal
B001890,2025-04-14,PLT04,D,SUP0082,Day,1166,202130.9,0.1041,4.43,1.89,1782.4,27.1,43514.28,77.7,0,High
B003577,2025-01-02,PLT05,A,SUP0003,Day,1278,113282.61,0.0669,6.37,9.7,1087.7,31.7,23185.19,71.6,0,High
B001592,2025-05-09,PLT08,D,SUP0132,Night,1214,223503.72,0.1105,4.98,4.38,1751.4,21.2,40388.4,62.1,0,Watch
B001347,2025-06-08,PLT10,C,SUP0166,Day,2371,335031.61,0.0607,2.43,3.91,2404.3,22.8,47276.65,75.3,0,Normal
B004476,2025-04-02,PLT06,A,SUP0002,Day,926,72227.73,0.0765,2.97,0.75,641.8,21.3,4636.34,76.2,0,Normal
B002163,2025-11-06,PLT09,A,SUP0004,Day,1102,112125.46,0.0996,10.17,9.26,1118.1,26.5,20346.05,75.0,0,Watch
B002397,2025-04-01,PLT07,B,SUP0106,Day,1637,181435.38,0.083,1.86,2.59,1736.0,26.5,23803.91,70.0,0,Normal
B003717,2025-09-22,PLT10,B,SUP0066,Night,1538,171266.67,0.0903,5.14,6.39,1641.1,23.3,20490.25,75.3,0,Normal
B002272,2025-04-02,PLT06,B,sup0111,Day,1548,159347.48,0.0794,1.66,6.38,1690.6,,29989.21,74.4,0,Watch
B004536,2025-07-11,PLT04,B,SUP0045,Day,1295,137283.41,0.031,2.09,1.01,1048.4,17.9,10501.92,83.2,0,Normal
B003112,2025-07-27,PLT08,D,SUP0169,Day,1534,279892.08,0.08,0.69,0.96,2231.9,22.5,22334.38,80.0,0,Normal
B001138,2025-02-11,PLT09,B,SUP0111,Day,892,119299.04,0.0889,2.4,2.77,880.7,35.1,18314.45,78.3,0,Normal
B003973,2025-07-16,PLT01,C,SUP0013,Night,1458,206697.71,0.0811,5.17,4.53,1819.7,32.2,38525.91,66.6,0,Watch
B000973,2025-07-28,PLT04,D,SUP0133,Day,870,147439.8,0.1362,5.93,2.91,1083.1,28.9,25456.96,68.8,0,Watch
B000796,2025-11-17,PLT06,A,SUP0038,Day,1461,113656.57,0.1023,6.44,,1032.2,32.2,28861.61,66.8,0,Critical
B003021,2025-09-24,PLT02,C,SUP0108,Day,1434,212529.35,0.1382,1.42,2.98,,29.8,34469.25,76.2,0,Normal
B001712,2025-08-22,PLT06,B,SUP0072,Night,1991,201635.28,0.118,5.75,6.92,,28.4,51824.59,61.6,0,Critical
B003388,2025-02-23,PLT02,C,SUP0071,Night,891,130756.11,0.0864,0.82,3.83,1260.7,20.3,21703.74,72.1,0,Watch
B000037,2025-05-30,PLT04,B,SUP0137,Night,1482,161821.88,0.1056,7.81,3.14,1502.5,37.5,44718.47,62.3,0,Critical
B000454,2025-12-12,PLT02,D,SUP0133,Night,1042,181745.44,0.1306,1.26,5.55,1340.6,26.7,47447.31,58.8,0,Critical
B000914,2025-09-03,PLT02,A,SUP0126,Day,1303,116599.28,0.1107,5.42,8.02,1013.2,19.3,33011.69,75.6,0,Critical
B004131,2025-09-18,PLT04,B,SUP0120,Day,1426,157677.33,0.0778,0.75,1.07,1516.9,27.1,23673.39,76.7,0,Normal
B001200,2025-04-07,PLT08,A,SUP0006,Day,1328,124029.68,0.0792,3.2,3.35,1053.3,33.2,28802.16,72.4,0,High
B001275,2025-05-26,PLT05,A,SUP0058,Day,1404,121220.69,0.075,4.49,0.75,777.7,30.2,11643.23,71.8,0,Normal
B002376,2025-04-26,PLT09,A,SUP0153,Day,998,103600.87,0.0404,2.1,4.81,786.9,31.1,11694.38,79.3,0,Normal
B000038,2025-09-09,PLT10,C,SUP0087,Night,1673,240917.59,0.0807,4.32,1.68,2490.4,28.4,36287.38,80.7,0,Normal
B000975,2025-03-19,PLT02,B,SUP0064,Day,1145,132382.19,0.082,0.81,3.9,1322.6,42.8,23264.2,74.0,0,Watch
B003196,2025-06-13,PLT09,B,sup0180,Night,1568,205312.01,0.093,2.11,3.48,1326.5,26.3,36415.79,58.7,0,Watch
B000984,2025-07-13,PLT08,A,SUP0019,Night,1429,131288.49,0.073,2.7,5.69,1221.3,29.9,11697.8,76.1,0,Normal
B004416,2025-11-21,PLT09,B,SUP0020,Night,1363,181256.1,0.1021,2.92,7.81,1397.4,30.6,38437.47,84.0,0,High
B004353,2025-07-07,PLT03,B,SUP0082,Day,1997,233960.12,0.0771,13.73,2.46,1696.4,28.7,32562.82,66.9,0,Normal
B001419,2025-05-07,PLT05,A,SUP0071,Night,675,59348.21,0.0813,4.79,,649.2,23.7,12618.7,74.2,0,High
B003333,2025-09-28,PLT05,D,SUP0021,Day,2260,395236.14,0.0813,1.92,8.54,3327.6,25.6,75221.04,85.7,0,Watch
B001561,2025-10-19,PLT06,D,SUP0072,Night,2702,423678.91,0.1104,1.78,5.68,3586.5,20.2,85596.36,75.2,0,High
B000040,2025-04-15,PLT07,B,SUP0131,Day,3111,344749.19,0.1001,2.18,0.84,2590.1,26.7,55034.91,76.7,0,Normal
B001487,2025-04-21,PLT01,C,SUP0070,Day,2021,293276.22,0.0694,2.93,6.19,2228.8,25.6,39487.87,82.6,0,Normal
B003960,2025-07-06,PLT08,C,SUP0152,Day,1088,162477.2,0.1074,7.93,4.25,1393.0,26.1,25596.38,61.4,0,Normal
B000170,2025-01-04,PLT06,A,SUP0043,Night,1896,145401.18,0.0755,7.16,9.07,1473.9,26.6,24328.65,66.0,0,Normal
B001356,2025-10-06,PLT03,B,SUP0165,Day,1145,129324.13,0.0675,2.03,4.02,1217.4,30.6,13475.79,85.2,0,Normal
B002786,2025-12-24,PLT09,C,SUP0110,Night,1236,205157.83,0.0882,6.23,2.79,1582.6,19.4,20799.82,69.7,0,Normal
B003706,2025-04-07,PLT07,C,SUP0136,Day,1769,244905.59,0.0707,2.5,1.02,2338.7,30.2,22401.53,71.8,0,Normal
B004798,2025-10-06,PLT05,D,SUP0153,Day,1356,236527.62,0.032,5.69,2.49,1905.1,34.9,19041.62,84.4,0,Normal
B004084,2025-03-25,PLT06,D,SUP0114,Night,1695,259075.2,0.1016,1.85,7.29,2653.8,19.4,45416.88,75.5,0,Watch
B002683,2025-08-29,PLT02,B,SUP0108,Day,761,86906.63,0.1265,6.01,3.13,697.4,,15487.6,73.6,0,Watch
B004753,2025-11-03,PLT04,A,SUP0168,Day,1964,164802.88,0.0536,6.27,1.98,1380.2,31.1,17088.4,77.4,0,Normal
B004104,2025-01-29,PLT10,B,SUP0180,Night,1547,175868.43,0.073,7.45,1.73,1116.9,30.4,24701.43,81.0,0,Normal
B001641,2025-06-18,PLT10,B,SUP0083,Day,1751,196365.11,0.0663,4.76,3.5,1486.8,23.9,30878.65,76.2,0,Watch
B001291,2025-06-29,PLT02,B,SUP0158,Day,668,76735.11,0.1241,3.35,1.86,744.1,27.0,8210.89,70.8,0,Normal
B001381,2025-11-08,PLT08,B,SUP0042,Day,1247,145592.91,0.08,5.87,4.77,970.6,34.3,25212.87,75.6,0,Watch
B001934,2025-07-09,PLT01,A,SUP0060,Day,676,58039.55,0.0765,6.78,1.33,477.3,27.9,8072.33,65.9,0,Normal
B000580,2025-10-26,PLT07,B,SUP0125,Night,1015,111674.39,0.1074,10.66,7.86,1106.6,36.7,21929.86,66.5,0,High
B004264,2025-03-27,PLT06,C,SUP0121,Night,1206,152261.96,0.0613,1.26,4.92,1778.6,26.3,23638.49,77.9,0,Normal
B003161,2025-01-05,PLT03,D,SUP0032 ,Day,1696,295394.64,0.0441,1.22,1.87,2479.9,25.6,22515.05,84.1,0,Normal
B002031,2025-02-28,PLT09,B,SUP0152,Day,874,117379.92,0.1139,2.05,17.62,1155.6,20.1,36721.14,81.9,0,Critical
B000893,2025-02-09,PLT03,A,SUP0071,Day,1743,155616.06,0.0701,5.8,6.5,1292.3,25.8,23147.5,87.2,0,Normal
B004910,2025-05-21,PLT01,A,SUP0140,Day,1272,112806.75,0.0865,,6.68,1073.4,28.4,20696.44,76.6,0,Watch
B000781,2025-01-09,PLT07,B,SUP0119,Day,2324,256393.35,0.1041,0.77,10.6,2025.9,25.8,64707.67,65.9,0,Critical
B000160,2025-09-02,PLT01,D,SUP0080,Day,2044,352443.49,0.1021,4.38,1.05,3316.2,28.1,35813.29,74.4,0,Normal
B000003,2025-06-25,PLT04,C,SUP0169,Day,1825,258072.14,0.0549,5.33,1.24,1962.8,33.1,19435.24,77.1,0,Normal
B002264,2025-07-29,PLT06,A,SUP0157,Night,1767,135748.87,0.1021,13.38,8.54,1410.3,20.6,29261.86,71.6,0,High
B003217,2025-06-28,PLT05,A,SUP0171,Day,1343,118650.51,0.0648,2.07,6.66,1112.3,20.3,17017.42,82.3,1,Normal
B002110,2025-07-13,PLT10,B,SUP0135,Day,1038,115288.62,0.0488,4.47,0.86,911.2,27.3,5645.01,82.8,0,Normal
B000850,2025-03-11,PLT10,A,SUP0032,Night,1004,89750.79,0.0771,12.27,3.52,771.8,12.0,14323.37,67.5,1,Watch
B002738,2025-01-07,PLT07,A,SUP0104,Day,2213,188112.85,0.1063,1.93,3.94,1586.2,28.5,23106.87,70.0,0,Normal
B002467,2025-05-24,PLT07,B,SUP0120,Day,970,104626.5,0.0984,11.33,3.8,898.5,33.4,15667.2,73.9,0,Normal
B004714,2025-11-02,PLT08,C,SUP0129,Night,1692,254294.18,0.0555,7.39,7.61,2328.6,28.5,51713.81,85.7,0,High
B004835,2025-04-03,PLT02,D,SUP0003,Night,1340,234817.87,0.1078,4.33,3.94,2075.2,21.5,46293.24,69.7,0,Watch
B001597,2025-09-21,PLT09,C,SUP0061,Day,1179,190224.78,0.0784,9.56,3.76,1204.1,37.0,30918.01,69.4,0,Normal
B001777,2025-02-03,PLT01,A,SUP0165,Day,742,63533.7,0.0334,7.31,1.5,583.0,17.3,5074.21,81.0,0,Normal
B001914,2025-12-27,PLT06,D,SUP0111 ,Day,1577,247313.98,0.1069,6.51,1.68,2520.4,31.3,37056.58,67.4,0,Normal
B001044,2025-02-28,PLT01,A,SUP0050,Night,1647,144824.11,0.1266,9.71,3.48,1398.1,22.4,21969.36,60.5,0,Normal
B004762,2025-08-12,PLT08,B,SUP0144,Night,674,78630.7,0.1027,2.07,4.8,839.1,19.7,17282.34,73.1,0,High
B001545,2025-08-04,PLT08,A,SUP0124,Day,1087,98280.79,0.097,1.57,10.64,884.9,34.0,26695.89,78.3,0,Critical
B002737,2025-08-04,PLT09,B,SUP0086,Day,1421,190338.79,0.1082,6.89,2.0,1491.5,22.3,32754.42,81.5,0,Watch
B003780,2025-06-15,PLT09,B,SUP0054,Day,1109,140454.4,0.1206,6.03,1.86,1007.8,21.5,16919.8,62.5,0,Normal
B004665,2025-09-12,PLT07,C,SUP0169,Night,1457,204707.9,0.0824,6.1,2.35,1802.4,,32947.64,72.6,0,Normal
B000054,2025-11-12,PLT08,D,SUP0101,Night,1296,231890.44,0.0994,8.77,2.11,1845.8,35.8,27793.48,74.6,0,Normal
B001797,2025-11-30,PLT10,A,SUP0050,Day,1909,166543.94,0.0878,2.5,3.64,1529.0,21.6,21362.3,69.9,0,Normal
B003589,2025-06-13,PLT06,B,SUP0011,Night,890,89740.11,0.0864,5.8,2.96,1066.9,22.0,10787.74,79.0,0,Normal
B001912,2025-12-21,PLT03,B,SUP0085,Night,899,105531.54,0.0996,10.13,4.86,718.4,27.2,19926.79,70.1,0,Watch
B002307,2025-09-10,PLT06,D,SUP0053,Day,1295,203823.25,0.0752,8.52,4.8,2002.9,25.8,42161.64,75.1,0,High
B002554,2025-08-07,PLT06,C,SUP0077,Day,1090,140825.35,0.1168,0.93,4.56,1572.4,21.7,23562.55,71.8,0,Normal
B002801,2025-06-17,PLT08,D,SUP0020,Night,1296,239372.49,0.0879,4.8,2.75,1698.5,31.1,46115.01,85.6,0,Watch
B000937,2025-02-08,PLT08,D,SUP0177,Night,1240,230976.24,0.0954,5.14,1.53,1901.2,19.6,39815.33,72.4,0,Watch
B004170,2025-06-09,PLT03,A,SUP0121,Day,1470,133791.29,0.1142,1.98,0.31,846.5,27.9,9332.94,77.4,0,Normal
B000825,2025-09-22,PLT04,B,SUP0129,Day,2179,235366.76,0.0946,4.04,1.09,1705.8,31.8,33724.89,70.6,0,Normal
B004783,2025-08-20,PLT03,B,SUP0026,Night,835,97790.11,0.0544,3.66,2.04,745.4,35.8,7222.13,91.6,0,Normal
B003179,2025-02-25,PLT07,C,SUP0129,Night,1210,163230.27,0.0582,2.67,4.67,1494.3,27.5,23315.46,72.1,1,Normal
B003402,2025-07-27,PLT06,A,SUP0102,Night,599,47246.77,0.0658,4.34,6.51,606.1,29.8,9714.06,84.7,1,High
B001390,2025-12-09,PLT04,B,SUP0033,Night,1322,143586.03,0.1138,8.65,2.47,1300.7,21.2,25339.62,65.5,0,Watch
B003565,2025-01-16,PLT02,B,SUP0042,Day,1625,185020.14,0.1006,17.8,1.54,1421.1,31.9,28585.41,65.6,0,Normal
B004927,2025-04-07,PLT01,B,SUP0062,Day,1142,130837.73,0.0808,5.44,2.26,1131.0,31.9,9634.23,64.5,0,Normal
B000885,2025-07-20,PLT01,C,SUP0032,Night,1292,190748.55,0.0797,5.87,2.17,1695.2,28.7,28162.76,85.0,0,Normal
B003879,2025-10-25,PLT07,B,SUP0165,Night,1090,120042.45,0.0803,16.74,6.81,1201.1,32.4,24231.97,69.5,0,High
B003647,2025-12-19,PLT02,A,SUP0003,Night,1641,145165.22,0.1425,2.45,5.25,1118.6,22.4,28085.64,69.4,0,Watch
B001608,2025-05-03,PLT01,C,SUP0133,Day,1363,193128.84,0.1275,2.9,1.92,1790.7,30.8,20645.15,71.5,0,Normal
B001595,2025-06-23,PLT03,B,SUP0020,Day,2127,242125.58,0.0994,4.19,1.87,1777.6,30.6,16872.08,73.0,0,Normal
B000772,2025-03-18,PLT09,B,SUP0037,Day,1784,231102.26,0.038,3.39,1.39,1574.1,32.7,24508.31,81.1,0,Normal
B002612,2025-11-07,PLT04,D,SUP0169,Day,1118,188377.12,0.0961,7.68,0.33,1536.4,34.4,16713.39,75.3,0,Normal
B003930,2025-10-18,PLT05,C,SUP0083,Day,1717,250720.85,0.0753,12.1,1.65,2142.6,35.4,35026.55,73.9,0,Normal
B002274,2025-03-11,PLT02,B,SUP0067,Day,872,101181.52,0.0858,5.51,,989.3,22.8,23378.36,63.0,0,High
B001869,2025-05-23,PLT03,D,SUP0141,Night,593,106327.44,0.0779,6.22,4.31,946.8,35.5,15729.79,67.4,0,Normal
B001086,2025-08-10,PLT02,C,SUP0110,Day,1438,210691.66,0.0879,4.55,0.41,1865.8,33.4,29938.88,76.3,0,Normal
B000011,2025-04-20,PLT09,A,SUP0008,Day,1178,119129.15,0.0807,3.98,2.09,935.2,27.2,13634.63,74.3,0,Normal
B003685,2025-07-20,PLT02,B,SUP0070,Day,605,69660.15,0.0786,3.84,9.59,721.7,18.4,12025.63,81.0,0,Watch
B001326,2025-03-13,PLT03,B,SUP0114,Day,2162,253727.52,0.1,6.45,4.89,1825.5,32.3,45307.35,69.6,0,Watch
B003391,2025-12-22,PLT10,A,SUP0121,Day,1039,88079.22,0.1185,4.89,0.48,763.4,30.6,12795.1,74.4,0,Normal
B001464,2025-07-15,PLT05,C,SUP0154,Day,1110,157154.98,0.041,4.53,1.97,1071.9,22.7,18069.95,92.4,1,Normal
B000807,2025-03-28,PLT10,B,SUP0001,Day,1097,124101.66,0.0679,2.99,3.23,1103.4,29.2,12499.09,88.2,0,Normal
B003809,2025-12-17,PLT04,C,SUP0122,Night,1541,215124.45,0.0385,8.51,1.75,1705.5,30.1,21949.06,93.4,0,Normal
B004064,2025-02-15,PLT05,B,SUP0085,Night,1769,199971.34,0.0709,6.9,7.19,2194.9,29.0,41181.06,80.1,1,High
B003845,2025-01-23,PLT03,C,SUP0127,Day,934,139794.19,0.0497,16.14,1.66,1128.4,32.9,11999.9,73.8,0,Normal
B002109,2025-11-26,PLT04,C,SUP0174,Night,1330,183975.1,0.0601,5.1,6.5,1482.4,36.1,34185.44,81.9,0,Watch
B004280,2025-06-04,PLT04,A,SUP0152,Night,1573,133150.57,0.0864,5.55,2.47,1088.3,20.4,14320.12,76.2,0,Normal
B003452,2025-04-16,PLT09,B,SUP0173,Day,2369,312274.18,0.11,2.03,2.73,2182.3,27.5,39987.69,73.7,0,Normal
B002235,2025-09-11,PLT08,D,SUP0133,Day,1057,198532.69,0.109,1.96,5.2,1779.2,23.7,34899.82,78.0,0,Watch
B003212,2025-03-06,PLT04,A,SUP0102,Night,1616,141655.03,0.055,12.11,2.58,1279.4,34.2,20932.73,90.9,0,Normal
B000964,2025-09-13,PLT06,C,SUP0087,Night,891,113895.51,0.1009,3.35,2.85,1040.2,24.5,19196.4,66.2,0,Watch
B003416,2025-05-25,PLT08,D,SUP0163,Night,885,163909.59,0.1061,0.86,1.93,1250.5,24.8,21365.52,82.5,0,Normal
B003827,2025-07-11,PLT06,D,SUP0143,Day,1331,206223.39,0.074,2.44,12.7,1590.6,28.0,51499.76,76.4,0,High
B000399,2025-09-16,PLT06,B,SUP0037,Night,1583,157558.85,0.0667,5.86,9.68,1785.3,38.9,31413.85,84.0,0,Watch
B002633,2025-02-25,PLT02,A,SUP0150,Day,559,48684.52,0.0891,5.9,1.42,412.6,21.8,5738.23,73.6,0,Normal
B004901,2025-08-02,PLT08,D,SUP0072,Day,1856,334039.18,0.1135,4.3,5.89,2032.6,27.3,68394.72,77.3,0,High
B002997,2025-03-30,PLT06,B,SUP0081,Day,1117,112927.95,0.0509,3.28,0.54,925.5,12.0,13678.27,77.1,0,Normal
B000705,2025-06-24,PLT05,C,SUP0077,Day,1459,206073.01,0.1387,5.94,6.38,1799.6,31.0,49534.56,60.6,0,Critical
B000432,2025-04-18,PLT04,C,SUP0043,Night,903,125453.35,0.0748,4.21,4.34,1236.2,20.5,19676.88,73.9,0,Normal
B000293,2025-02-23,PLT04,B,SUP0173,Day,2006,221371.99,0.0778,1.44,1.13,1715.1,28.8,10318.11,84.3,1,Normal
B004917,2025-09-14,PLT02,B,sup0014,Day,1129,130509.28,0.0421,4.22,0.63,1263.2,32.3,8341.22,73.8,0,Normal
B000146,2025-08-07,PLT03,A,SUP0067,Night,1283,113494.27,0.092,13.4,3.2,1018.8,25.7,20322.55,64.3,0,Watch
B004379,2025-05-10,PLT03,B,SUP0005,Day,2365,275346.08,0.0979,5.13,4.07,1836.2,21.5,41640.45,69.1,0,Normal
B002034,2025-10-07,PLT03,A,SUP0090,Night,1775,162821.96,0.107,6.54,6.35,1236.2,29.5,29394.82,63.3,0,Watch
B004672,2025-03-02,PLT09,D,SUP0083,Day,1309,258184.55,0.0577,2.79,5.56,2139.2,31.8,35499.65,85.3,0,Normal
B001166,2025-03-22,PLT06,C,SUP0143,Day,1034,130175.48,0.0666,10.07,2.05,1011.5,21.1,12816.95,82.6,0,Normal
B003501,2025-09-14,PLT10,A,SUP0171,Night,890,76276.51,0.0771,7.8,1.09,507.2,32.3,10804.03,76.4,0,Normal
B002051,2025-06-27,PLT02,C,SUP0073,Day,1711,251028.31,0.0829,3.47,3.28,2116.8,38.7,31047.79,72.9,0,Normal
B002625,2025-09-15,PLT07,B,SUP0002,Night,1271,139873.73,0.0913,1.76,2.81,1178.1,33.6,21868.49,76.6,0,Normal
B004423,2025-07-12,PLT02,A,SUP0139,Night,2042,183927.58,0.0668,2.63,0.56,1250.7,27.3,24400.28,77.7,0,Normal
B000340,2025-08-31,PLT09,C,SUP0056,Day,2291,385218.38,0.0498,3.76,6.22,2970.5,23.1,71774.13,84.3,0,Watch
B003956,2025-10-12,PLT03,B,SUP0149,Day,981,114026.06,0.1076,0.31,4.52,880.7,30.9,16618.74,83.4,0,Normal
B003746,2025-02-06,PLT09,A,SUP0175,Day,2089,208578.07,0.1114,,2.68,1573.9,40.1,24707.98,65.1,0,Normal
B002974,2025-06-17,PLT01,A,SUP0029,Night,1123,98006.61,0.1024,10.67,1.4,840.5,33.8,14049.2,64.9,0,Normal
B000266,2025-03-24,PLT04,C,SUP0136,Day,1280,185464.12,0.1058,14.61,5.22,1466.0,34.7,33084.03,72.8,0,Watch
B002425,2025-12-08,PLT01,C,SUP0074,Day,1063,152590.78,0.1316,5.71,3.98,1555.9,29.4,28510.86,72.2,0,Watch
B001263,2025-02-21,PLT07,A,SUP0152,Day,2311,188825.17,0.0732,5.57,3.12,1430.4,35.6,20656.79,76.9,1,Normal
B001772,2025-07-02,PLT08,C,SUP0083,Day,1374,214096.29,0.0863,0.5,3.72,1563.6,24.6,25796.2,96.7,0,Normal
B003512,2025-09-28,PLT02,A,SUP0046,Night,1734,153692.4,0.1168,,4.37,1240.1,19.5,29851.26,75.0,0,Watch
B000272,2025-04-23,PLT10,A,SUP0090,Day,1742,149848.52,0.1011,0.53,3.16,1273.3,28.6,16403.41,69.2,0,Normal
B000697,2025-02-22,PLT07,A,SUP0090,Night,904,77973.27,0.1135,14.12,3.12,702.3,19.8,13079.35,65.2,0,Watch
B000748,2025-01-28,PLT07,B,SUP0009,Night,1294,146498.86,0.0455,1.89,13.23,1397.0,30.3,39619.32,69.1,0,Critical
B000245,2025-09-02,PLT01,B,SUP0144,Day,1656,185830.93,0.1144,2.01,2.06,1547.4,29.6,9029.91,72.5,0,Normal
B000318,2025-02-18,PLT06,C,SUP0127,Day,1212,150809.13,0.0855,5.59,0.27,1609.8,29.9,9086.09,72.1,0,Normal
B000477,2025-05-14,PLT07,A,SUP0046,Day,2084,173165.12,0.1035,0.84,1.54,1391.2,27.1,17316.11,62.7,0,Normal
B002033,2025-02-28,PLT05,A,SUP0081,Day,729,63401.1,0.0741,1.69,1.61,512.9,27.1,6749.32,81.4,0,Normal
B000958,2025-09-17,PLT05,A,SUP0014,Day,819,72154.71,0.0388,7.27,5.61,647.0,23.7,9637.92,68.4,0,Normal
B000508,2025-01-01,PLT10,D,SUP0114,Day,1163,198760.65,0.0819,9.26,0.4,1756.7,30.8,16026.31,72.7,0,Normal
B000814,2025-10-25,PLT06,D,SUP0036 ,Day,1197,182687.99,0.1068,4.42,5.54,1628.9,,34264.0,63.6,0,Watch
B004214,2025-07-07,PLT07,B,SUP0079,Day,1074,114164.93,0.0951,1.87,2.84,1022.0,28.3,15321.73,69.3,0,Normal
B001915,2025-02-19,PLT09,C,SUP0169,Night,1421,232750.87,0.0665,2.77,8.14,1943.5,21.7,47434.37,75.2,0,High
B004649,2025-12-31,PLT02,B,SUP0180,Night,1499,172173.31,0.0752,6.93,8.09,1523.6,34.9,43788.66,79.5,0,Critical
B003488,2025-06-19,PLT05,B,SUP0073,Day,1703,194573.41,0.0531,2.05,9.13,1768.8,35.5,32395.57,79.6,0,Normal
B001298,2025-05-17,PLT08,C,SUP0076,Day,1484,227876.74,0.1522,19.47,6.54,1764.3,25.9,51106.74,42.7,0,High
B004625,2025-10-22,PLT09,A,SUP0051,Night,1226,123863.37,0.0898,0.95,1.36,961.5,21.6,16095.19,76.0,0,Normal
B001805,2025-01-28,PLT07,C,SUP0044,Day,1590,219816.53,0.0783,1.68,5.81,1968.2,29.5,34143.02,79.5,0,Normal
B000759,2025-06-29,PLT04,B,SUP0067,Night,927,102348.53,0.1092,1.64,5.76,886.0,24.8,21980.08,72.5,0,High
B000251,2025-06-07,PLT07,C,SUP0166,Day,1534,213981.31,0.0587,6.19,2.54,1933.7,30.3,24740.22,70.8,0,Normal
B002462,2025-07-13,PLT08,C,SUP0118,Day,2379,361229.37,0.0931,7.45,4.74,3044.2,34.6,60845.08,72.5,0,Watch
B000546,2025-08-03,PLT05,B,SUP0144,Night,1308,145889.21,0.1032,4.92,7.2,1177.2,29.0,27801.16,71.6,0,Watch
B003242,2025-11-14,PLT06,B,SUP0077,Day,738,75533.41,0.0951,7.71,3.6,886.8,33.7,13651.06,70.4,0,Watch
B000739,2025-02-14,PLT03,B,SUP0028 ,Night,1411,162139.89,0.0716,6.46,1.59,1332.1,17.6,15301.9,76.1,0,Normal
B000311,2025-11-19,PLT05,B,SUP0090,Night,1358,156819.78,0.0928,0.64,5.64,1447.3,24.5,25694.39,61.5,0,Normal
B003854,2025-04-01,PLT03,C,SUP0087,Night,3483,503746.41,0.0861,9.49,1.14,4323.5,32.2,58542.62,68.0,0,Normal
B002942,2025-01-14,PLT06,C,SUP0059,Day,983,126478.65,0.0798,13.04,1.35,1088.8,30.2,17639.58,76.9,0,Normal
B001132,2025-05-02,PLT08,A,SUP0176,Day,2293,213969.08,0.0584,3.04,2.13,1681.5,25.8,14463.32,94.6,0,Normal
B001450,2025-04-04,PLT10,D,SUP0032,Day,1160,204491.0,0.0737,3.23,1.06,1481.2,30.2,16511.94,80.9,0,Normal
B004970,2025-04-09,PLT07,D,SUP0121,Night,1399,236967.22,0.0772,4.31,4.97,2482.2,35.0,46448.04,72.1,0,High
B000016,2025-01-28,PLT03,C,SUP0140,Day,2249,340184.9,0.0909,1.09,3.68,2930.7,44.0,46166.66,80.6,0,Normal
B003233,2025-11-03,PLT10,B,SUP0160,Day,700,77520.35,0.0608,2.9,3.63,714.8,27.8,7426.09,72.6,0,Normal
B002770,2025-11-06,PLT01,B,SUP0016,Night,1467,168729.62,0.0863,6.75,5.16,1346.2,28.6,34921.96,64.3,0,High
B003469,2025-02-15,PLT02,B,SUP0101,Night,1014,120743.16,0.0971,1.06,2.75,909.3,29.2,20848.23,72.2,0,Watch
B000921,2025-02-27,PLT05,A,SUP0168,Day,1533,129750.38,0.0664,2.62,1.39,1217.5,,9144.25,76.1,0,Normal
B003030,2025-06-13,PLT01,D,SUP0153,Day,1274,216211.18,0.0276,1.45,3.59,1924.6,31.7,21913.31,84.6,0,Normal
B001373,2025-12-31,PLT02,A,SUP0171,Day,1488,132342.81,0.0852,7.47,2.42,1398.4,34.6,24992.77,79.5,0,Watch
B003588,2025-12-07,PLT03,A,SUP0095,Day,1909,167531.67,0.1193,7.94,11.36,1485.7,24.3,36440.55,50.5,0,High
B002545,2025-01-15,PLT04,C,SUP0055,Night,710,98752.4,0.1149,10.78,3.51,997.5,27.4,21641.74,71.9,0,High
B003599,2025-02-16,PLT05,A,SUP0058,Day,1511,133819.66,0.1103,4.48,2.46,1088.1,37.0,14476.58,62.3,0,Normal
B000039,2025-05-28,PLT10,C,SUP0097,Day,2283,322303.53,0.0946,1.47,4.18,2830.3,,59306.54,69.9,0,Watch
B000364,2025-04-15,PLT01,A,SUP0043,Day,1641,146857.52,0.0859,5.47,1.58,1119.6,31.1,15404.79,72.9,0,Normal
B004701,2025-12-31,PLT01,B,SUP0079,Night,941,105891.29,0.0756,11.22,2.4,922.4,26.2,13424.62,75.4,0,Normal
B000183,2025-06-12,PLT06,D,SUP0132,Night,3326,522894.26,0.1018,16.01,5.07,5383.1,39.4,114516.81,60.6,0,High
B003034,2025-07-01,PLT03,D,SUP0137,Night,1655,289969.03,0.1185,5.2,8.51,2149.2,27.1,76194.83,70.7,1,Critical
B002984,2025-10-18,PLT02,C,SUP0121,Night,928,135954.12,0.067,2.46,1.57,1278.4,19.5,13642.75,77.2,0,Normal
B001195,2025-02-11,PLT02,C,SUP0177,Night,1864,271796.97,0.109,11.11,2.05,1855.3,21.0,27624.73,79.8,0,Normal
B002853,2025-10-17,PLT10,A,SUP0066,Day,972,84396.74,0.0876,4.22,2.92,887.9,21.9,10457.85,78.0,0,Normal
B003840,2025-04-16,PLT08,A,SUP0040,Day,1977,181672.41,0.0845,8.3,1.36,1659.6,30.4,22030.3,74.7,0,Normal
B001122,2025-02-06,PLT01,D,SUP0072,Day,1557,266064.76,0.0976,1.36,2.78,2096.7,18.9,34043.72,72.9,0,Normal
B002236,2025-09-29,PLT09,A,SUP0112,Night,1106,110218.9,0.0659,7.95,2.43,798.0,18.7,15882.52,85.6,0,Normal
B002668,2025-12-14,PLT03,A,SUP0171,Night,1211,107550.28,0.0701,6.6,1.89,925.3,,6302.05,75.4,0,Normal
B002328,2025-01-29,PLT10,C,SUP0126,Night,2370,337302.22,0.1049,4.28,4.81,2598.5,29.0,68508.56,66.3,0,High
B003224,2025-09-21,PLT10,A,SUP0115,Day,1695,141919.53,0.0688,8.07,3.76,1439.7,24.7,11315.47,80.0,0,Normal
B001183,2025-09-07,PLT08,A,SUP0032,Day,937,88527.93,0.0848,10.94,2.69,704.0,33.2,14305.69,79.4,0,Normal
B004227,2025-05-10,PLT10,A,SUP0178,Day,647,54798.27,0.1252,14.36,3.02,641.2,33.4,7851.85,54.4,0,Normal
B004338,2025-01-28,PLT06,A,SUP0150 ,Night,1321,105067.47,0.0806,9.28,1.33,797.9,35.9,11732.32,74.5,0,Normal
B000615,2025-02-08,PLT01,B,SUP0144,Day,1500,164766.13,0.085,6.02,5.81,1268.8,20.9,32087.49,82.5,0,Watch
B004959,2025-09-21,PLT09,B,SUP0057,Day,1154,151657.84,0.0819,8.13,3.71,1112.1,29.0,18467.81,73.4,0,Normal
B001467,2025-06-02,PLT05,D,SUP0006,Day,1435,246275.23,0.0912,1.64,3.73,2065.7,30.6,43364.2,84.0,0,Watch
B000402,2025-06-23,PLT10,C,SUP0030,Day,640,89663.08,0.0925,2.46,8.63,974.8,29.0,18186.79,70.6,0,High
B003043,2025-02-24,PLT05,B,SUP0020,Day,2233,254860.92,0.1014,4.7,2.09,2442.4,33.2,36313.07,65.9,0,Normal
B000935,2025-03-13,PLT08,D,SUP0032,Day,2289,429941.6,0.0981,7.67,2.44,3427.6,30.8,52389.19,56.4,0,Normal
B002420,2025-04-26,PLT09,C,sup0047,Night,637,105295.24,0.0571,5.16,7.84,813.9,25.5,19191.72,84.5,0,Watch
B004180,2025-11-08,PLT01,A,SUP0063,Night,1696,147292.41,0.1132,1.91,2.7,1431.3,31.9,26986.93,70.3,0,Watch
B004560,2025-12-27,PLT07,B,SUP0143 ,Night,1843,199891.96,0.0845,,1.18,1737.2,32.4,20839.46,75.6,1,Normal
B002642,2025-10-28,PLT01,C,SUP0013,Night,1994,286819.73,0.0621,1.58,0.9,2022.8,37.6,24807.22,84.0,0,Normal
B004097,2025-03-08,PLT09,B,SUP0028,Night,1765,235147.57,0.0645,,3.38,1828.2,29.9,32803.93,97.4,0,Normal
B000727,2025-01-11,PLT06,B,SUP0019,Night,1397,140411.78,0.0857,10.76,3.99,1593.1,26.8,17163.78,70.3,0,Normal
B000827,2025-03-14,PLT08,A,SUP0100,Day,1353,125819.12,0.0975,6.59,7.92,1043.0,33.6,27379.44,74.3,0,High
B001522,2025-08-05,PLT08,B,SUP0129,Day,1562,190019.42,0.0708,9.47,1.58,1510.1,33.1,30153.11,77.6,0,Normal
B004794,2025-07-08,PLT07,B,SUP0040,Night,1436,151274.72,0.0685,4.82,1.22,1384.4,23.8,23124.14,75.7,0,Normal
B002931,2025-09-04,PLT09,D,SUP0169,Night,692,144800.68,0.0937,1.45,8.09,1098.3,19.1,28423.42,71.5,1,High
B000137,2025-08-30,PLT02,D,SUP0032,Night,1014,177280.88,0.0774,5.62,3.2,1509.9,35.1,39527.01,64.6,0,High
B003591,2025-05-20,PLT07,A,SUP0106,Day,1511,126546.76,0.0539,1.47,3.38,1142.7,,13029.45,77.2,0,Normal
B000629,2025-04-04,PLT01,B,SUP0026,Night,1241,139801.49,0.0904,11.57,3.95,1317.3,36.0,23556.97,73.5,0,Watch
B000335,2025-05-13,PLT04,B,SUP0019,Day,3245,349972.35,0.07,7.39,8.56,3047.9,34.7,68624.17,74.7,0,Watch
B000391,2025-09-05,PLT02,D,SUP0177,Day,1997,354703.48,0.0658,4.31,13.25,3525.0,17.7,105216.55,78.4,0,Critical
B004432,2025-08-20,PLT07,C,SUP0011,Night,1241,170217.03,0.0921,2.98,4.45,1815.7,30.6,34801.67,82.0,0,High
B004926,2025-05-16,PLT09,B,SUP0053,Night,1009,128454.27,0.0635,3.47,2.82,974.1,28.2,14219.19,80.3,0,Normal
B003907,2025-05-09,PLT02,B,SUP0014,Day,1639,188230.54,0.0142,11.3,2.51,1579.4,36.0,31136.23,86.5,0,Normal
B001818,2025-04-14,PLT08,B,SUP0033,Day,1579,191962.42,0.1207,9.56,2.03,1232.6,,33874.68,67.8,0,Watch
B000401,2025-12-26,PLT09,A,SUP0046,Night,1633,165032.02,0.0878,8.42,4.98,1436.5,23.8,15948.96,68.7,0,Normal
B000711,2025-07-15,PLT08,C,SUP0072,Night,1014,153042.13,0.1542,4.4,2.06,1372.9,26.6,26833.33,62.0,0,Watch
B001040,2025-08-29,PLT08,A,SUP0168,Day,1190,110269.01,0.0651,3.99,3.98,734.3,30.9,13433.72,82.4,0,Normal
B004069,2025-09-06,PLT09,B,SUP0015,Day,1759,229272.58,0.0946,0.59,1.17,1486.5,34.0,23856.02,72.9,0,Normal
B003360,2025-10-07,PLT08,A,SUP0176,Night,749,67068.01,0.0868,7.91,6.1,820.7,32.4,12495.07,70.6,0,Watch
B000047,2025-09-12,PLT07,B,SUP0083,Day,2145,233686.87,0.1027,8.01,8.81,2370.0,26.1,55179.93,72.1,0,Critical
B001562,2025-04-04,PLT04,C,SUP0043,Night,1320,181218.23,0.07,3.62,7.14,1370.9,39.1,29591.48,83.4,0,Normal
B004849,2025-03-25,PLT04,A,SUP0103,Night,2653,231774.56,0.1135,5.64,0.98,2068.2,19.6,38351.13,74.7,0,Normal
B003643,2025-10-07,PLT07,C,SUP0083,Day,1736,235963.36,0.0837,6.25,2.17,2006.7,29.9,20745.35,69.3,0,Normal
B003727,2025-08-18,PLT04,C,SUP0179,Day,913,127815.17,0.0712,0.67,0.77,961.9,24.7,5372.88,76.7,0,Normal
B004893,2025-03-29,PLT03,A,sup0047,Day,1725,155746.27,0.0587,3.43,2.5,1283.8,21.2,5783.35,76.4,0,Normal
B001113,2025-11-06,PLT08,B,SUP0146,Day,1104,132491.32,0.074,6.98,6.81,1113.9,24.5,19878.47,72.8,0,Normal
B002514,2025-12-10,PLT07,A,sup0027,Day,1290,110316.09,0.0688,3.45,1.58,913.6,29.4,11090.36,79.6,0,Normal
B003609,2025-08-23,PLT05,D,SUP0077,Day,1379,248483.49,0.1069,1.43,6.24,2239.6,26.6,49070.27,72.7,0,Watch
B001224,2025-07-12,PLT07,A,SUP0040,Night,2182,183083.84,0.0787,5.23,5.81,1918.0,28.9,36294.83,75.8,0,High
B004907,2025-02-06,PLT06,B,SUP0033,Day,1072,106850.81,0.1065,2.28,0.73,956.8,30.3,15794.45,76.9,1,Normal
B003024,2025-05-08,PLT03,B,SUP0026,Day,1136,129844.52,0.0768,5.33,19.57,1366.5,29.9,43545.68,79.8,0,Critical
B002422,2025-04-17,PLT04,A,SUP0124,Day,1673,138402.14,0.1208,13.39,5.84,1267.2,37.2,30427.54,66.1,0,High
B001509,2025-04-25,PLT03,A,SUP0021,Day,1771,159755.92,0.1174,5.26,13.0,1495.3,28.7,49671.95,62.4,0,Critical
B001751,2025-08-18,PLT08,B,SUP0087,Day,2692,312959.85,0.0799,10.6,3.49,2081.8,30.3,45720.8,79.7,0,Normal
B004887,2025-03-05,PLT05,B,SUP0147,Day,1465,165407.17,0.0935,6.52,6.75,1424.8,32.8,30693.0,86.6,0,Watch
B004138,2025-12-20,PLT07,A,SUP0106,Day,1760,148087.39,0.0942,1.02,3.02,1148.7,27.5,12776.19,71.1,0,Normal
B001800,2025-09-24,PLT01,B,SUP0057,Day,1484,162616.67,0.0755,1.87,2.39,1227.9,24.1,12280.17,92.6,0,Normal
B000339,2025-07-12,PLT08,B,SUP0117,Night,775,90780.46,0.075,6.87,2.43,608.7,33.8,9430.22,78.0,0,Normal
B000216,2025-02-04,PLT08,D,SUP0166,Day,1889,338131.64,0.053,6.06,1.6,2550.4,28.9,36616.26,82.8,0,Normal
B003664,2025-08-15,PLT04,C,SUP0133,Night,996,137509.22,0.0905,1.84,2.31,1058.2,26.4,24505.18,75.5,0,Watch
B001342,2025-02-13,PLT01,C,SUP0017,Night,3032,438393.14,0.0684,2.06,0.36,3733.8,21.8,46088.85,86.6,0,Normal
B000012,2025-08-16,PLT07,C,SUP0168,Night,1935,268858.29,0.0515,2.38,3.72,2168.4,24.9,36410.86,87.5,0,Normal
B001521,2025-10-07,PLT02,C,SUP0087,Night,1056,153376.19,0.0633,3.87,1.27,1039.7,32.4,19645.16,81.1,0,Normal
B003641,2025-06-14,PLT08,A,SUP0030,Night,1026,93560.7,0.0784,13.64,8.72,921.2,,19164.88,72.3,0,High
B004744,2025-02-16,PLT10,A,SUP0112,Night,1861,158963.96,0.0507,2.89,0.13,1085.5,20.6,9366.33,78.6,1,Normal
B003849,2025-06-04,PLT04,B,SUP0041,Day,1112,123390.94,0.127,3.31,1.38,896.3,30.5,15358.27,84.1,0,Normal
B003005,2025-11-30,PLT01,A,SUP0103,Night,1150,96730.84,0.1173,14.12,4.52,921.7,18.7,19331.35,73.0,0,High
B002865,2025-03-23,PLT04,B,SUP0082,Night,878,95116.79,0.117,3.37,6.83,1045.8,22.4,17670.29,71.7,0,Watch
B003116,2025-10-31,PLT07,C,SUP0092,Day,1061,145978.48,0.0663,3.93,5.7,1476.3,31.0,18800.03,72.2,0,Normal
B004890,2025-08-16,PLT07,A,SUP0059,Night,1412,117092.19,0.0661,3.6,3.83,1197.3,33.4,21768.0,73.6,0,Watch
B002323,2025-11-21,PLT03,B,SUP0108,Day,903,102874.75,0.0943,12.29,9.53,1018.1,24.2,25162.17,70.4,0,High
B002572,2025-06-04,PLT06,B,SUP0068,Night,1215,119730.03,0.1032,4.67,7.47,1155.4,28.0,24527.94,64.2,0,High
B002914,2025-06-07,PLT06,D,SUP0152,Day,1495,236090.43,0.1013,3.5,1.97,2165.6,27.4,25840.6,68.8,0,Normal
B000102,2025-02-15,PLT08,B,SUP0085,Day,1377,161211.47,0.1081,3.66,6.03,1650.7,31.4,37387.82,72.2,0,High
B003550,2025-10-27,PLT07,B,SUP0072,Day,1118,126970.04,0.1055,2.62,4.76,1233.8,22.4,19090.1,77.7,0,Normal
B001459,2025-01-11,PLT01,C,SUP0076,Day,1811,265772.97,0.0941,5.54,5.18,2378.6,23.5,44075.33,83.5,0,Normal
B000172,2025-02-20,PLT05,C,SUP0030,Night,1032,148169.92,0.1168,16.97,10.38,1188.4,27.9,45426.66,61.6,0,Critical
B000108,2025-12-30,PLT09,A,SUP0124,Night,3143,313892.1,0.1154,3.25,3.55,2233.9,30.8,66006.49,62.4,0,High
B004240,2025-07-22,PLT06,B,SUP0141,Night,2361,234636.76,0.1121,1.98,4.13,2120.6,28.6,35255.46,79.4,0,Normal
B003570,2025-09-08,PLT01,C,SUP0144 ,Day,631,90190.24,0.1212,1.28,3.87,775.9,18.7,15847.42,72.2,0,Watch
B003695,2025-06-07,PLT06,C,SUP0077,Day,1791,239402.11,0.085,9.86,7.48,1871.1,28.2,51947.91,76.2,0,High
B004340,2025-10-23,PLT03,B,SUP0117,Night,2653,308629.99,0.0658,5.03,8.2,2335.4,28.1,67409.09,70.6,0,High
B000025,2025-04-11,PLT03,B,SUP0054,Night,1248,150410.7,0.0936,4.93,0.71,1002.2,22.0,19879.67,62.6,0,Normal
B003937,2025-03-25,PLT05,B,SUP0152,Night,2202,250633.62,0.0821,3.76,8.06,2474.4,25.2,63900.75,68.3,0,Critical
B004397,2025-08-27,PLT08,A,SUP0046,Day,1507,139148.37,0.1114,3.68,7.62,1133.2,32.6,24771.72,68.7,0,Watch
B000939,2025-02-04,PLT01,C,SUP0061,Night,1931,273075.01,0.0509,2.61,,2471.8,37.5,39194.07,89.3,0,Normal
B000061,2025-11-28,PLT01,C,SUP0043,Day,1850,262301.16,0.0938,2.64,6.08,2327.8,23.5,53054.77,67.3,0,High
B001241,2025-11-07,PLT01,B,SUP0161,Day,1261,144543.53,0.0464,1.19,8.64,1542.1,31.1,24226.47,80.9,0,Watch
B004685,2025-07-31,PLT08,A,SUP0066,Night,2007,186417.63,0.0963,1.5,0.3,1332.4,26.1,22347.49,75.9,0,Normal
B001041,2025-02-10,PLT03,D,SUP0150,Night,770,136925.2,0.0643,1.61,10.23,1251.9,25.4,35815.15,79.6,0,Critical
B004230,2025-09-19,PLT06,C,SUP0115,Day,1645,208073.8,0.0922,18.29,4.49,1800.6,26.8,45898.16,67.1,0,High
B002761,2025-04-17,PLT01,B,SUP0045,Night,1167,132744.1,0.07,1.45,3.89,919.8,28.7,17154.14,72.9,0,Normal
B002121,2025-04-08,PLT06,D,SUP0136,Day,1214,190162.02,0.0853,4.43,4.03,1553.6,19.4,27969.36,84.3,0,Normal
B001525,2025-01-30,PLT08,A,SUP0150,Night,1791,166555.67,0.0722,2.86,5.28,1356.6,19.3,27851.45,84.8,0,Watch
B003522,2025-09-22,PLT10,B,SUP0068,Day,1519,168878.74,0.1034,13.47,4.03,1451.9,24.5,24302.77,76.8,0,Normal
B000154,2025-07-25,PLT04,D,SUP0066,Night,1550,261453.48,0.0832,2.77,6.33,2209.8,26.1,48915.76,78.0,0,Watch
B002249,2025-03-17,PLT10,C,SUP0108,Day,866,123429.34,0.1252,1.62,5.15,1065.2,23.3,26373.75,61.1,0,High
B000482,2025-11-01,PLT05,D,SUP0021,Day,1188,205762.39,0.1244,1.99,2.95,1664.0,37.5,28556.02,60.5,1,Normal
B004764,2025-02-22,PLT10,C,SUP0126,Night,1450,211164.24,0.065,6.3,1.75,1541.1,25.5,26378.19,77.5,0,Normal
B004350,2025-10-03,PLT03,A,SUP0022,Day,888,77786.73,0.0848,7.28,3.06,631.1,21.4,10141.4,61.8,0,Normal
B003579,2025-03-09,PLT04,C,SUP0147,Day,1266,171194.8,0.0898,5.72,4.74,1609.4,22.3,29701.13,71.7,0,Watch
B004168,2025-10-06,PLT01,C,SUP0018,Night,721,103216.45,0.0892,2.68,4.13,954.6,26.2,16054.32,74.3,0,Normal
B003563,2025-07-07,PLT03,A,SUP0028,Day,1889,168890.64,0.1,3.39,2.24,1274.2,27.9,18619.74,76.3,0,Normal
B003316,2025-08-31,PLT05,C,SUP0147,Night,2492,361444.32,0.1197,6.44,1.13,2683.3,18.9,49691.86,69.2,0,Normal
B001763,2025-11-26,PLT07,C,SUP0098,Day,986,140120.2,0.046,11.89,4.17,1217.8,28.9,17674.89,76.9,0,Normal
B003539,2025-04-22,PLT01,A,SUP0047,Day,1407,121615.34,0.0647,6.43,5.66,1181.6,26.3,15890.48,76.0,0,Normal
B004853,2025-12-24,PLT01,D,SUP0012,Day,1205,207015.59,0.1521,8.32,3.83,1791.3,31.4,49167.09,55.4,0,High
B000751,2025-02-15,PLT02,B,SUP0083,Night,910,105233.81,0.0833,9.88,8.23,1173.8,20.8,24936.79,82.4,1,High
B003620,2025-09-26,PLT04,D,SUP0121,Night,2521,430093.68,0.1559,11.69,9.1,4008.1,24.2,124968.13,54.0,0,Critical
B001786,2025-07-01,PLT01,C,SUP0144,Night,1215,172090.96,0.1026,1.19,0.49,1131.4,28.9,16628.51,79.1,0,Normal
B004315,2025-01-18,PLT03,B,SUP0141,Day,1364,159796.15,0.0849,3.52,2.13,1091.6,31.0,13728.07,75.3,0,Normal
B003384,2025-02-24,PLT05,C,SUP0133,Day,1022,145612.23,0.1262,2.97,1.78,1103.7,25.5,28347.23,69.0,0,Watch
B004181,2025-05-04,PLT01,B,SUP0097,Day,1515,169841.8,0.0758,2.86,5.66,1560.3,30.7,23730.15,81.4,0,Normal
B000406,2025-07-12,PLT01,C,sup0044,Night,1524,211992.19,0.0908,6.4,1.0,1825.5,24.5,34617.31,81.6,0,Normal
B000758,2025-12-02,PLT06,A,SUP0174,Day,852,65839.35,0.0957,5.98,3.59,,22.8,8961.3,74.8,0,Normal
B002712,2025-10-19,PLT09,C,SUP0076,Night,2088,338804.94,0.1158,4.93,1.79,2608.2,33.4,63468.64,63.9,0,Watch
B002671,2025-06-14,PLT05,A,SUP0142,Day,1404,123708.98,0.0652,2.25,2.79,1089.8,20.0,13934.3,80.6,0,Normal
B004842,2025-01-19,PLT06,B,SUP0082,Night,1148,114171.83,0.0935,8.69,3.67,1150.3,33.1,20158.02,76.8,0,Watch
B000098,2025-12-28,PLT08,A,SUP0152,Night,1265,115245.3,0.1018,9.14,5.82,992.1,27.6,20198.32,65.3,0,Watch
B001334,2025-01-12,PLT09,A,SUP0128,Day,1659,168553.03,0.1412,6.61,6.14,1256.0,27.8,46143.81,58.0,0,Critical
B004797,2025-09-23,PLT06,B,SUP0068,Day,1350,136954.05,0.1043,14.46,2.83,1409.4,31.6,22033.13,68.1,0,Normal
B002792,2025-06-14,PLT03,B,SUP0158,Day,1961,226601.1,0.1108,8.52,6.42,1942.5,22.8,37713.35,68.3,0,Watch
B002855,2025-03-02,PLT01,D,SUP0021,Night,2131,378404.66,0.1186,3.61,14.97,3529.7,21.8,142754.92,76.9,1,Critical
B000187,2025-08-23,PLT01,A,SUP0003,Night,1177,101860.42,0.0979,4.34,2.98,809.1,21.9,14244.19,77.9,0,Normal
B004083,2025-06-23,PLT10,D,SUP0133,Night,1796,313712.3,0.1173,2.15,12.61,2625.2,28.6,100184.25,73.0,0,Critical
B002724,2025-03-16,PLT01,A,SUP0045,Night,1379,119480.97,0.029,6.21,19.05,1224.6,25.0,30874.03,80.3,0,Critical
B003584,2025-11-18,PLT03,D,SUP0020,Night,1695,303840.29,0.1024,2.95,2.47,2252.9,31.3,43832.85,72.4,1,Normal
B002059,2025-01-27,PLT04,B,SUP0028,Night,1061,115070.15,0.0582,6.79,2.07,767.9,34.6,14520.9,74.9,0,Normal
B001320,2025-07-05,PLT01,D,SUP0135,Day,2165,372762.67,0.0857,,4.66,3284.8,35.5,56861.1,77.9,0,Normal
B004242,2025-02-02,PLT03,D,SUP0022,Day,1168,210108.04,0.0622,3.03,5.39,1985.5,,29903.96,84.4,0,Normal
B000149,2025-08-11,PLT09,C,SUP0013 ,Day,1090,180540.07,0.047,2.54,1.95,1160.0,22.2,10171.57,72.0,0,Normal
B000029,2025-12-07,PLT05,A,sup0104,Night,1780,153518.1,0.0553,3.39,12.0,1534.8,,32613.99,86.5,0,High
B004183,2025-05-29,PLT10,A,SUP0060,Night,1721,148193.45,0.0987,8.24,2.77,1248.2,,29143.69,76.6,0,High
B004089,2025-02-02,PLT04,C,SUP0152,Day,1406,196026.86,0.0907,8.24,0.55,1771.6,33.6,14202.41,70.9,0,Normal
B003364,2025-05-04,PLT04,B,SUP0009,Night,1622,181047.55,0.0551,1.66,5.11,1740.3,25.5,20667.09,85.3,0,Normal
B000693,2025-06-27,PLT09,C,SUP0047 ,Night,1384,232397.77,0.0653,2.17,4.19,1501.0,29.7,16933.8,78.5,1,Normal
B002867,2025-11-19,PLT01,B,SUP0147,Day,1793,197599.87,0.1044,3.59,2.62,1316.1,27.1,27826.26,69.3,0,Normal
B003777,2025-08-15,PLT01,C,SUP0035,Day,1545,222157.39,0.1338,5.23,2.29,1665.9,25.2,27989.41,66.4,0,Normal
B001387,2025-08-21,PLT03,A,SUP0095,Day,987,90290.41,0.0764,1.56,5.22,809.7,27.1,11156.46,87.6,0,Normal
B001846,2025-04-01,PLT03,A,SUP0143,Night,3261,287714.68,0.115,4.09,3.54,2354.1,,43555.13,63.1,0,Normal
B004903,2025-01-19,PLT02,C,SUP0014,Night,2199,325896.0,0.0469,4.56,0.98,2606.6,18.9,41919.29,73.0,0,Normal
B000130,2025-05-04,PLT02,B,SUP0132,Day,987,112110.95,0.0617,4.33,7.3,1087.7,24.0,18853.61,70.2,0,Watch
B001600,2025-04-03,PLT05,A,SUP0139,Day,1425,126429.91,0.0377,4.89,2.69,1133.7,31.0,9627.85,89.2,0,Normal
B003630,2025-07-19,PLT08,C,SUP0114,Night,1757,260825.57,0.1073,11.15,5.58,2149.8,15.3,57420.98,59.7,0,High
B004662,2025-12-29,PLT06,A,SUP0175,Night,1394,109214.9,0.1081,3.33,3.41,1170.9,29.8,22682.82,76.6,0,High
B000702,2025-02-18,PLT01,D,SUP0065,Night,1535,264242.22,0.0561,7.94,5.72,1974.8,23.7,30656.56,85.7,0,Normal
B004061,2025-06-18,PLT05,A,SUP0065,Day,1319,117129.48,0.0826,3.24,,1026.4,18.7,23199.55,80.1,0,Watch
B003029,2025-05-22,PLT06,B,SUP0024,Night,879,87158.56,0.0374,2.58,2.7,925.8,29.7,11256.28,88.8,0,Normal
B002970,2025-08-08,PLT03,C,SUP0014,Day,1125,165013.57,0.0261,6.18,3.5,1511.2,37.7,17718.87,86.7,0,Normal
B004401,2025-10-06,PLT05,B,SUP0016,Night,803,90848.8,0.0906,3.68,5.27,874.6,26.8,13435.76,73.5,0,Normal
B001709,2025-11-18,PLT02,B,SUP0173,Night,695,79260.73,0.0903,9.19,4.07,600.9,25.0,16341.84,75.1,0,High
B002954,2025-10-26,PLT02,B,SUP0171,Night,606,70988.92,0.0625,5.04,5.37,660.9,29.2,12618.04,81.8,0,Watch
B000455,2025-02-18,PLT04,C,SUP0117,Day,783,107755.39,0.0804,12.7,1.74,900.3,34.0,12235.46,65.1,0,Normal
B002869,2025-02-24,PLT10,B,SUP0108,Day,1076,119079.71,0.1223,5.78,2.94,1104.3,40.5,24965.9,78.7,0,High
B002041,2025-10-24,PLT10,C,SUP0078,Day,1536,218170.96,0.0825,5.62,1.21,1805.8,36.6,15797.21,70.1,0,Normal
B001773,2025-11-09,PLT03,B,SUP0158,Night,1006,117760.58,0.1126,8.16,7.64,976.3,21.3,22690.78,66.8,0,Watch
B002316,2025-11-17,PLT04,B,SUP0068,Day,1653,177031.7,0.1085,5.29,3.49,1466.7,34.1,32368.94,76.4,0,Watch
B000610,2025-06-13,PLT10,A,SUP0142,Day,1893,167390.33,0.0701,5.29,1.77,1413.0,27.9,20308.97,80.0,0,Normal
B000168,2025-03-09,PLT05,B,SUP0041,Day,933,107623.57,0.1306,30.06,4.74,828.4,38.3,24638.61,58.1,1,High
B000731,2025-10-16,PLT10,C,SUP0061,Day,2141,292667.2,0.0648,1.88,6.08,2274.1,24.9,31220.28,83.0,0,Normal
B004293,2025-11-30,PLT06,B,SUP0066,Day,1500,152544.45,0.0727,4.51,1.02,1591.3,29.1,12032.24,68.2,0,Normal
B003359,2025-10-30,PLT04,A,SUP0027,Day,1852,158593.47,0.062,0.52,2.89,1344.0,25.9,14166.57,95.2,0,Normal
B003897,2025-11-10,PLT08,A,SUP0100,Night,1526,141075.14,0.086,11.25,0.47,820.3,32.3,13277.16,78.2,0,Normal
B002075,2025-12-17,PLT10,B,SUP0148,Day,967,107126.73,0.084,2.5,0.72,964.7,24.0,16442.82,67.3,0,Normal
B004112,2025-05-29,PLT09,C,SUP0176,Night,1168,192065.79,0.0581,4.92,3.59,1613.0,36.4,21707.32,71.8,0,Normal
B003701,2025-06-04,PLT07,B,SUP0120,Day,2380,261889.81,0.1181,7.58,1.72,1911.7,29.0,26530.87,61.2,1,Normal
B001623,2025-06-25,PLT01,A,SUP0121,Night,2847,249382.65,0.097,3.33,2.91,1980.4,24.1,34633.87,59.5,0,Normal
B000588,2025-01-09,PLT01,D,SUP0052,Day,825,143660.08,0.0565,5.27,3.31,1156.1,23.8,16683.19,83.9,0,Normal
B001402,2025-05-11,PLT09,C,SUP0025 ,Night,1621,264318.06,0.1279,4.79,2.87,2316.7,22.2,49815.57,69.5,0,Watch
B003046,2025-08-30,PLT03,C,SUP0164,Day,1357,195194.44,0.072,12.25,2.74,1643.1,25.3,24388.38,76.7,0,Normal
B003225,2025-11-07,PLT08,A,SUP0067,Day,1020,92531.77,0.0732,1.31,2.21,748.2,26.4,9946.57,81.0,0,Normal
B001701,2025-04-30,PLT01,B,SUP0120,Day,1547,172803.99,0.1067,5.28,7.67,1405.2,24.5,38432.41,79.8,0,High
B003089,2025-01-13,PLT05,C,SUP0055,Night,1618,232761.03,0.1129,4.07,1.75,1897.9,20.6,32182.88,60.8,0,Normal
B004435,2025-09-21,PLT08,C,SUP0140,Night,991,151017.65,0.0812,7.86,11.26,1469.6,21.9,35764.65,79.9,0,Critical
B002982,2025-08-26,PLT01,C,SUP0029,Night,1349,190906.98,0.1009,8.52,3.62,1751.1,24.9,32985.31,68.4,0,Watch
B000041,2025-04-01,PLT05,D,SUP0108,Day,2201,386737.45,0.103,4.15,1.05,3189.0,30.6,48869.23,74.1,0,Normal
B001380,2025-09-02,PLT03,D,SUP0166,Day,2369,416103.88,0.0573,6.8,2.59,3663.4,25.4,47422.01,77.3,0,Normal
B002090,2025-04-17,PLT08,D,SUP0021,Night,963,178544.55,0.1105,2.0,0.81,1746.7,23.4,24548.77,71.7,0,Normal
B003925,2025-09-09,PLT06,A,SUP0082,Day,1655,130431.06,0.1319,5.15,3.09,1333.1,31.5,28561.87,75.6,0,High
B002176,2025-08-10,PLT03,A,SUP0174,Night,1180,106154.66,0.0687,4.8,7.22,937.2,22.4,22324.63,81.4,0,High
B003218,2025-09-07,PLT09,D,SUP0115,Day,1474,301169.45,0.066,4.23,0.87,2152.6,23.6,47579.31,78.8,0,Normal
B002886,2025-05-15,PLT08,C,SUP0114,Night,1329,202350.08,0.1106,1.69,10.42,1813.4,29.5,40772.34,71.0,0,High
B000075,2025-07-18,PLT04,A,SUP0100,Night,1780,151897.13,0.0784,7.72,6.2,1544.3,16.3,26845.7,66.7,0,Watch
B003987,2025-05-10,PLT03,D,SUP0006,Day,1779,317417.7,0.1121,2.91,4.57,2590.7,32.7,59614.68,72.4,0,Watch
B003968,2025-05-10,PLT09,B,SUP0131,Day,1581,204435.03,0.138,2.38,9.12,1455.9,22.1,49215.76,73.6,0,Critical
B002658,2025-01-01,PLT10,B,SUP0141,Day,857,96104.38,0.0813,0.88,7.97,1039.4,40.1,21292.92,72.2,0,High
B003181,2025-01-27,PLT06,B,SUP0082,Day,1880,190436.27,0.124,14.23,1.9,1693.5,44.7,29919.07,78.9,0,Normal
B002077,2025-01-02,PLT07,D,SUP0123,Night,1670,284573.93,0.0393,,9.47,2398.7,32.7,52368.91,82.5,0,Watch
B000442,2025-12-17,PLT10,C,SUP0012,Day,1477,209386.48,0.1411,4.16,4.51,1788.9,32.1,35609.08,63.8,0,Watch
B004119,2025-12-20,PLT04,C,SUP0143 ,Day,1293,175890.15,0.085,7.74,1.2,1450.5,18.1,19162.07,75.7,0,Normal
B002052,2025-07-12,PLT04,C,SUP0180,Night,1007,139028.66,0.0801,2.66,2.67,1194.5,24.4,17303.78,71.5,0,Normal
B002542,2025-12-06,PLT10,C,SUP0117,Night,996,137621.51,0.0776,3.19,7.31,1422.0,25.1,31309.29,79.7,0,Critical
B003307,2025-05-21,PLT05,A,SUP0107,Day,875,76252.19,0.0554,7.94,5.16,597.0,24.3,12878.67,80.2,0,Watch
B001302,2025-07-01,PLT01,A,SUP0050,Day,2123,187295.26,0.0673,4.57,11.21,1619.7,32.4,42505.41,91.9,1,High
B001782,2025-03-20,PLT05,C,SUP0069,Day,1497,214109.11,0.1105,9.19,2.54,1674.5,21.2,24568.41,73.5,0,Normal
B004864,2025-03-30,PLT05,C,SUP0109,Night,1404,203272.93,0.0831,5.95,6.62,1742.8,27.5,39855.61,74.5,0,Watch
B003431,2025-05-25,PLT06,A,SUP0082,Night,1938,150918.71,0.099,8.98,2.85,1360.1,29.7,18338.73,64.2,0,Normal
B001305,2025-09-07,PLT10,B,SUP0037,Day,2172,244637.12,0.0875,8.53,1.78,1864.6,35.1,21173.49,79.9,0,Normal
B000237,2025-03-03,PLT01,B,SUP0090,Night,1116,120301.33,0.0913,1.83,2.08,948.8,22.6,18200.24,85.9,0,Normal
B002600,2025-11-26,PLT05,A,SUP0159,Day,1576,135861.11,0.1148,9.31,7.48,1224.5,33.2,29139.19,74.4,0,High
B000521,2025-08-04,PLT01,C,SUP0126,Night,772,109909.27,0.0981,5.91,2.22,1028.3,30.3,15902.67,63.0,0,Normal
B002574,2025-02-22,PLT07,D,SUP0140,Day,1096,183546.83,0.091,8.16,2.08,2004.2,27.5,27087.41,70.9,0,Normal
B003281,2025-01-13,PLT02,C,SUP0149,Night,1135,168690.46,0.096,7.25,4.32,1350.1,31.9,28594.48,62.6,0,Watch
B003187,2025-03-30,PLT04,B,SUP0091,Day,1000,109528.86,0.1076,1.16,1.46,1023.0,21.0,13472.59,64.4,0,Normal
B003954,2025-10-03,PLT04,B,SUP0083,Night,850,92290.65,0.0663,9.93,11.34,887.5,12.0,24612.64,67.5,0,Critical
B002769,2025-03-17,PLT08,D,SUP0135,Night,982,178643.7,0.0561,2.76,5.41,1976.0,34.1,31412.51,79.5,0,Watch
B000736,2025-12-23,PLT01,C,SUP0145,Day,2089,293160.87,0.107,4.18,6.97,2244.6,27.2,46441.83,72.8,0,Normal
B004752,2025-08-02,PLT10,A,SUP0021,Night,1786,155622.75,0.1075,1.19,1.24,1276.8,21.1,20497.53,62.6,0,Normal
B004980,2025-12-12,PLT03,D,SUP0163,Day,1129,209740.13,0.118,5.78,1.57,2002.8,28.4,26804.82,73.3,0,Normal
B002107,2025-11-14,PLT08,B,SUP0061,Night,1751,210295.63,0.0821,9.08,4.02,1647.4,28.7,41531.83,73.5,0,Watch
B002680,2025-06-24,PLT04,B,SUP0042,Day,1477,165531.94,0.1076,6.11,13.87,1620.6,32.9,43445.8,63.7,0,Critical
B003230,2025-04-29,PLT06,B,SUP0068,Day,2838,281842.93,0.0699,8.95,5.51,2616.3,29.2,42611.13,63.3,0,Normal
B002762,2025-01-19,PLT06,B,SUP0005,Day,1917,189822.12,0.0894,3.27,3.44,,21.2,27697.17,69.7,0,Normal
B000593,2025-03-20,PLT06,B,SUP0028,Night,1730,175825.69,0.0675,8.96,2.86,1291.6,26.0,26934.48,76.9,0,Normal
B001304,2025-07-10,PLT05,A,SUP0121,Day,1146,102682.02,0.0495,1.87,2.83,833.2,31.4,14033.76,78.1,0,Normal
B001388,2025-04-16,PLT08,A,SUP0019,Day,1472,137233.28,0.0982,6.71,1.53,1208.5,31.5,14740.12,68.8,0,Normal
B004743,2025-09-13,PLT05,D,SUP0145,Day,3302,584371.75,0.0948,3.35,5.15,5008.2,26.6,82177.29,70.7,0,Normal
B004572,2025-02-13,PLT07,B,SUP0086,Day,1718,185091.08,0.1013,5.17,1.84,1493.3,,20627.46,78.9,0,Normal
B004025,2025-01-12,PLT04,A,SUP0151,Day,1308,111300.59,0.0891,1.82,3.48,1112.6,26.7,13424.01,78.5,0,Normal
B001891,2025-05-04,PLT07,C,SUP0152,Night,1532,212518.83,0.0991,1.68,7.42,1839.9,27.3,42912.09,75.3,0,High
B002988,2025-01-25,PLT04,A,SUP0133,Day,982,83294.71,0.1187,5.62,5.84,896.6,32.6,16701.54,69.4,0,Watch
B004975,2025-01-03,PLT07,A,SUP0060,Night,1554,131678.75,0.0753,3.85,2.12,1205.1,32.7,14400.82,76.3,0,Normal
B003298,2025-11-14,PLT05,C,SUP0174,Day,1717,242271.55,0.0699,0.66,1.38,2588.6,26.8,15918.27,82.0,0,Normal
B000905,2025-11-17,PLT10,C,SUP0164,Night,647,92646.14,0.03,3.49,7.72,781.7,34.1,19360.71,90.6,0,High
B004656,2025-12-24,PLT07,C,SUP0092,Day,1078,144128.57,0.0533,6.02,1.49,1423.9,29.0,7437.24,86.5,0,Normal
B001280,2025-12-08,PLT03,B,SUP0014,Night,1448,167534.6,0.0358,8.02,2.33,1221.1,26.2,15688.66,83.7,0,Normal
B000934,2025-12-28,PLT10,A,SUP0115,Day,2220,190432.78,0.0935,8.75,3.25,1801.7,37.5,26818.47,67.4,0,Normal
B004950,2025-07-08,PLT05,A,SUP0084,Day,1070,93492.84,0.1204,7.67,4.89,887.2,12.0,16985.25,70.0,0,Watch
B002309,2025-10-06,PLT01,A,SUP0113,Day,1017,89728.37,0.0981,4.38,7.6,866.4,23.7,21083.86,74.9,1,High
B001556,2025-08-24,PLT01,C,SUP0133,Day,1886,273268.9,0.0981,1.13,9.92,2325.3,22.2,48563.1,71.3,0,Watch
B004579,2025-10-11,PLT10,D,SUP0145,Day,1107,191142.8,0.0927,1.82,1.85,1730.5,17.2,12843.77,76.8,0,Normal
B003191,2025-04-19,PLT03,A,SUP0102,Day,983,86827.49,0.0714,6.67,6.94,941.9,24.3,12812.09,76.9,0,Normal
B004487,2025-10-13,PLT10,B,SUP0040,Night,1780,204158.92,0.106,7.6,5.39,1682.0,26.5,41641.39,58.2,0,High
B000707,2025-04-26,PLT03,A,SUP0067,Night,1728,152774.09,0.0399,1.48,1.37,1343.9,28.9,9417.68,94.5,0,Normal
B004883,2025-09-19,PLT06,B,SUP0132,Day,2164,212162.38,0.0939,6.14,5.73,1715.7,29.6,28982.08,82.7,0,Normal
B003071,2025-12-01,PLT02,C,SUP0164,Day,1539,219534.54,0.0503,1.7,5.49,1941.5,27.4,27275.31,85.0,0,Normal
B000746,2025-09-22,PLT01,D,SUP0129,Day,1190,207355.4,0.0569,7.57,1.33,1725.9,29.6,7665.7,88.6,0,Normal
B003595,2025-12-20,PLT02,B,SUP0131,Day,1022,117469.76,0.121,5.17,5.27,1218.1,33.9,21139.46,71.7,0,Watch
B001940,2025-03-01,PLT04,D,SUP0092,Day,1121,187237.87,0.0637,3.89,5.21,1650.2,30.8,25981.27,74.1,0,Normal
B004445,2025-02-13,PLT06,C,SUP0106,Night,595,77408.68,0.1035,0.54,4.86,637.0,25.8,10498.22,81.3,0,Normal
B002863,2025-03-26,PLT04,C,SUP0002,Day,954,137123.26,0.1024,3.03,6.7,1039.1,19.8,24694.57,65.0,0,Watch
B004076,2025-07-08,PLT01,D,SUP0129,Day,3185,536238.63,0.0537,3.84,2.27,4569.5,25.9,47436.85,80.9,0,Normal
B000514,2025-08-14,PLT05,A,SUP0063,Night,615,55237.52,0.1301,10.59,3.35,501.0,24.0,12627.11,64.5,0,High
B000082,2025-11-30,PLT03,C,SUP0127,Day,1219,182562.49,0.0669,1.79,3.41,1617.3,28.3,25683.45,73.2,0,Normal
B002284,2025-12-09,PLT05,B,SUP0100,Day,1922,215091.92,0.1086,3.83,3.52,1935.2,23.9,27947.04,82.6,0,Normal
B001309,2025-03-07,PLT08,A,SUP0165,Night,2360,220833.71,0.045,8.77,1.24,1603.9,29.2,19430.41,86.9,0,Normal
B004594,2025-12-30,PLT08,B,SUP0031,Night,488,58537.08,0.1937,14.22,4.98,530.2,27.9,16372.7,51.6,0,Critical
B000915,2025-10-09,PLT10,B,SUP0109,Day,807,91359.24,0.0935,5.73,1.68,942.6,27.5,4470.12,79.7,0,Normal
B003453,2025-11-20,PLT09,C,SUP0164,Night,1535,248245.21,0.0799,6.65,7.65,1959.0,29.2,40520.76,81.5,0,Normal
B003696,2025-11-02,PLT03,A,SUP0162,Day,960,85081.06,0.0516,4.93,1.05,735.4,26.6,4014.77,76.2,0,Normal
B004854,2025-09-10,PLT05,C,SUP0121,Day,1718,244038.85,0.1417,9.19,7.23,2004.5,,45225.02,62.9,1,Watch
B003157,2025-03-26,PLT02,B,sup0083,Day,1640,190619.48,0.0912,4.46,6.91,1825.7,27.6,22798.22,84.3,0,Normal
B002199,2025-03-15,PLT06,A,SUP0101,Day,1166,91423.62,0.0827,1.24,5.79,940.1,23.0,16426.22,74.3,0,Watch
B004276,2025-12-02,PLT09,A,SUP0032,Day,1227,123648.53,0.0787,2.99,3.46,905.6,37.0,15810.22,74.0,0,Normal
B000775,2025-05-20,PLT10,A,SUP0162,Night,923,80194.81,0.0537,7.35,0.55,720.9,25.9,6995.23,93.2,0,Normal
B000330,2025-05-18,PLT06,B,SUP0046,Day,985,98249.03,0.1014,7.59,6.16,849.1,38.3,20891.29,73.2,0,High
B002055,2025-06-01,PLT07,A,SUP0071,Day,3336,283550.99,0.0838,13.23,5.09,2466.1,27.3,46662.94,82.2,0,Watch
B002002,2025-11-12,PLT06,C,SUP0149,Night,2080,264148.54,0.0972,8.48,3.57,2587.7,33.3,40803.7,69.7,0,Normal
B000944,2025-08-11,PLT10,C,SUP0059,Day,985,142031.55,0.0756,11.61,3.03,1326.0,28.1,17109.87,73.3,0,Normal
B000823,2025-05-01,PLT09,B,SUP0031,Night,4094,530753.77,0.1159,4.61,14.52,3648.9,27.2,184737.28,66.4,0,Critical
B004573,2025-04-22,PLT04,A,SUP0045,Day,1180,98545.19,0.0726,0.39,0.56,1092.3,26.7,9969.13,76.2,1,Normal
B000910,2025-01-17,PLT07,A,SUP0006,Night,1120,94577.81,0.0891,4.75,1.77,769.6,24.6,13894.66,66.7,0,Normal
B002517,2025-12-29,PLT10,B,SUP0045,Night,1220,136449.41,0.0656,7.61,0.85,1109.3,28.2,12280.77,75.6,0,Normal
B000182,2025-01-29,PLT01,B,SUP0147,Day,1295,144983.3,0.0802,4.64,4.81,1215.2,29.5,16428.95,78.8,1,Normal
B000165,2025-04-24,PLT10,C,SUP0087,Day,1144,167198.39,0.1016,2.98,2.26,1499.8,33.3,21083.98,72.5,0,Normal
B001524,2025-06-18,PLT10,C,SUP0177,Day,1488,206027.61,0.1237,9.38,1.77,1777.2,25.8,27537.06,66.6,0,Normal
B000452,2025-12-19,PLT10,C,SUP0119,Day,1260,181979.68,0.1273,6.46,6.97,1719.7,31.8,36878.29,68.1,0,High
B003984,2025-12-06,PLT01,B,SUP0033,Night,975,110188.82,0.1159,11.83,0.29,844.2,30.0,15042.16,66.0,0,Normal
B002539,2025-08-26,PLT05,C,SUP0168,Day,1334,191488.98,0.0515,2.18,1.97,1449.8,28.4,13139.78,79.9,0,Normal
B004148,2025-09-15,PLT08,C,SUP0075,Night,932,139331.9,0.1062,5.22,3.24,894.5,26.8,24819.9,77.0,0,Watch
B004825,2025-08-03,PLT08,C,SUP0069,Day,2786,418147.51,0.0713,3.03,4.33,3310.3,17.4,56035.19,75.5,0,Normal
B001312,2025-03-03,PLT05,C,SUP0138,Day,1202,176912.34,0.1048,10.68,3.88,1498.9,24.8,31120.25,65.7,0,Watch
B003150,2025-08-31,PLT09,B,SUP0029,Day,1396,185160.65,0.089,7.34,8.32,1404.3,20.5,39056.57,74.1,0,High
B001112,2025-10-05,PLT03,C,SUP0043,Night,1074,154097.0,0.0853,0.95,3.91,1369.3,35.5,28360.61,74.0,0,Watch
B004641,2025-06-09,PLT07,A,SUP0142,Night,1662,139057.26,0.0856,8.44,3.29,1351.2,22.5,19676.38,71.7,0,Normal
B003875,2025-05-03,PLT05,C,SUP0076,Day,1305,190750.02,0.107,8.56,7.67,1838.8,28.1,55963.15,80.4,1,Critical
B003490,2025-09-21,PLT09,A,SUP0023,Night,2098,208128.89,0.1083,8.85,3.92,1790.5,23.9,25200.87,59.1,0,Normal
B001288,2025-12-06,PLT02,A,SUP0093,Day,1626,142738.16,0.1064,3.34,3.45,1283.3,27.6,21869.91,79.1,0,Normal
B004220,2025-03-12,PLT07,D,sup0108,Day,860,148249.5,0.1381,3.63,2.97,1505.7,20.5,28782.38,65.3,0,High
B004693,2025-07-15,PLT10,C,SUP0011,Day,1643,228714.97,0.0806,4.88,3.95,2027.5,37.4,33659.64,79.6,0,Normal
B003681,2025-12-14,PLT04,D,SUP0108,Day,1454,248102.4,0.13,7.55,2.62,2497.6,29.0,40438.36,68.8,0,Normal
B004375,2025-11-28,PLT02,A,SUP0067,Day,1019,90302.36,0.0874,4.22,5.37,933.4,21.9,12103.31,73.3,0,Normal
B004211,2025-12-10,PLT04,D,SUP0084,Night,1022,172913.5,0.1373,2.53,7.93,1998.0,37.1,47650.04,69.8,0,Critical
B003301,2025-10-16,PLT06,B,SUP0172,Night,1493,150619.11,0.0786,6.32,11.58,1412.8,24.9,39171.86,60.8,0,Critical
B003311,2025-08-29,PLT07,C,SUP0022,Day,1238,169483.94,0.0828,1.56,2.14,1667.0,,17841.06,76.1,0,Normal
B004602,2025-05-23,PLT08,A,SUP0137,Day,2414,217002.32,0.126,16.23,3.53,1821.7,24.3,52463.83,70.2,0,Critical
B003126,2025-02-10,PLT04,B,SUP0140 ,Day,1273,143562.86,0.0918,5.71,6.07,1183.8,33.0,20426.61,84.9,0,Normal
B000328,2025-12-06,PLT05,C,SUP0149,Night,2368,336505.94,0.0937,14.93,12.28,3073.2,24.4,112567.78,60.4,0,Critical
B001791,2025-03-23,PLT09,B,SUP0132,Day,1556,203781.66,0.1865,1.47,9.96,1542.9,30.4,54773.28,59.5,0,Critical
B002491,2025-12-06,PLT06,B,SUP0088,Day,1374,135644.97,0.1501,5.18,12.18,1527.3,26.6,48145.12,74.5,0,Critical
B002007,2025-09-13,PLT05,A,SUP0176,Day,1221,103740.26,0.09,3.29,2.93,958.0,24.3,10505.43,70.7,0,Normal
B002008,2025-09-13,PLT09,B,SUP0135,Day,1140,147207.73,0.0906,3.89,2.05,1147.6,27.9,20010.22,77.1,0,Normal
B001859,2025-08-14,PLT06,B,SUP0029,Day,1927,190793.33,0.1066,5.14,1.07,1626.4,29.7,15261.16,72.3,0,Normal
B004733,2025-10-02,PLT09,C,SUP0110,Day,2285,368547.39,0.0673,4.28,2.36,3291.2,24.3,33397.86,69.8,0,Normal
B000313,2025-04-21,PLT07,C,SUP0159,Night,1152,160164.76,0.1218,0.65,2.44,1228.2,29.5,24533.87,71.3,0,Normal
B000833,2025-01-31,PLT09,B,SUP0170,Day,793,102979.26,0.1101,1.08,0.83,783.4,23.3,12349.68,67.4,0,Normal
B003080,2025-02-06,PLT05,A,SUP0067,Day,1604,139649.53,0.0742,3.67,21.8,1311.2,26.0,47059.43,80.7,0,Critical
B004766,2025-07-28,PLT10,C,SUP0140,Day,861,119551.67,0.0661,4.18,0.95,1242.3,28.5,14600.71,78.5,0,Normal
B003463,2025-12-21,PLT02,A,SUP0128,Day,1224,106921.04,0.1166,8.85,2.3,974.2,37.9,15569.0,68.9,0,Normal
B001202,2025-01-09,PLT01,A,SUP0021,Night,1532,131582.71,0.0924,9.56,5.14,1257.6,20.6,231987.67,69.3,0,Normal
B004436,2025-12-01,PLT09,A,SUP0042,Day,1391,139434.77,0.1176,8.03,5.05,1001.8,36.7,23036.4,76.3,0,Normal
B003548,2025-10-19,PLT08,D,SUP0080,Day,1494,279508.17,0.0726,0.77,2.99,2220.3,34.0,36173.65,83.1,0,Normal
B004073,2025-07-28,PLT05,C,SUP0138,Day,1341,191131.25,0.0939,3.38,4.66,1814.4,21.5,38313.68,70.6,0,High
B002135,2025-01-18,PLT07,C,SUP0030,Night,1617,222969.99,0.0989,5.26,4.26,1911.3,20.8,46544.24,66.3,0,High
B003452,2025-04-16,PLT09,B,SUP0173,Day,2369,312274.18,0.11,2.03,2.73,2182.3,27.5,39987.69,73.7,0,Normal
B002210,2025-09-20,PLT02,C,SUP0077,Night,1431,209735.3,0.1034,2.08,1.95,1716.5,25.3,24613.16,73.3,0,Normal
B001902,2025-02-23,PLT10,B,SUP0165,Night,1301,141788.72,0.073,10.05,6.92,1147.6,23.7,22933.83,79.0,0,Watch
B004051,2025-10-10,PLT03,C,SUP0145,Night,1448,213687.4,0.1135,3.97,3.2,1959.6,25.8,33320.28,69.9,0,Normal
B001482,2025-07-06,PLT06,D,SUP0133,Night,1383,217837.68,0.1173,4.54,9.54,2109.1,30.9,56860.63,62.8,0,Critical
B000778,2025-09-19,PLT07,C,SUP0092,Day,1522,213013.81,0.0865,8.28,7.52,2279.0,31.1,41893.65,76.9,0,High
B000800,2025-12-11,PLT05,C,sup0133,Night,1326,192376.43,0.102,5.06,4.37,1579.3,28.0,31568.98,76.4,0,Normal
B003715,2025-01-21,PLT05,A,SUP0104,Day,1357,118882.18,0.0938,5.94,10.78,1137.9,34.0,25645.31,78.6,0,High
B003943,2025-02-09,PLT05,B,SUP0160,Night,1669,191734.94,0.059,0.78,3.28,1554.0,24.8,20761.9,80.1,0,Normal
B000055,2025-08-30,PLT10,A,SUP0116,Night,853,75572.47,0.1069,9.68,4.97,674.0,20.6,16223.82,72.4,0,High
B002973,2025-04-22,PLT09,D,SUP0130,Night,2399,482142.4,0.1214,3.89,2.32,4113.7,30.3,86712.75,58.6,0,Watch
B003336,2025-01-23,PLT07,A,SUP0128,Day,1389,114530.08,0.1336,2.87,1.77,,37.6,16150.59,79.3,1,Normal
B001921,2025-06-20,PLT04,A,SUP0116,Day,663,56977.86,0.0786,5.79,3.0,597.1,29.1,11417.69,68.2,0,Watch
B003716,2025-09-28,PLT03,D,SUP0017,Day,1654,292498.07,0.0895,6.1,4.59,2568.5,27.6,50943.64,69.9,0,Watch
B004694,2025-07-30,PLT07,C,SUP0018,Night,973,133437.14,0.05,5.35,4.63,1131.9,32.6,19697.68,80.3,0,Normal
B000947,2025-12-07,PLT10,B,SUP0044,Day,1064,118352.92,0.1819,10.54,2.78,1063.6,41.7,27583.35,60.0,0,Critical
B001702,2025-02-11,PLT02,B,SUP0026 ,Day,2204,257463.58,0.1029,8.0,2.26,1938.9,30.4,54622.99,71.3,0,High
B003294,2025-06-09,PLT10,A,SUP0037,Day,1462,127267.17,0.0616,1.51,3.21,896.9,31.6,14532.11,77.1,0,Normal
B002162,2025-01-12,PLT05,C,SUP0133 ,Day,1197,176629.66,0.1361,7.3,2.65,1554.3,35.2,39014.2,66.6,0,High
B001137,2025-10-18,PLT10,C,SUP0101,Day,1176,164588.92,0.1255,6.71,2.89,1607.3,27.8,22566.39,54.2,0,Normal
B000988,2025-08-14,PLT02,A,SUP0178,Day,1377,118439.9,0.1094,5.88,9.71,1261.0,,24224.49,67.5,0,High
B002550,2025-06-21,PLT04,A,SUP0002,Day,1257,107085.7,0.1022,4.29,5.69,1003.3,29.3,19088.71,80.8,0,Watch
B000194,2025-03-05,PLT08,B,SUP0049,Night,1165,140653.53,0.0761,7.33,1.07,1313.8,19.5,14486.89,78.0,1,Normal
B003058,2025-08-18,PLT04,A,SUP0113,Night,1025,86632.25,0.0918,1.88,2.1,768.8,29.7,11072.26,84.3,0,Normal
B003247,2025-09-01,PLT06,D,SUP0053,Day,1449,223607.61,0.0773,3.51,2.96,2288.9,23.0,32858.65,83.8,0,Normal
B001395,2025-04-05,PLT05,D,SUP0121,Day,1241,213772.09,0.0879,9.66,4.88,2054.5,32.0,27762.98,68.0,0,Normal
B002638,2025-06-22,PLT07,A,SUP0157 ,Day,1205,100312.98,0.0804,9.97,0.97,917.3,13.4,13047.75,73.5,0,Normal
B000769,2025-01-15,PLT04,A,SUP0129,Night,1601,133426.28,0.0834,2.49,3.38,1246.9,26.7,27895.14,74.2,0,High
B004751,2025-07-12,PLT09,D,SUP0153,Night,1940,383504.2,0.0322,0.55,2.75,2664.3,24.3,21187.04,86.2,0,Normal
B003091,2025-09-12,PLT07,C,SUP0159,Day,1358,191213.34,0.1324,9.14,9.22,1712.3,33.2,47666.36,69.3,1,Critical
B003496,2025-02-12,PLT01,C,SUP0119,Day,1202,170869.56,0.0953,10.68,5.33,1284.2,30.8,26972.79,75.0,0,Normal
B003216,2025-03-27,PLT07,B,SUP0057,Day,1546,169913.09,0.0914,1.2,7.67,1446.8,25.1,28066.76,75.5,0,Watch
B000286,2025-07-19,PLT03,D,SUP0163,Day,1437,255379.99,0.1135,1.56,3.71,1986.8,28.7,38051.85,71.9,0,Normal
B004989,2025-12-31,PLT05,C,SUP0142,Day,775,113714.04,0.1051,8.09,3.44,918.4,34.7,21216.89,74.4,1,Watch
B004802,2025-02-20,PLT07,A,SUP0059,Night,599,52191.71,0.0539,5.61,1.74,404.4,17.0,5239.99,71.4,0,Normal
B002333,2025-06-08,PLT07,D,SUP0084,Night,1891,311254.55,0.1481,4.46,1.53,2806.1,33.5,91297.28,66.6,0,Critical
B002718,2025-01-26,PLT10,B,SUP0087,Night,1007,114886.54,0.0777,10.4,2.35,808.2,28.6,17361.99,74.7,0,Normal
B002080,2025-06-30,PLT02,D,SUP0137,Day,1700,306549.62,0.1103,6.54,3.62,2830.0,20.7,64638.71,63.9,0,High
B003390,2025-02-01,PLT09,A,SUP0128,Night,1330,133215.56,0.1394,7.81,2.62,959.6,27.9,31510.27,64.2,0,High
B000723,2025-05-18,PLT03,C,SUP0074,Night,663,99313.89,0.1206,11.08,11.27,987.7,34.2,30023.5,67.4,1,Critical
B000952,2025-10-28,PLT01,B,SUP0104,Day,2134,242801.35,0.0821,14.91,4.83,1952.4,30.6,30754.6,60.6,0,Normal
B004411,2025-11-30,PLT08,A,SUP0050,Night,775,72364.49,0.1051,3.12,3.87,725.7,26.3,13534.25,69.0,0,Watch
B002263,2025-04-11,PLT09,C,SUP0101,Day,1204,200329.79,0.1021,6.15,3.31,1362.7,25.6,39607.05,74.1,0,High
B000990,2025-03-25,PLT02,C,SUP0030,Day,1124,167956.52,0.0651,4.29,,1544.1,21.9,13070.45,79.3,0,Normal
B003213,2025-02-23,PLT09,B,SUP0016,Night,1280,166189.06,0.1095,8.52,6.68,1229.8,27.1,36141.17,74.1,0,High
B001760,2025-12-24,PLT03,D,SUP0020,Day,1082,196149.03,0.0869,4.44,9.38,1671.5,14.9,51880.49,76.1,0,Critical
B004149,2025-02-15,PLT01,A,SUP0126,Day,1336,113243.37,0.0627,2.03,1.11,908.6,33.8,13366.53,77.9,0,Normal
B001725,2025-07-05,PLT06,A,SUP0173,Night,1772,136703.61,0.0821,7.87,4.16,1155.4,21.2,25074.61,73.0,0,Watch
B000342,2025-11-25,PLT01,C,SUP0126,Day,1145,164984.56,0.1153,4.6,5.74,1453.9,12.9,33469.57,67.9,0,High
B003702,2025-03-09,PLT05,A,SUP0129,Day,1224,109074.07,0.0569,3.15,9.65,1050.9,24.2,21241.8,80.7,0,Watch
B000689,2025-05-15,PLT02,D,SUP0123,Day,1964,360170.41,0.0807,6.93,3.64,2648.7,29.4,22648.16,77.5,0,Normal
B003433,2025-12-16,PLT03,D,SUP0104,Day,1140,209981.79,0.0951,4.65,7.0,1572.9,26.4,41344.19,83.1,0,High
B000967,2025-05-13,PLT10,C,SUP0074,Day,1401,202259.45,0.1168,1.9,0.85,1979.6,26.3,25804.85,82.0,0,Normal
B004776,2025-06-09,PLT06,D,SUP0130,Day,1378,209425.72,0.1099,8.85,2.32,1953.2,25.3,36335.58,67.8,0,Watch
B002204,2025-05-13,PLT03,B,SUP0061,Day,1431,166670.3,0.0768,4.64,3.26,1106.4,22.8,25788.87,75.4,0,Normal
B002714,2025-10-22,PLT09,C,SUP0011 ,Night,1256,209618.43,0.0807,8.1,1.44,1370.4,24.5,21418.5,76.9,0,Normal
B003573,2025-01-29,PLT04,C,SUP0032,Day,1323,187307.27,0.0666,4.01,1.39,1480.1,21.8,18134.94,75.4,0,Normal
B001991,2025-01-19,PLT09,C,SUP0043,Day,648,109261.32,0.0884,2.43,3.01,767.2,26.5,13051.38,87.3,0,Normal
B004121,2025-11-18,PLT10,C,SUP0056,Day,1109,155011.91,0.0421,3.13,4.71,1342.7,35.0,19238.3,76.7,0,Normal
B004362,2025-05-15,PLT08,C,SUP0002,Night,2275,338415.28,0.0807,10.24,3.04,2599.7,31.0,39770.1,75.5,0,Normal
B004792,2025-07-17,PLT07,A,SUP0066,Night,1391,117696.93,0.0837,1.18,1.09,1100.7,,12563.25,76.3,0,Normal
B003601,2025-06-18,PLT04,B,SUP0042,Night,1844,202629.74,0.0948,5.48,2.47,1993.7,29.2,29577.42,73.4,0,Normal
B004613,2025-03-29,PLT03,B,SUP0067,Day,1483,169137.75,0.0661,2.06,0.89,1492.4,19.3,21965.35,75.0,0,Normal
B000036,2025-11-07,PLT01,C,SUP0004,Night,879,126688.02,0.1246,1.18,3.51,997.4,,26485.62,68.2,0,High
B004167,2025-08-25,PLT03,C,SUP0111,Day,872,127902.63,0.1015,6.18,1.26,986.4,30.3,13822.53,61.1,0,Normal
B000386,2025-03-19,PLT06,A,SUP0140,Day,1198,92651.96,0.0603,7.31,2.05,924.4,22.2,11124.18,73.6,0,Normal
B004415,2025-05-04,PLT10,C,SUP0078,Day,1409,203896.0,0.1239,7.92,5.4,1999.5,25.0,46876.41,74.2,0,Critical
B004615,2025-06-05,PLT02,B,SUP0083,Night,838,95384.97,0.0665,2.82,2.14,786.2,23.7,12290.44,77.9,0,Normal
B000537,2025-04-11,PLT06,A,SUP0046,Day,1372,102091.1,0.0979,0.43,8.46,1193.1,31.7,21808.29,80.2,0,High
B004713,2025-03-09,PLT08,C,SUP0121,Night,1013,156621.45,0.1011,1.94,5.26,1231.2,32.2,26983.33,70.9,0,Watch
B003508,2025-12-14,PLT03,B,SUP0170,Night,783,91071.07,0.1049,4.72,4.2,800.4,31.6,19235.43,70.8,0,High
B000202,2025-02-17,PLT01,B,SUP0083,Day,1145,130423.72,0.0471,4.31,3.76,1124.3,24.5,8628.8,87.3,0,Normal
B001333,2025-06-07,PLT01,B,SUP0016,Night,585,66748.36,0.1119,4.79,2.74,596.1,33.2,11134.99,65.7,1,Normal
B003503,2025-02-06,PLT03,C,SUP0121,Night,1414,213095.95,0.1121,4.36,4.35,1382.7,22.8,37876.15,77.9,0,Watch
B002709,2025-01-22,PLT06,A,SUP0043 ,Day,3193,247623.3,0.0503,5.26,2.66,2098.9,31.2,15769.73,84.5,0,Normal
B004022,2025-06-09,PLT09,C,SUP0049,Day,1669,277350.71,0.0798,1.86,6.54,1794.8,30.9,39868.03,92.9,0,Normal
B001855,2025-08-17,PLT05,D,SUP0057,Day,1233,216941.11,0.0736,6.56,4.1,1720.8,34.3,33352.2,80.2,0,Normal
B004961,2025-08-04,PLT09,B,SUP0016,Day,1337,175012.47,0.1212,11.75,9.22,1439.1,34.3,41760.09,62.4,0,Critical
B002873,2025-09-27,PLT01,C,SUP0082,Day,1784,255804.89,0.11,4.67,3.71,2322.6,29.1,47590.03,76.8,0,Watch
B003031,2025-07-09,PLT01,B,SUP0161,Day,626,71403.19,0.105,4.17,3.97,669.6,21.1,11163.76,74.8,0,Normal
B001206,2025-06-22,PLT04,C,SUP0106 ,Day,1788,254844.75,0.0878,7.37,10.31,2019.1,32.7,52030.23,65.5,0,High
B001646,2025-04-17,PLT09,A,SUP0143,Night,1601,163559.25,0.0513,6.97,5.44,1145.7,22.2,30483.7,86.0,0,Watch
B003418,2025-07-25,PLT05,C,SUP0114,Night,1481,211037.5,0.1018,8.96,10.8,2018.9,25.1,55458.29,67.2,0,Critical
B003477,2025-11-02,PLT02,A,SUP0157,Day,2022,180623.48,0.1259,9.96,2.27,1317.1,34.7,24785.49,78.4,0,Normal
B002862,2025-04-23,PLT07,A,SUP0059,Day,1524,129045.97,0.0859,2.23,6.52,1173.7,37.2,26205.21,79.0,0,High
B001793,2025-04-01,PLT03,D,SUP0163,Day,1956,338980.65,0.1117,1.2,1.65,2496.8,37.7,47626.49,69.9,0,Normal
B003798,2025-12-17,PLT01,B,SUP0042,Night,1037,113375.13,0.1119,7.28,7.16,1091.8,,19387.89,82.9,0,Watch
B003369,2025-06-21,PLT01,D,SUP0022,Day,1184,208929.98,0.0642,1.69,3.77,1563.0,31.9,17277.79,76.8,0,Normal
B003368,2025-04-16,PLT03,B,SUP0135,Night,1057,122957.57,0.0776,9.71,4.33,1050.0,26.2,22209.05,69.8,0,Watch
B003534,2025-04-20,PLT10,B,SUP0125,Day,881,99451.69,0.0814,10.35,2.74,838.0,24.0,13597.85,64.6,0,Normal
B004438,2025-04-18,PLT09,D,SUP0087,Day,2535,503047.47,0.076,6.22,3.15,4092.9,28.0,58810.43,77.1,0,Normal
B003450,2025-06-22,PLT03,A,SUP0124,Day,1097,98433.53,0.0914,11.5,2.29,921.0,36.5,13171.72,77.4,0,Normal
B000604,2025-01-26,PLT08,A,SUP0081,Day,1080,98234.13,0.0392,7.48,3.64,805.1,28.8,10326.67,85.2,0,Normal
B003057,2025-07-10,PLT06,A,SUP0090,Day,2005,156384.5,0.0979,9.75,1.52,1386.5,26.4,19358.14,66.9,0,Normal
B004405,2025-07-27,PLT01,C,SUP0055,Night,1641,229698.39,0.1313,5.82,9.71,1924.2,23.1,53640.8,70.0,0,High
B000127,2025-03-31,PLT08,B,SUP0096,Day,1439,170357.48,0.0688,16.48,0.87,1384.4,15.3,25828.4,75.1,0,Normal
B003877,2025-01-02,PLT10,C,SUP0057,Night,1849,259762.49,0.064,,7.16,2216.4,28.6,38751.35,89.1,0,Normal
B002936,2025-11-20,PLT06,A,SUP0105,Day,1986,152146.53,0.1317,3.01,6.62,1310.2,31.1,29655.16,63.7,1,Watch
B003532,2025-07-01,PLT04,B,SUP0173,Night,2587,283441.12,0.0959,4.19,3.85,2132.7,15.8,55716.39,77.7,0,Watch
B002731,2025-06-27,PLT05,B,SUP0147,Day,1810,204797.86,0.0944,2.37,6.2,1444.2,29.1,485930.24,71.1,0,Normal
B000828,2025-08-09,PLT09,C,SUP0131 ,Night,1167,198270.33,0.1056,1.0,6.23,1624.1,19.6,35849.05,69.1,0,Watch
B001640,2025-12-31,PLT03,C,SUP0009,Night,1130,167773.49,0.0543,2.31,4.95,1289.6,34.8,26469.75,79.8,0,Normal
B000985,2025-01-01,PLT10,C,SUP0078,Night,1227,177169.49,0.0902,6.32,4.55,1633.7,32.5,32861.93,70.9,0,Watch
B003282,2025-05-28,PLT10,A,SUP0168,Day,1026,88257.69,0.056,0.69,1.2,760.7,28.2,5225.15,86.1,0,Normal
B000963,2025-08-26,PLT02,B,SUP0082,Night,1305,147864.38,0.106,1.78,3.14,1302.5,24.1,16999.3,73.1,0,Normal
B002189,2025-08-16,PLT10,B,SUP0109,Day,1115,125506.74,0.1045,3.28,2.15,1181.2,22.8,20020.24,70.1,0,Watch
B004894,2025-08-01,PLT09,B,SUP0152,Day,1460,192001.94,0.1028,4.42,5.82,1490.1,28.6,34865.5,64.5,0,Watch
B002444,2025-11-16,PLT02,A,SUP0090,Day,1439,126259.54,0.0859,1.0,9.46,1161.4,32.8,26383.45,82.9,0,High
B000363,2025-02-24,PLT02,C,SUP0083,Day,1363,197504.17,0.0761,0.41,7.03,1968.9,14.4,31552.83,78.1,0,Normal
B002350,2025-09-21,PLT04,A,SUP0060,Day,1767,146879.85,0.0827,3.65,2.82,1439.3,38.0,14652.75,71.8,0,Normal
B000346,2025-06-10,PLT03,B,SUP0144,Day,1844,216573.58,0.1183,1.24,6.94,2134.7,19.5,53977.85,71.4,0,Critical
B000815,2025-04-09,PLT10,A,sup0157,Day,1253,106524.31,0.126,3.52,1.32,,28.5,13418.39,68.0,0,Normal
B003206,2025-08-11,PLT01,B,SUP0109,Day,823,93700.8,0.1129,6.37,13.11,944.6,29.9,22329.32,64.9,0,High
B004324,2025-07-07,PLT07,C,SUP0030,Night,1280,181487.99,0.074,7.94,2.48,1572.5,24.5,26501.71,73.7,0,Normal
B004845,2025-07-14,PLT09,B,SUP0045,Day,1254,164293.2,0.0859,5.96,3.24,1243.7,34.4,24943.55,72.7,0,Normal
B003326,2025-11-18,PLT10,C,SUP0053,Day,1051,149661.25,0.0579,5.45,1.97,999.5,27.0,9356.96,77.0,0,Normal
B004107,2025-03-09,PLT08,C,SUP0164,Day,1586,242853.66,0.051,1.42,4.36,2281.0,,29678.24,83.4,1,Normal
B002117,2025-03-17,PLT09,A,SUP0106,Night,1649,166700.1,0.0362,7.13,3.18,1274.1,24.6,28474.82,85.9,0,Watch
B001835,2025-07-17,PLT10,C,SUP0110,Day,1193,168036.61,0.0607,10.96,0.93,1443.2,33.6,11041.22,75.0,1,Normal
B000794,2025-09-17,PLT01,A,SUP0022,Night,1232,108762.53,0.0501,2.11,0.78,815.4,26.7,6939.88,81.2,0,Normal
B004997,2025-08-25,PLT01,C,SUP0138,Day,1302,184148.75,0.1199,4.36,4.77,1572.1,24.8,34811.54,68.8,1,Watch
B002675,2025-12-22,PLT07,C,SUP0098,Night,791,106593.32,0.0438,2.1,2.73,1081.2,36.8,14092.17,78.5,0,Normal
B000095,2025-01-06,PLT09,A,SUP0137,Day,1156,115672.44,0.1344,1.78,2.12,754.7,23.6,17071.46,71.5,0,Normal
B003757,2025-06-28,PLT09,B,SUP0143,Day,1492,187841.21,0.0606,3.34,3.97,1441.0,23.6,11814.51,81.9,0,Normal
B002892,2025-05-24,PLT02,B,SUP0147,Day,1178,136439.84,0.0801,,3.37,1055.3,31.0,22976.42,77.3,0,Watch
B002372,2025-05-23,PLT08,A,SUP0142,Night,1344,123090.71,0.0933,5.88,4.76,1024.7,25.6,22503.66,71.8,0,Watch
B004934,2025-12-28,PLT06,A,SUP0088,Night,2025,157252.63,0.1086,13.67,7.44,1708.3,25.5,45701.18,60.1,0,Critical
B004477,2025-10-27,PLT02,B,SUP0117,Night,938,107618.88,0.0909,5.96,0.88,863.8,26.1,15128.85,69.2,0,Normal
B003229,2025-06-16,PLT01,B,SUP0014,Day,1053,122044.38,0.0063,4.2,3.46,936.0,31.5,9199.32,92.3,0,Normal
B002854,2025-10-07,PLT01,C,SUP0145,Day,1654,231772.82,0.1302,1.45,14.63,2290.6,31.0,68031.46,72.6,0,Critical
B002913,2025-06-14,PLT02,C,SUP0119,Day,1335,200172.33,0.0873,3.69,7.0,1744.2,23.6,35416.96,67.7,0,Watch
B001866,2025-12-04,PLT02,C,SUP0177,Day,2286,328446.82,0.0984,7.06,1.28,2404.7,41.9,35594.27,66.8,0,Normal
B001858,2025-05-01,PLT07,C,SUP0007,Day,1768,244950.7,0.0692,4.57,3.0,2305.4,34.8,30322.16,88.0,0,Normal
B002646,2025-08-25,PLT04,C,SUP0166,Day,996,140199.34,0.044,5.33,1.53,1464.8,37.0,16563.2,88.1,0,Normal
B002244,2025-04-24,PLT01,B,SUP0009,Night,1198,134547.06,0.03,2.1,3.69,1349.3,17.9,20013.39,76.4,0,Normal
B002337,2025-02-26,PLT01,B,SUP0080 ,Day,778,85583.7,0.0971,5.04,,649.4,29.5,6097.6,76.1,0,Normal
B000951,2025-12-02,PLT04,A,SUP0030,Day,890,74998.44,0.0872,10.92,5.27,656.1,29.5,13028.27,69.5,0,Watch
B003069,2025-11-29,PLT05,A,SUP0060,Day,2318,204120.4,0.083,2.34,4.55,1635.8,24.1,37522.64,72.5,0,Watch
B001121,2025-10-04,PLT07,A,SUP0063,Day,1558,128380.65,0.1014,,3.83,1086.2,30.3,26998.99,60.8,0,High
B002598,2025-08-21,PLT07,A,SUP0063,Day,1317,110984.47,0.1242,1.38,6.33,988.1,18.7,26069.13,78.1,0,Critical
B002205,2025-04-26,PLT04,B,SUP0116,Night,988,109836.01,0.0695,5.01,3.39,890.0,35.1,11933.09,78.9,0,Normal
B000420,2025-10-08,PLT07,D,SUP0022,Night,1224,204102.98,0.075,5.31,6.46,1938.6,22.7,24826.35,78.4,0,Normal
B000923,2025-12-02,PLT01,B,SUP0066,Day,1784,202365.45,0.1286,1.48,2.9,1785.5,24.4,28144.85,79.2,0,Normal
B001255,2025-07-15,PLT06,B,SUP0020,Night,1769,179431.76,0.0932,1.34,1.46,,26.9,21810.65,71.6,0,Normal
B000478,2025-11-24,PLT01,C,SUP0150,Day,1380,201492.77,0.1096,2.15,11.69,1710.6,29.7,54830.47,83.8,0,Critical
B002036,2025-12-04,PLT10,C,SUP0145,Night,2909,415351.51,0.0868,9.6,1.96,3564.8,31.9,56212.44,70.1,0,Normal
B001203,2025-04-28,PLT03,A,SUP0043,Day,1077,95780.49,0.0838,4.67,0.73,800.7,17.4,10298.31,84.0,0,Normal
B002627,2025-01-22,PLT03,D,SUP0009,Day,1391,244474.91,0.0634,6.04,4.1,2017.9,35.4,31111.74,79.0,0,Normal
B004868,2025-05-17,PLT10,C,SUP0046,Day,844,123685.05,0.1033,11.11,7.95,1288.4,36.9,24813.2,82.7,0,High
B001971,2025-05-19,PLT01,B,SUP0171,Night,1179,129464.8,0.0883,2.54,5.61,1133.3,40.1,35753.13,79.2,0,Critical
B003111,2025-09-18,PLT07,A,SUP0174,Day,1261,106283.25,0.0733,1.41,3.33,964.8,,16782.6,76.5,0,Normal
B004019,2025-04-24,PLT06,A,SUP0066,Day,1393,104918.14,0.0749,11.94,4.17,806.8,31.0,14147.13,83.6,0,Normal
B002152,2025-05-27,PLT02,C,SUP0033,Night,1772,257443.17,0.1057,1.3,1.38,2350.6,27.8,27415.57,71.1,0,Normal
B003688,2025-02-14,PLT06,C,SUP0108,Night,1344,171466.88,0.0774,3.87,2.41,1672.9,39.8,27436.8,66.1,0,Normal
B001998,2025-06-08,PLT03,D,SUP0125,Night,1458,261495.7,0.0653,4.8,5.93,2091.5,27.8,50278.63,74.1,0,Watch
B004034,2025-03-01,PLT05,B,SUP0029,Day,769,85963.25,0.0923,7.46,4.17,793.6,24.4,15319.53,67.2,0,Watch
B003055,2025-07-18,PLT02,C,SUP0047,Day,1356,199158.16,0.0527,13.67,4.27,1821.7,29.1,26984.47,70.9,0,Normal
B001249,2025-11-02,PLT01,B,SUP0141,Night,1062,122549.92,0.1048,3.71,3.87,1036.0,25.6,24159.43,72.4,0,Watch
B002193,2025-09-19,PLT04,A,SUP0152,Day,1617,136339.49,0.0921,2.06,1.67,1382.2,32.5,15964.35,74.8,0,Normal
B002713,2025-12-22,PLT02,B,SUP0172,Day,1214,140657.58,0.0955,1.7,3.17,1138.7,32.8,12967.9,84.3,0,Normal
B000993,2025-05-14,PLT09,C,SUP0154,Day,2309,379769.67,0.0304,1.05,5.05,2948.1,29.1,48963.44,86.5,0,Normal
B002191,2025-05-15,PLT10,B,SUP0155,Day,1110,123653.13,0.068,2.94,2.67,1036.2,29.6,7486.03,77.5,0,Normal
B003763,2025-04-01,PLT06,C,SUP0087,Night,1079,143588.31,0.0945,4.08,5.51,1716.8,35.4,23229.47,73.7,0,Normal
B003598,2025-11-21,PLT09,B,SUP0104,Night,861,113554.18,0.0903,5.13,1.4,854.5,29.6,15920.66,66.1,0,Normal
B001319,2025-03-06,PLT04,A,SUP0159,Night,698,60086.54,0.1086,5.3,4.65,641.6,21.6,11755.18,51.8,0,Watch
B001864,2025-12-06,PLT03,A,SUP0178,Night,1105,98089.9,0.1201,1.43,3.49,770.4,30.1,20102.1,69.0,0,High
B002344,2025-10-23,PLT09,A,SUP0104,Day,2366,239526.95,0.0921,4.62,0.98,2003.1,23.0,18213.62,73.4,0,Normal
B002450,2025-07-05,PLT04,A,SUP0019,Day,1746,144206.24,0.0739,2.39,13.54,1519.0,24.3,35508.92,66.8,0,High
B002137,2025-05-08,PLT01,A,SUP0152,Day,1940,165438.72,0.0668,8.09,8.89,1736.7,27.9,38292.61,79.9,0,High
B001066,2025-05-09,PLT05,A,SUP0071,Day,994,87001.22,0.078,7.41,5.98,776.2,19.8,16743.91,72.8,0,Watch
B000869,2025-07-19,PLT02,B,SUP0131,Night,881,99906.44,0.1049,1.96,2.34,972.2,20.0,10969.55,78.3,0,Normal
B004228,2025-07-04,PLT05,B,SUP0014,Day,1008,117201.45,0.0693,1.0,11.98,1251.5,22.1,31689.24,87.4,1,Critical
B002622,2025-08-10,PLT04,B,SUP0155,Day,1766,190021.26,0.0803,2.23,9.46,1780.2,43.5,33241.13,80.3,0,Watch
B000078,2025-05-05,PLT06,A,SUP0028,Day,965,76918.96,0.1023,3.08,4.23,785.4,34.7,9132.89,75.6,0,Normal
B002899,2025-02-08,PLT10,B,SUP0172,Day,2255,254412.67,0.1171,3.68,1.35,2197.5,23.9,36548.37,60.1,0,Normal
B001315,2025-09-22,PLT04,A,SUP0040,Night,774,65046.34,0.0874,6.02,4.22,670.0,25.8,8077.05,79.1,0,Normal
B004417,2025-11-07,PLT05,C,SUP0087,Night,1517,219803.59,0.0994,6.94,3.07,1562.8,28.5,36531.5,66.7,0,Normal
B000873,2025-08-31,PLT09,A,SUP0178,Night,1083,107387.27,0.1197,10.13,1.78,982.0,35.6,17191.27,70.9,0,Normal
B003851,2025-05-18,PLT07,C,SUP0013,Day,882,124151.84,0.0586,0.39,3.7,980.1,25.5,11502.99,64.1,0,Normal
B004837,2025-02-24,PLT03,D,SUP0153,Night,1746,311219.97,0.0503,,7.5,2368.7,33.1,40582.98,84.6,0,Normal
B002966,2025-12-06,PLT03,B,SUP0141,Day,1807,207837.81,0.097,3.29,1.9,1512.0,26.9,15488.26,78.5,0,Normal
B003392,2025-05-15,PLT05,D,SUP0040,Day,1478,260307.32,0.0634,1.29,4.71,2734.4,21.2,34986.69,87.0,0,Normal
B002561,2025-10-27,PLT07,D,SUP0080,Night,1880,319136.77,0.0849,1.36,4.78,2588.2,36.5,65620.0,80.0,0,High
B004947,2025-09-23,PLT04,A,SUP0171,Night,1900,162009.06,0.0848,3.42,1.26,1242.0,17.5,15328.17,73.1,0,Normal
B002636,2025-02-17,PLT02,A,SUP0071,Night,1898,163634.33,0.0943,2.43,3.69,1406.2,30.8,20400.65,76.7,0,Normal
B003531,2025-06-11,PLT05,A,SUP0165,Night,3010,260683.89,0.0635,2.44,6.77,2165.7,19.0,50659.35,92.5,0,Watch
B000376,2025-06-27,PLT09,A,SUP0043,Day,1259,126029.46,0.1024,5.26,3.41,976.2,28.9,20189.5,78.7,0,Normal
B001909,2025-02-18,PLT02,C,SUP0077,Day,1111,162578.49,0.1138,3.36,8.07,1422.5,27.7,36797.09,71.0,0,High
B004377,2025-01-17,PLT05,B,SUP0096,Night,1255,142594.42,0.0797,7.37,,1369.4,22.4,26475.42,79.7,0,Watch
B004424,2025-06-24,PLT07,A,SUP0142,Day,796,66293.3,0.0866,2.02,5.08,662.6,28.2,11545.9,87.9,0,Watch
B004028,2025-09-23,PLT06,A,SUP0102,Day,1387,106519.94,0.0461,2.93,9.94,1226.0,28.5,19704.78,83.5,0,Watch
B001605,2025-11-30,PLT02,C,SUP0056,Day,1674,246131.85,0.033,6.17,1.38,2005.3,22.8,17737.71,94.1,0,Normal
B001119,2025-07-10,PLT09,B,SUP0129,Day,1282,165118.93,0.0703,4.21,3.29,1227.1,26.1,24436.04,77.4,0,Normal
B003678,2025-05-20,PLT05,C,SUP0101,Night,1073,156972.51,0.1129,3.02,6.54,1313.8,23.7,41001.14,71.1,0,Critical
B003491,2025-09-10,PLT01,A,SUP0066,Day,1414,124807.59,0.1084,3.26,2.92,1008.6,18.4,25665.14,68.2,0,High
B004914,2025-04-18,PLT08,B,SUP0029,Day,1846,219743.43,0.0701,1.68,9.64,1767.8,22.7,38703.83,69.8,0,Watch
B002959,2025-11-23,PLT02,A,SUP0137,Day,2351,200930.07,0.1531,16.59,1.89,1633.0,36.7,43827.47,56.0,0,High
B001995,2025-02-15,PLT10,A,SUP0028,Night,769,68103.32,0.0672,5.77,6.27,675.7,29.8,9124.67,80.9,1,Normal
B001096,2025-11-18,PLT06,C,SUP0078,Night,800,104158.4,0.104,1.95,3.5,,37.4,14632.08,76.0,0,Normal
B004400,2025-05-26,PLT07,D,SUP0123,Night,1211,204447.47,0.0526,2.59,1.27,1489.8,20.9,16862.76,78.8,0,Normal
B002377,2025-05-07,PLT05,A,SUP0113,Night,1265,112406.37,0.095,11.9,1.25,1135.3,25.3,11630.61,61.5,1,Normal
B001343,2025-04-19,PLT02,B,SUP0037,Night,1280,147260.78,0.0474,1.39,2.86,1232.1,21.8,22101.73,86.2,0,Normal
B000321,2025-06-10,PLT03,A,SUP0022,Day,2236,200552.73,0.0706,6.37,0.97,1465.7,31.6,10285.2,94.1,0,Normal
B001620,2025-03-27,PLT10,C,SUP0049,Night,2000,280656.56,0.0953,2.78,8.14,2586.7,26.8,51885.28,83.4,0,Watch
B003714,2025-10-31,PLT01,B,SUP0041,Night,1698,194515.74,0.1281,8.42,8.65,1825.5,29.2,35624.86,73.4,0,Watch
B002061,2025-02-14,PLT08,B,SUP0016 ,Day,1214,143727.9,0.09,10.8,6.28,1141.7,21.7,25992.11,74.8,0,Watch
B002220,2025-08-26,PLT04,B,SUP0087,Night,1340,143971.42,0.0835,1.28,4.19,1185.3,33.1,24267.11,71.4,0,Normal
B001674,2025-11-01,PLT06,B,SUP0161,Day,1127,115161.43,0.0897,1.88,5.44,1004.5,32.4,13994.14,71.3,0,Normal
B000261,2025-09-16,PLT04,B,SUP0171,Day,934,103495.0,0.0978,4.25,2.89,741.8,27.6,14640.94,73.2,0,Normal
B004462,2025-05-05,PLT01,B,SUP0088,Night,1362,153541.46,0.0908,13.81,0.39,1313.9,26.4,19607.23,69.6,0,Normal
B002040,2025-11-26,PLT02,A,SUP0081,Day,2056,177458.66,0.1098,4.82,2.32,1562.4,27.9,22003.79,60.5,0,Normal
B000902,2025-07-20,PLT07,B,SUP0045,Day,1816,199993.71,0.0707,0.73,8.21,1965.5,,39477.19,79.5,0,High
B003745,2025-04-29,PLT02,C,SUP0119,Day,925,130198.18,0.1044,6.88,6.07,1336.7,27.9,20154.24,67.9,0,Normal
B002027,2025-09-19,PLT08,B,SUP0146,Day,1291,152817.32,0.0835,1.11,2.41,1217.2,26.9,13264.16,76.4,0,Normal
B004235,2025-12-11,PLT10,A,SUP0144,Day,1092,93967.68,0.121,8.49,5.42,867.2,22.9,13587.6,51.9,0,Normal
B001918,2025-10-15,PLT05,B,SUP0170,Night,1006,112352.36,0.0954,0.87,4.8,1167.7,22.3,20694.53,82.9,0,Watch
B001829,2025-07-30,PLT07,D,SUP0177,Night,1517,248867.64,0.0851,5.43,2.74,2608.7,23.8,41404.01,77.7,0,Watch
B001574,2025-06-24,PLT05,A,SUP0128,Night,3329,292097.83,0.1261,0.32,7.3,2457.4,,62421.9,62.8,0,High
B004439,2025-03-20,PLT09,B,SUP0170,Night,1643,213951.35,0.072,0.82,4.48,1551.3,20.7,36026.32,90.3,0,Watch
B004209,2025-07-11,PLT06,A,SUP0104,Day,1237,96209.99,0.0744,9.12,7.27,1008.5,25.7,17315.4,82.6,0,Watch
B000225,2025-05-13,PLT03,B,SUP0057,Day,906,106603.46,0.0762,3.09,4.75,1059.7,27.4,13909.03,68.9,0,Normal
B000724,2025-09-11,PLT05,B,SUP0108,Night,2226,258381.48,0.1344,12.95,2.12,2241.4,32.4,59941.21,60.4,0,High
B004531,2025-02-15,PLT08,A,SUP0093,Day,1028,92998.07,0.0755,2.81,2.3,780.6,18.0,9822.14,78.6,0,Normal
B001142,2025-08-17,PLT04,B,SUP0042,Day,2438,269699.62,0.1009,6.18,5.69,2310.5,29.8,65701.2,69.4,0,High
B002763,2025-06-27,PLT02,A,SUP0103,Night,1679,148240.72,0.1505,2.22,3.23,1096.0,38.2,29532.52,57.1,0,Watch
B000847,2025-10-08,PLT10,C,SUP0157,Day,1331,193736.15,0.1238,1.94,6.58,1882.9,31.6,33655.05,61.2,0,Watch
B002552,2025-06-10,PLT07,B,SUP0081,Night,1316,141035.96,0.072,,3.18,1117.0,,24375.81,71.3,0,Watch
B002929,2025-06-10,PLT01,A,SUP0035,Day,1110,94809.1,0.0662,1.31,3.07,764.7,23.7,14584.93,88.3,0,Normal
B000118,2025-05-08,PLT10,C,SUP0145,Day,1185,164746.58,0.1069,3.37,2.36,1444.1,16.5,25808.69,72.9,0,Watch
B000646,2025-12-25,PLT07,A,SUP0144,Night,1500,125815.75,0.1167,4.01,3.14,1179.7,27.6,22625.83,69.2,0,Watch
B000004,2025-03-20,PLT06,A,SUP0089,Day,1089,85707.6,0.0918,1.33,0.73,758.3,25.7,9776.45,76.0,0,Normal
B004171,2025-06-05,PLT09,D,SUP0103,Night,1224,245590.0,0.0964,5.79,3.04,1915.0,36.7,46044.7,82.7,0,Watch
B000468,2025-06-12,PLT07,B,SUP0060,Day,1185,127580.65,0.1006,4.17,4.4,1083.4,27.5,21573.26,79.8,0,Watch
B000006,2025-07-10,PLT04,A,SUP0006,Night,3194,265730.65,0.0706,5.43,3.6,1948.7,29.0,41596.89,74.8,0,Normal
B000920,2025-11-20,PLT10,C,SUP0129,Day,1302,184959.24,0.0747,0.72,7.7,1518.6,21.7,27333.64,65.8,0,Normal
B002596,2025-11-29,PLT07,B,SUP0015,Day,2986,320546.88,0.0787,2.08,1.49,2261.6,18.6,27924.59,79.8,0,Normal
B001064,2025-07-21,PLT07,B,SUP0001,Night,1462,157393.29,0.0934,1.82,3.38,1616.0,28.6,25941.48,60.9,0,Watch
B002591,2025-02-11,PLT01,C,SUP0073,Day,1574,227286.42,0.1143,17.69,3.22,1860.8,27.3,46678.91,65.3,0,High
B000243,2025-06-24,PLT08,D,SUP0077,Day,1387,256419.85,0.0978,3.73,3.27,2160.5,36.2,35766.14,76.4,0,Normal
B001161,2025-01-03,PLT09,A,SUP0137,Night,670,67193.8,0.1062,7.22,7.66,587.7,34.3,12875.7,66.6,0,Watch
B002871,2025-02-22,PLT06,D,SUP0048,Day,958,147490.8,0.0768,0.92,1.61,1293.0,28.4,17763.9,89.6,0,Normal
B003736,2025-02-20,PLT06,C,SUP0144,Day,1274,163841.2,0.0855,1.8,3.01,1452.5,35.1,20833.25,77.7,0,Normal
B002398,2025-11-28,PLT07,C,SUP0092,Night,1098,150518.27,0.0788,20.89,2.94,1468.5,,22006.24,78.1,0,Normal
B003518,2025-01-11,PLT08,B,SUP0129,Day,2995,350163.89,0.0794,5.15,2.77,2528.8,20.9,41357.45,74.2,0,Normal
B003422,2025-05-10,PLT08,B,SUP0128,Day,1477,177271.39,0.1623,7.42,5.31,1367.6,32.8,38023.2,60.1,1,High
B002564,2025-10-15,PLT09,A,SUP0152,Day,2030,204839.93,0.0608,2.14,3.02,1658.8,27.0,27330.1,79.6,0,Normal
B001606,2025-07-13,PLT10,A,SUP0159,Day,947,81666.78,0.1178,2.62,3.45,665.4,30.3,11542.42,66.3,0,Normal
B004878,2025-03-22,PLT08,D,SUP0052,Day,1513,271291.25,0.0353,2.44,1.51,2074.0,27.4,28330.47,89.2,0,Normal
B002325,2025-03-03,PLT05,C,SUP0077,Day,886,128715.63,0.0865,11.87,2.92,1286.1,30.8,14141.14,78.0,0,Normal
B002710,2025-11-17,PLT08,A,SUP0147,Night,1905,174311.41,0.1238,10.47,2.41,1123.7,29.9,30890.71,58.8,0,Watch
B004443,2025-10-23,PLT04,B,SUP0180,Day,1477,161947.73,0.0605,12.16,2.6,1639.0,23.6,14049.01,76.1,0,Normal
B001313,2025-01-17,PLT05,B,SUP0040,Day,867,99586.7,0.0943,2.78,4.83,926.4,21.3,15567.06,76.1,0,Normal
B003449,2025-04-05,PLT07,D,SUP0141,Night,1250,203971.94,0.0833,6.61,10.93,1997.1,24.3,49277.27,81.3,0,Critical
B003813,2025-08-24,PLT06,A,SUP0032,Day,1271,96309.51,0.0701,4.16,3.11,1005.3,27.7,8168.69,76.0,0,Normal
B004703,2025-11-19,PLT01,A,SUP0008,Night,1529,136593.73,0.0775,13.54,1.8,952.7,35.2,18489.38,70.1,0,Normal
B002363,2025-04-07,PLT02,A,SUP0126,Night,1315,115409.88,0.0903,0.45,4.59,901.4,28.7,14317.87,78.7,0,Normal
B001976,2025-02-03,PLT03,C,SUP0148,Day,548,80771.17,0.0896,1.48,0.21,629.0,26.0,7230.86,82.6,0,Normal
B003515,2025-02-15,PLT10,D,SUP0145,Day,2333,403564.38,0.0912,3.96,2.96,2938.6,29.4,66049.61,68.0,0,Watch
B001762,2025-12-15,PLT06,C,SUP0138,Night,443,56047.31,0.1161,2.69,4.82,594.4,24.0,9165.47,73.3,0,Normal
B002740,2025-10-10,PLT08,B,SUP0053,Night,1874,219206.27,0.0869,1.24,4.27,2120.1,21.3,38819.22,71.6,0,Watch
B004707,2025-10-27,PLT08,C,SUP0136,Day,2454,376441.44,0.0742,2.42,1.37,2302.3,31.9,35034.32,78.2,0,Normal
B002473,2025-04-08,PLT03,B,SUP0143,Night,1000,113956.63,0.0776,1.73,1.06,965.2,30.2,14573.88,77.6,0,Normal
B004008,2025-02-12,PLT09,A,SUP0003,Day,2154,217116.75,0.1061,3.02,2.46,1599.8,26.1,25362.55,78.5,0,Normal
B001494,2025-08-07,PLT03,A,sup0033,Night,1243,110711.72,0.0853,11.01,5.95,913.5,25.6,27016.98,67.2,0,High
B004207,2025-10-16,PLT07,A,SUP0106 ,Day,1836,153998.96,0.0616,0.39,6.09,1632.9,19.7,20227.87,81.5,0,Normal
B002159,2025-10-14,PLT04,D,SUP0106,Day,1067,178173.99,0.1009,1.67,10.37,1574.4,31.4,54646.79,73.5,0,Critical
B001170,2025-03-21,PLT09,B,SUP0144,Day,912,118532.18,0.1018,2.26,12.51,1151.0,19.2,32162.18,69.3,0,Critical
B004562,2025-09-12,PLT10,A,SUP0046,Day,889,76608.9,0.1434,1.47,3.79,699.1,27.4,8967.93,68.0,1,Normal
B000233,2025-12-09,PLT05,A,sup0006,Day,1694,148300.65,0.0973,6.37,5.42,1207.9,16.6,29147.03,80.8,0,Watch
B000067,2025-07-31,PLT07,A,SUP0033,Day,2224,186015.31,0.1363,4.95,3.31,1798.5,39.3,28474.32,60.4,0,Normal
B001604,2025-02-08,PLT01,A,SUP0040,Night,608,52433.57,0.1124,9.59,6.91,579.6,22.3,10140.83,63.9,0,Watch
B003284,2025-09-06,PLT09,D,SUP0103,Day,2059,422691.09,0.1141,10.14,8.64,3259.7,19.6,76955.75,64.5,1,Watch
B003597,2025-06-06,PLT07,B,SUP0177,Day,1546,166584.56,0.0642,4.01,8.35,1323.8,25.8,28132.02,81.8,0,Watch
B000126,2025-09-20,PLT09,C,SUP0150,Night,1289,209266.89,0.0855,2.88,3.2,1706.1,25.2,34934.5,88.8,0,Normal
B001297,2025-03-14,PLT09,B,SUP0100,Day,1656,210577.67,0.1166,2.5,7.26,1785.1,27.8,48648.59,68.0,1,High
B001977,2025-10-27,PLT08,C,SUP0148,Night,1421,219617.49,0.1096,3.21,8.7,1974.0,29.2,54614.79,71.6,0,Critical
B004563,2025-02-13,PLT06,A,SUP0165,Day,1229,95024.52,0.0465,3.26,5.53,1141.3,36.9,14169.9,80.0,0,Normal
B004527,2025-10-08,PLT01,D,SUP0111,Day,862,142825.78,0.0596,2.41,2.2,1400.8,29.0,11881.4,72.7,0,Normal
B002076,2025-03-23,PLT02,B,sup0101,Day,1635,190867.6,0.0768,4.85,1.19,1343.4,17.3,16518.75,80.5,1,Normal
B003087,2025-06-02,PLT08,A,SUP0040,Night,1331,121134.31,0.0904,0.73,2.02,931.3,28.7,13602.99,84.8,0,Normal
B004871,2025-04-17,PLT01,B,SUP0118,Night,1991,221106.79,0.0777,0.98,1.08,1717.9,31.7,18329.15,66.6,0,Normal
B003346,2025-01-09,PLT08,A,SUP0137,Night,1402,127291.03,0.1139,5.89,0.63,1084.8,21.9,12599.99,69.1,0,Normal
B004510,2025-09-16,PLT03,C,SUP0043,Day,562,82789.45,0.1008,6.31,1.53,515.3,27.7,10724.45,63.7,0,Normal
B002798,2025-03-30,PLT08,B,SUP0091,Night,1340,159894.25,0.128,11.23,2.56,1219.9,25.9,26663.9,64.4,0,Watch
B000919,2025-11-23,PLT09,A,SUP0095,Day,2391,237885.94,0.0825,4.0,8.31,1906.2,38.8,37937.33,70.2,0,Normal
B001647,2025-02-12,PLT05,A,SUP0091,Day,1740,152016.17,0.1103,5.95,3.66,1416.5,25.4,26825.65,72.0,0,Watch
B000365,2025-09-21,PLT05,D,SUP0017,Day,981,171247.96,0.0769,8.97,5.33,1858.6,25.5,29293.65,62.3,0,Watch
B003288,2025-09-21,PLT05,A,SUP0061,Day,1590,140340.96,0.0742,17.71,3.8,1274.5,40.7,19418.97,77.0,0,Normal
B002126,2025-02-01,PLT10,B,SUP0040,Night,2652,290086.9,0.088,3.68,2.92,2379.1,29.5,44202.03,69.6,0,Normal
B004124,2025-08-14,PLT09,C,SUP0083,Night,1545,248333.77,0.0729,5.48,3.1,1930.1,26.6,29613.38,77.9,1,Normal
B000526,2025-11-13,PLT06,B,SUP0026,Day,1762,170018.98,0.0631,0.58,0.41,1669.6,33.8,21126.18,80.8,0,Normal
B000056,2025-12-25,PLT08,C,SUP0179,Night,1254,194807.42,0.0565,6.72,1.36,1912.4,36.3,12173.78,81.0,0,Normal
B000639,2025-04-25,PLT10,C,SUP0118,Day,1333,189712.5,0.0831,5.61,1.06,1564.5,30.8,17919.43,82.9,0,Normal
B000303,2025-01-17,PLT01,B,SUP0050,Night,727,80509.18,0.0857,12.01,7.21,920.6,26.2,19580.3,76.6,0,Critical
B002767,2025-02-21,PLT10,A,SUP0066,Day,1461,128175.48,0.0716,10.12,3.78,1052.8,19.7,20150.07,72.1,0,Watch
B001277,2025-02-14,PLT08,A,SUP0063,Day,960,87539.04,0.1202,1.0,13.24,891.0,27.8,23864.17,75.9,0,Critical
B002056,2025-10-31,PLT05,A,SUP0151,Day,963,83921.51,0.1018,1.92,5.42,678.2,38.0,16617.37,78.7,0,Watch
B003645,2025-04-14,PLT04,B,SUP0072,Day,1103,124023.2,0.1182,9.3,1.9,1185.3,27.2,21014.76,67.0,1,Watch
B004144,2025-12-08,PLT10,B,SUP0069,Day,983,111368.35,0.0977,2.16,3.35,741.6,33.0,16928.12,83.7,0,Normal
B002879,2025-11-26,PLT05,A,SUP0105 ,Day,1078,93872.49,0.1361,4.19,5.34,1019.0,31.1,18038.78,65.3,0,Watch
B004203,2025-08-10,PLT05,C,SUP0071,Day,818,120037.53,0.0767,2.91,4.41,849.4,28.1,15387.43,73.8,0,Normal
B002287,2025-11-11,PLT07,A,SUP0059,Night,1104,95212.1,0.0667,4.64,8.68,1016.0,20.8,18140.4,84.4,1,Watch
B002262,2025-09-07,PLT05,B,SUP0009,Day,1795,198712.7,0.0395,11.72,6.68,1778.2,33.7,27463.72,78.9,0,Normal
B002297,2025-08-22,PLT01,D,SUP0153,Day,1023,172445.61,0.0685,3.11,,1652.7,28.8,23413.23,72.2,0,Normal
B001754,2025-12-31,PLT05,D,SUP0011,Day,1019,181631.76,0.1024,9.23,3.72,1593.0,24.6,16733.05,70.5,0,Normal
B001969,2025-03-01,PLT10,C,SUP0147,Day,1035,145664.31,0.0929,8.01,3.1,1163.7,27.0,14123.43,62.8,0,Normal
B004396,2025-12-19,PLT04,B,SUP0068,Day,973,109282.13,0.1109,13.42,5.71,1069.7,23.8,24152.9,69.0,1,High
B003118,2025-04-29,PLT05,D,SUP0077,Night,1325,229671.29,0.1369,2.11,1.71,1913.4,28.0,24138.35,69.6,0,Normal
B002394,2025-05-18,PLT03,B,SUP0131,Night,1022,119289.53,0.1235,5.27,6.94,976.7,28.4,31273.76,67.0,1,Critical
B000524,2025-01-13,PLT02,A,SUP0108,Night,1519,135273.02,0.1105,5.4,6.54,1279.9,25.8,32769.72,65.3,0,High
B003901,2025-08-26,PLT07,B,SUP0096,Day,2195,238719.27,0.0853,2.99,4.99,2298.0,30.1,32498.73,67.8,0,Normal
B003123,2025-12-15,PLT05,B,SUP0072,Night,2158,239001.05,0.1339,8.31,12.68,2278.8,27.0,65022.2,62.8,0,Critical
B004157,2025-11-18,PLT09,C,SUP0140,Day,1583,264795.04,0.0947,3.22,2.51,2390.8,24.7,42980.78,83.9,0,Normal
B001970,2025-02-25,PLT08,C,sup0144,Day,967,146675.44,0.0802,4.13,8.66,1098.0,22.7,25640.35,80.0,0,Watch
B000672,2025-05-14,PLT05,B,SUP0045,Day,1379,161366.86,0.0918,1.3,3.8,1298.2,29.3,25364.94,78.1,1,Normal
B004189,2025-08-04,PLT01,C,SUP0012,Night,773,112063.88,0.1168,1.26,1.36,1027.8,31.2,20112.88,52.4,0,Watch
B000667,2025-11-29,PLT06,C,SUP0115,Day,1863,243124.61,0.1145,3.14,4.29,2347.6,26.6,37338.78,71.8,0,Normal
B004383,2025-05-06,PLT10,C,SUP0129,Night,1254,173854.76,0.0615,1.66,2.83,1519.8,36.5,25996.16,73.5,0,Normal
B001888,2025-10-22,PLT06,C,SUP0011,Day,863,108951.84,0.0885,5.28,7.07,1167.9,23.5,21246.74,76.2,0,Watch
B003267,2025-05-09,PLT06,B,SUP0161,Night,1635,161981.91,0.1055,3.95,2.66,1403.0,28.9,21092.8,70.8,0,Normal
B000281,2025-03-24,PLT01,B,SUP0180,Day,1673,187663.91,0.0572,1.82,3.32,1792.0,25.9,24447.1,85.9,0,Normal
B001720,2025-12-04,PLT05,C,SUP0142,Night,1785,258904.27,0.0683,6.05,4.06,2094.2,,39875.74,75.5,0,Normal
B002948,2025-12-31,PLT09,C,SUP0157,Day,1322,218551.47,0.1115,9.5,15.52,1848.2,27.9,65311.19,71.1,0,Critical
B000900,2025-03-10,PLT06,C,SUP0032,Night,934,121338.26,0.0805,2.81,1.74,1056.5,26.7,13307.05,79.0,0,Normal
B004900,2025-10-29,PLT01,A,SUP0124,Night,1740,153252.4,0.0987,7.5,0.59,1145.1,31.3,21792.34,65.6,0,Normal
B000761,2025-04-09,PLT09,A,SUP0178,Night,1736,168513.95,0.1297,10.47,10.91,1569.6,,228180.11,76.2,1,Normal
B001907,2025-10-10,PLT03,A,SUP0121,Day,1777,160424.3,0.0773,7.25,2.72,1242.8,23.5,15998.94,76.2,1,Normal
B004043,2025-09-09,PLT08,D,SUP0080,Day,1946,358183.88,0.1181,4.49,7.1,3089.7,26.2,54091.34,68.1,0,Normal
B003824,2025-03-29,PLT04,A,sup0046,Day,694,58543.11,0.103,4.69,6.78,598.8,24.1,12814.29,76.3,0,High
B004139,2025-01-16,PLT06,D,SUP0141,Day,957,148685.72,0.0831,2.44,2.51,1231.7,28.3,13435.73,67.4,0,Normal
B003819,2025-12-19,PLT05,B,SUP0081,Day,1268,145052.62,0.0234,1.33,1.99,1353.8,38.0,8691.53,85.2,0,Normal
B004301,2025-06-01,PLT02,C,SUP0076,Night,1322,192978.09,0.1264,8.21,3.17,1607.1,33.8,35020.75,57.0,0,Watch
B002594,2025-01-15,PLT06,A,SUP0133,Day,1538,120462.54,0.1131,3.57,8.24,1479.0,34.5,21058.15,70.7,0,Watch
B004165,2025-10-19,PLT10,D,SUP0087,Day,2718,461111.6,0.072,0.79,3.13,5304.2,30.2,67087.54,78.5,0,Normal
B003032,2025-02-18,PLT10,B,SUP0170,Night,1596,178486.19,0.092,8.32,5.44,1589.6,25.2,30392.46,69.8,0,Watch
B003580,2025-11-02,PLT07,C,SUP0018,Day,1505,209765.73,0.0927,4.82,2.83,2058.6,27.1,29777.65,73.7,0,Normal
B002833,2025-03-25,PLT04,B,SUP0054,Night,822,90272.82,0.1133,7.05,4.37,804.3,25.1,15154.18,76.8,0,Normal
B003473,2025-07-17,PLT10,B,SUP0033,Day,904,101753.47,0.1145,5.67,0.93,818.1,28.8,16325.85,71.5,0,Watch
B000138,2025-09-18,PLT04,D,SUP0048,Night,1532,255265.93,0.0722,3.44,,2339.8,22.7,28212.54,75.0,0,Normal
B002181,2025-02-14,PLT02,B,SUP0135,Day,1340,152728.39,0.0843,11.38,13.05,1514.3,27.0,37211.54,72.2,0,Critical
B002129,2025-05-31,PLT06,C,SUP0153,Day,983,125273.44,0.0549,2.55,6.04,1233.4,32.8,16251.01,83.3,0,Normal
B003178,2025-03-11,PLT07,B,SUP0158,Day,1348,142740.98,0.0858,5.74,4.37,1409.5,27.9,24250.32,74.3,0,Watch
B004412,2025-12-03,PLT05,C,SUP0129,Day,1463,214919.82,0.0712,1.15,5.08,1548.3,35.1,35483.2,83.1,0,Normal
B004262,2025-09-05,PLT05,B,SUP0101,Night,776,87586.03,0.118,6.75,3.16,694.9,33.9,16261.92,62.0,0,Watch
B004345,2025-07-31,PLT04,D,SUP0153,Night,1092,183976.31,0.0456,11.31,4.05,1558.9,18.2,28923.98,89.7,0,Normal
B001332,2025-08-17,PLT09,B,SUP0104,Day,1429,189039.14,0.0861,5.1,3.07,1191.6,22.9,28335.35,77.2,0,Normal
B002018,2025-10-17,PLT03,B,SUP0087,Night,1230,143163.12,0.0601,3.81,6.6,1144.8,33.6,22064.72,76.7,0,Normal
B002483,2025-10-03,PLT06,C,SUP0098,Night,1185,152495.39,0.089,9.17,4.51,1403.6,24.0,23365.19,70.1,0,Normal
B001359,2025-06-02,PLT07,D,SUP0165,Day,1256,216851.01,0.058,1.3,2.9,2053.4,32.1,21963.02,85.1,0,Normal
B001330,2025-02-22,PLT06,A,SUP0093,Night,970,76270.66,0.079,2.72,5.24,784.1,25.5,11413.26,77.1,0,Normal
B002151,2025-09-28,PLT05,A,SUP0104,Day,1262,110123.62,0.0762,9.67,1.49,965.1,29.4,12959.24,81.0,0,Normal
B002123,2025-02-13,PLT05,C,SUP0082,Day,1046,148801.31,0.1084,4.04,2.53,1124.3,26.7,16303.71,75.9,0,Normal
B003982,2025-09-07,PLT07,D,SUP0111,Day,1551,264838.98,0.1285,3.35,3.66,2213.8,27.9,51483.42,63.1,0,High
B001253,2025-05-12,PLT02,B,SUP0165,Day,1673,191226.03,0.0815,4.7,3.54,1338.4,33.9,18816.51,79.9,0,Normal
B003279,2025-04-29,PLT01,A,SUP0137,Day,1404,124215.23,0.1253,7.33,4.38,903.1,27.5,23113.71,63.0,0,Watch
B003375,2025-03-21,PLT04,B,SUP0109,Day,970,107993.86,0.1009,4.81,5.43,1150.6,,21915.72,60.8,0,High
B002815,2025-03-10,PLT05,C,SUP0087,Day,1896,271720.3,0.0721,9.94,3.2,1723.3,45.3,29327.2,77.0,1,Normal
B001849,2025-02-10,PLT07,A,SUP0032,Day,1874,160673.34,0.0752,,1.14,1529.6,,15239.63,77.0,0,Normal
B003038,2025-01-10,PLT03,D,SUP0169,Day,1224,223713.76,0.0548,3.86,3.03,1685.4,13.3,23289.68,82.3,0,Normal
B000389,2025-10-21,PLT08,B,SUP0020,Day,1663,198834.27,0.0767,7.15,4.16,1740.2,40.1,25041.27,84.1,1,Normal
B000236,2025-12-26,PLT02,C,SUP0045,Day,974,142991.27,0.081,1.54,0.36,1266.1,26.3,10537.23,76.7,0,Normal
B001078,2025-03-10,PLT08,D,SUP0036,Night,1203,222015.86,0.0967,5.25,7.17,1736.6,25.3,42367.33,69.5,0,Watch
B001985,2025-02-09,PLT02,D,SUP0057,Day,2747,496708.22,0.0967,5.18,2.68,3594.9,23.5,92705.91,67.9,0,Watch
B004364,2025-04-19,PLT09,C,SUP0047,Day,1757,301889.6,0.1119,9.9,1.57,1681.3,25.8,43553.6,61.4,0,Normal
B003963,2025-11-29,PLT07,D,SUP0169,Day,1654,282012.36,0.0775,1.65,3.11,2247.8,23.0,42210.86,77.1,0,Normal
B000771,2025-03-16,PLT05,C,SUP0061 ,Day,1116,158923.89,0.0472,6.2,0.82,1440.9,20.1,9159.01,81.9,0,Normal
B002166,2025-10-06,PLT08,C,SUP0049,Night,1158,173726.2,0.0942,8.57,2.56,1481.4,26.7,20019.42,70.2,0,Normal
B000674,2025-06-21,PLT04,A,sup0003,Day,1025,85883.15,0.1014,2.17,6.56,901.9,19.1,16196.07,61.8,0,Watch
B000250,2025-06-24,PLT02,A,SUP0121,Night,1747,158808.41,0.0807,3.83,1.76,1107.9,23.6,22091.38,65.0,0,Normal
B001575,2025-02-03,PLT05,A,SUP0002,Day,1341,116476.04,0.0853,8.93,4.37,1034.9,32.9,15688.89,65.5,0,Normal
B003420,2025-09-19,PLT06,A,SUP0131,Night,1641,123157.34,0.1387,9.4,6.3,1253.5,27.9,27946.56,65.7,0,High
B002082,2025-11-15,PLT04,A,SUP0004,Day,1209,101415.37,0.0811,4.93,1.77,777.0,34.4,17191.96,67.0,0,Watch
B001824,2025-08-02,PLT09,D,SUP0080,Night,1522,297273.01,0.0773,1.81,3.62,2079.6,23.5,51403.6,82.0,0,Watch
B000717,2025-08-18,PLT10,C,SUP0035,Day,577,84069.19,0.1007,4.69,2.37,568.3,21.7,9071.18,79.4,0,Normal
B004716,2025-12-14,PLT10,B,SUP0132,Day,1259,140154.79,0.1134,7.17,1.2,1030.3,19.7,19972.04,65.8,0,Normal
B002049,2025-02-28,PLT02,C,SUP0168,Day,1069,153606.99,0.0586,2.6,3.32,1354.5,,8699.2,79.8,0,Normal
B004179,2025-08-11,PLT08,B,sup0128,Day,1187,143308.7,0.1299,5.22,2.12,1057.6,23.2,23039.94,77.3,1,Normal
B002725,2025-03-10,PLT07,B,SUP0091,Night,890,96112.43,0.121,4.53,2.16,909.3,20.1,15934.05,65.8,0,Watch
B004567,2025-01-19,PLT05,D,SUP0116,Night,1537,271307.35,0.0773,20.13,5.49,2378.4,37.8,55504.28,70.8,0,High
B001461,2025-11-23,PLT05,C,SUP0106,Night,1207,169327.94,0.0938,6.06,6.61,1901.1,17.9,28203.32,66.8,0,Watch
B001669,2025-06-09,PLT01,B,SUP0066,Night,2116,233205.16,0.0839,2.08,1.7,2032.8,23.8,23868.4,77.6,1,Normal
B002757,2025-09-23,PLT07,C,SUP0168,Day,1177,165737.23,0.0419,1.56,1.24,1462.7,28.7,19964.41,96.5,0,Normal
B002001,2025-03-08,PLT02,B,SUP0083,Day,1550,178218.61,0.0715,9.5,3.92,1417.4,24.1,32691.33,80.1,0,Watch
B000405,2025-05-14,PLT02,A,SUP0169,Day,1625,143369.76,0.0703,8.97,4.37,1434.5,22.2,22854.86,78.6,0,Normal
B000385,2025-04-21,PLT07,C,SUP0011,Day,1281,178498.37,0.0718,5.71,3.64,1398.3,32.7,29557.03,76.9,0,Watch
B004538,2025-11-02,PLT09,C,SUP0009,Day,1932,320754.41,0.0345,2.06,2.41,2187.2,26.6,27478.27,81.6,0,Normal
B002153,2025-02-14,PLT05,A,SUP0128,Night,1710,146429.04,0.136,2.15,8.73,1373.5,23.7,32084.91,71.9,0,High
B001634,2025-01-15,PLT03,A,SUP0162,Day,1309,119536.72,0.0607,7.6,0.35,1034.4,28.8,5061.66,72.2,0,Normal
B004632,2025-09-14,PLT02,D,SUP0125,Night,1575,280193.19,0.1028,9.42,5.26,2342.3,31.7,55390.75,70.8,1,Watch
B003926,2025-04-21,PLT08,A,SUP0151 ,Day,3936,362038.39,0.0925,1.55,4.48,2861.9,29.7,51441.84,69.9,0,Normal
B004159,2025-06-20,PLT06,C,SUP0033,Night,1004,123085.41,0.1045,6.74,3.54,903.3,34.0,23794.6,73.4,0,Watch
B000224,2025-04-21,PLT08,C,SUP0133,Night,1642,251486.51,0.0993,16.48,2.46,1699.4,25.0,50353.97,77.5,0,High
B002194,2025-05-19,PLT08,A,SUP0028,Day,1611,145566.11,0.0675,1.0,2.72,1022.7,37.8,19374.38,79.0,0,Normal
B003137,2025-07-31,PLT06,A,SUP0043,Day,1124,90435.48,0.0609,10.09,3.57,869.6,38.6,14545.44,72.8,0,Normal
B001825,2025-05-15,PLT04,C,SUP0148 ,Day,2292,314447.11,0.0852,6.79,3.24,2721.3,25.1,42843.02,82.2,0,Normal
B004658,2025-07-30,PLT07,B,sup0148,Day,2162,236112.54,0.0913,9.84,2.1,2090.5,29.5,37888.65,70.6,0,Normal
B000798,2025-03-28,PLT02,B,SUP0068,Day,1909,220158.59,0.1287,10.89,2.12,1678.2,35.4,50073.61,59.7,0,High
B002872,2025-10-21,PLT09,B,SUP0053,Night,1446,185392.77,0.0389,4.95,8.35,1463.6,34.1,35827.92,87.1,0,Watch
B000010,2025-01-30,PLT01,B,SUP0147,Night,820,89830.75,0.094,9.85,1.85,753.5,,10624.02,69.5,0,Normal
B001945,2025-11-25,PLT10,D,SUP0114,Night,1855,329069.27,0.0758,3.93,2.03,2497.1,34.4,46811.18,66.1,0,Normal
B001839,2025-12-16,PLT02,B,SUP0028,Night,1421,162269.36,0.0778,3.93,3.85,1320.7,32.6,26070.51,81.6,0,Normal
B000256,2025-07-19,PLT01,A,SUP0153,Night,932,80790.28,0.026,5.69,19.3,885.6,26.6,25182.51,80.4,0,Critical
B004554,2025-08-15,PLT10,B,SUP0111,Day,724,81112.4,0.0661,3.89,2.07,758.3,29.6,11085.85,73.0,0,Normal
B001582,2025-09-11,PLT01,C,SUP0070,Day,1195,172298.89,0.0747,2.87,2.8,1365.1,21.8,14426.99,76.2,0,Normal
B002957,2025-04-17,PLT08,A,SUP0058,Night,1733,162225.04,0.0871,0.47,6.88,1440.3,26.9,30855.52,79.5,0,Watch
B000925,2025-06-05,PLT08,A,SUP0174,Day,1864,172124.86,0.0577,0.78,3.15,1326.8,29.1,19742.33,75.7,0,Normal
B004474,2025-03-17,PLT04,C,SUP0009,Day,2155,304197.07,0.0367,3.15,5.99,2650.6,32.7,29480.35,91.8,0,Normal
B002509,2025-03-12,PLT02,C,SUP0109,Day,1140,167195.13,0.098,1.72,5.86,1412.1,32.6,30523.21,74.7,0,Watch
B003776,2025-01-26,PLT10,B,SUP0037,Night,1746,197614.49,0.0588,1.76,4.91,1716.1,27.4,33627.93,73.2,0,Watch
B004137,2025-12-13,PLT06,A,SUP0047,Day,1487,116931.31,0.1124,1.49,2.42,1121.5,12.0,14778.99,74.1,0,Normal
B002780,2025-02-11,PLT09,A,SUP0043,Night,1090,108861.9,0.0872,5.52,3.22,816.2,23.0,13747.01,68.7,0,Normal
B000540,2025-09-08,PLT09,B,SUP0091,Night,1279,168091.27,0.129,4.51,0.75,1412.7,20.2,31951.46,67.5,0,Watch
B002746,2025-05-08,PLT01,C,SUP0092 ,Day,1622,230097.07,0.0676,8.99,5.2,1967.0,25.0,29821.14,75.5,0,Normal
B004544,2025-08-06,PLT10,A,SUP0162,Day,925,79659.06,0.0738,2.31,2.34,628.8,30.5,7249.59,73.8,0,Normal
B004617,2025-06-22,PLT07,B,SUP0180,Night,1325,147509.69,0.0838,6.43,4.24,1396.8,19.8,25882.75,72.8,0,Watch
B001146,2025-08-15,PLT04,B,SUP0128,Night,775,86841.47,0.1233,20.64,3.43,720.5,24.6,17568.35,61.9,0,High
B004469,2025-06-20,PLT06,B,SUP0148,Day,1303,133856.0,0.0882,0.92,5.31,1156.3,28.6,17429.43,72.0,0,Normal
B000668,2025-01-02,PLT03,C,SUP0051,Night,1302,191436.53,0.0883,3.52,4.55,1535.7,26.5,16705.59,68.8,0,Normal
B003020,2025-07-06,PLT05,A,SUP0153,Night,1838,161999.8,0.0535,4.78,9.3,1350.0,29.9,27445.84,79.8,0,Watch
B000358,2025-06-10,PLT10,A,SUP0110,Day,851,72539.46,0.069,1.8,2.1,796.8,37.4,7065.06,83.3,0,Normal
B002832,2025-03-17,PLT05,A,SUP0067,Night,1245,110695.65,0.0644,1.06,2.24,1137.8,12.0,14487.19,73.3,0,Normal
B002784,2025-06-05,PLT02,D,SUP0026,Day,866,153708.28,0.131,8.36,3.65,1422.1,25.6,37415.43,63.3,0,Critical
B001354,2025-03-24,PLT07,B,SUP0144,Night,2418,262627.66,0.0984,0.48,3.63,2035.1,28.4,45752.52,77.6,0,Watch
B000471,2025-06-02,PLT03,B,SUP0097,Day,1382,158451.74,0.0768,3.03,3.2,1449.7,25.6,24720.98,79.2,0,Normal
B002704,2025-09-22,PLT08,B,SUP0104,Day,1304,153473.73,0.0639,1.12,4.49,1185.6,25.3,18504.39,71.5,0,Normal
B003331,2025-01-15,PLT10,C,SUP0174,Night,1320,188576.99,0.0952,17.71,7.38,1458.5,24.1,32357.19,56.8,0,Watch
B003638,2025-01-25,PLT01,B,SUP0109,Day,981,110828.07,0.1163,2.5,7.23,1002.8,34.7,21555.2,74.7,0,Watch
B001397,2025-06-11,PLT02,A,SUP0130,Night,830,74106.57,0.2446,9.68,13.57,922.0,14.5,31900.14,48.4,0,Critical
B003585,2025-04-27,PLT05,B,SUP0086,Night,1553,175143.36,0.0991,9.76,4.42,1526.0,25.0,18983.44,68.1,0,Normal
B004532,2025-09-09,PLT10,A,SUP0079,Day,1279,108496.4,0.0836,2.86,1.42,958.4,22.9,13334.66,73.5,0,Normal
B003377,2025-04-28,PLT01,B,SUP0129,Night,1322,151772.22,0.0443,2.27,1.66,1260.0,25.5,3492.5,85.3,0,Normal
B001257,2025-01-27,PLT02,B,SUP0158 ,Day,1714,191011.23,0.1112,3.42,3.27,1646.0,31.0,27128.37,72.0,1,Normal
B003513,2025-06-23,PLT03,C,SUP0074,Day,2021,300160.76,0.1414,3.69,2.38,3034.9,25.6,47506.7,62.1,1,Normal
B001251,2025-08-23,PLT06,C,SUP0009,Night,1155,147159.33,0.0549,2.09,1.53,1152.8,28.6,13038.93,78.7,0,Normal
B004857,2025-09-18,PLT09,D,sup0145,Day,2089,426341.23,0.1602,2.2,3.76,3534.9,23.7,77842.45,68.5,0,Watch
B004299,2025-10-14,PLT09,A,SUP0162,Night,1317,133063.5,0.0591,6.36,8.21,1039.3,24.7,20472.37,68.9,0,Normal
B003285,2025-08-30,PLT08,B,SUP0062,Night,1692,206149.52,0.097,6.19,6.08,1496.9,25.8,35007.73,77.9,0,Watch
B002934,2025-05-01,PLT06,A,SUP0084,Day,1971,159616.16,0.138,6.73,15.95,1796.4,21.0,52179.49,65.7,0,Critical
B004176,2025-05-21,PLT09,B,SUP0104,Night,2316,303504.79,0.0857,8.83,0.91,1885.0,27.8,19171.23,68.4,0,Normal
B001853,2025-08-29,PLT08,B,SUP0069,Night,1191,140161.62,0.1222,8.64,2.03,1097.9,18.7,19806.73,57.1,0,Normal
B004919,2025-03-23,PLT02,C,SUP0072,Day,1217,177671.91,0.1347,6.1,10.02,1743.9,27.9,39741.45,64.9,0,High
B002106,2025-04-05,PLT02,D,SUP0006,Day,1462,257652.8,0.1149,0.52,6.49,2197.8,20.9,56164.06,71.9,0,High
B000134,2025-04-22,PLT01,D,SUP0165,Day,1039,180791.92,0.0913,2.9,3.72,1267.4,27.3,21459.03,94.8,0,Normal
B000929,2025-05-08,PLT02,D,SUP0116,Day,1003,179487.87,0.0883,12.45,10.47,1486.4,34.9,41119.23,71.3,0,High
B000824,2025-04-24,PLT04,C,SUP0174,Night,922,128196.67,0.0699,0.97,15.66,1129.9,25.2,33963.26,74.5,0,Critical
B004589,2025-02-24,PLT05,A,sup0139,Night,1242,107302.84,0.0657,2.48,8.02,931.6,31.2,14414.81,86.2,0,Normal
B001532,2025-05-13,PLT05,C,SUP0032,Day,1380,194718.85,0.0636,3.82,9.71,1659.6,25.6,36341.37,77.9,0,Watch
B001215,2025-06-01,PLT07,D,SUP0026,Night,1419,238729.41,0.1281,7.93,3.45,1878.4,31.4,65983.98,68.9,0,Critical
B000505,2025-09-22,PLT05,A,SUP0152,Day,795,67803.33,0.0738,13.74,3.84,635.0,21.9,11963.29,81.8,0,Watch
B004286,2025-07-02,PLT06,C,SUP0129,Night,1018,131053.02,0.0552,6.35,2.12,1106.8,23.2,13006.42,78.0,0,Normal
B001997,2025-09-19,PLT08,C,SUP0168,Day,1190,185079.28,0.0368,3.16,4.21,1438.6,27.3,16374.09,85.9,0,Normal
B003073,2025-05-07,PLT07,A,SUP0041,Day,1141,95039.52,0.0931,2.07,5.08,842.8,28.0,15463.96,79.1,0,Normal
B001959,2025-07-17,PLT07,B,SUP0060,Night,2063,223310.93,0.0702,4.85,4.23,1670.9,33.2,32339.36,82.0,1,Normal
B001385,2025-05-04,PLT03,C,SUP0029,Day,2049,310340.62,0.0883,6.42,0.82,2521.1,20.8,33335.57,78.7,0,Normal
B000895,2025-05-09,PLT10,A,SUP0178,Day,416,35597.84,0.1192,5.14,5.0,371.2,32.9,5077.96,76.0,0,Normal
B000456,2025-09-11,PLT04,B,SUP0146,Day,1143,126067.95,0.0705,2.92,5.1,1064.1,32.4,14794.37,86.3,0,Normal
B004684,2025-05-17,PLT04,B,SUP0041,Night,2359,262772.88,0.1243,2.91,10.52,2161.0,23.6,65823.83,66.3,0,Critical
B003710,2025-11-13,PLT05,A,SUP0090,Day,1877,162106.77,0.0969,6.46,3.19,1309.0,29.0,25666.33,74.7,0,Normal
B004666,2025-08-04,PLT10,C,SUP0002,Day,1275,187217.24,0.1121,3.38,10.12,1817.7,29.4,440259.6,76.0,0,High
B004269,2025-02-06,PLT08,C,SUP0131,Night,1641,253223.27,0.1069,1.11,5.77,2151.2,36.0,38426.69,65.9,1,Normal
B003523,2025-11-10,PLT04,A,SUP0040,Day,1452,123774.06,0.0982,5.26,5.7,896.3,18.5,18014.26,71.2,0,Normal
B004135,2025-10-12,PLT05,C,SUP0019,Day,1473,214292.81,0.0801,1.85,3.13,2085.6,30.5,15803.89,88.9,0,Normal
B003603,2025-01-06,PLT02,A,SUP0088,Day,1789,156702.66,0.101,5.64,2.85,1269.9,38.6,25355.79,82.2,0,Normal
B000714,2025-10-06,PLT01,C,SUP0083,Day,938,134580.36,0.0998,2.7,1.24,1106.4,23.3,19930.51,73.7,0,Normal
B004187,2025-04-23,PLT05,C,SUP0159 ,Day,906,126100.33,0.1082,3.9,0.99,1088.3,18.9,13944.46,67.4,0,Normal
B002215,2025-03-02,PLT10,A,SUP0066,Day,893,76408.16,0.0696,3.66,1.47,657.9,25.5,3939.71,77.3,1,Normal
B002924,2025-05-13,PLT10,C,SUP0047,Day,1154,165320.37,0.0885,8.18,4.64,1561.7,23.9,26544.38,69.9,0,Watch
B001811,2025-01-20,PLT10,B,SUP0177,Night,2071,235192.95,0.0855,,4.11,1866.1,22.0,41925.63,71.7,0,Watch
B003487,2025-05-01,PLT06,B,SUP0024,Night,1633,161427.11,0.0464,4.2,5.06,1551.0,29.1,19924.96,83.0,0,Normal
B003142,2025-09-20,PLT02,B,SUP0100,Day,825,94116.02,0.0676,5.23,2.35,894.8,20.3,9848.41,77.6,0,Normal
B001828,2025-07-28,PLT09,A,SUP0137,Day,1626,161165.58,0.1068,3.92,5.11,1220.3,31.0,16966.96,68.7,0,Normal
B001156,2025-01-31,PLT09,C,SUP0004,Day,1484,251238.94,0.0756,3.76,2.98,1866.5,21.5,21331.25,89.2,0,Normal
B001325,2025-03-28,PLT05,B,SUP0170,Day,810,88729.37,0.0873,0.67,2.65,686.0,,13732.37,77.0,0,Normal
B004313,2025-03-29,PLT09,A,SUP0177,Day,1034,103326.92,0.0836,2.72,4.83,958.1,29.1,24752.5,70.8,0,Critical
B000511,2025-01-02,PLT06,B,SUP0117,Night,1035,102270.61,0.068,5.06,2.22,1034.2,29.8,10251.86,86.1,0,Normal
B001681,2025-10-21,PLT03,C,SUP0170,Day,1515,223407.61,0.1232,3.46,4.87,1835.3,20.4,40481.7,68.4,0,Watch
B000500,2025-11-27,PLT10,B,SUP0088,Day,1127,124522.06,0.1559,3.65,3.54,1054.8,33.3,29329.6,65.2,0,Critical
B004582,2025-09-20,PLT03,B,SUP0062,Night,1655,193143.63,0.0873,2.3,5.16,1696.8,29.6,25170.15,76.1,0,Normal
B001857,2025-04-18,PLT06,C,SUP0076 ,Night,1393,181602.4,0.1321,8.35,24.27,2042.8,21.2,355082.58,65.4,0,Critical
B001389,2025-07-28,PLT02,C,SUP0169,Night,1592,227361.69,0.0859,1.98,5.21,1908.2,27.5,43506.54,84.2,0,Watch
B003720,2025-08-27,PLT08,A,SUP0079,Night,847,78748.81,0.0843,5.41,2.53,563.1,36.4,7569.44,79.0,0,Normal
B002387,2025-04-17,PLT07,B,SUP0041,Day,1149,128176.62,0.1315,8.52,5.47,1247.9,33.7,24844.03,62.7,1,High
B003237,2025-09-17,PLT08,D,SUP0163,Day,1542,287734.81,0.1179,4.02,3.3,2454.2,23.5,50906.8,64.3,1,Watch
B001541,2025-06-17,PLT04,C,SUP0118,Day,1091,148844.77,0.083,2.72,4.45,1171.2,25.1,24194.89,77.3,0,Normal
B001218,2025-01-29,PLT02,C,SUP0157 ,Day,1463,212464.32,0.1284,4.14,8.19,1745.8,28.8,44470.97,75.3,0,High
B002682,2025-02-06,PLT03,D,SUP0137,Night,777,138442.57,0.0894,23.1,1.5,1232.2,20.5,22362.61,78.7,0,Watch
B002994,2025-01-18,PLT02,D,SUP0111,Day,1762,308244.01,0.0816,1.58,0.86,2239.5,29.4,32461.36,75.4,0,Normal
B001192,2025-08-01,PLT01,B,SUP0152,Day,1454,166490.58,0.1053,3.06,1.31,1256.2,37.3,10780.18,67.3,0,Normal
B001543,2025-08-31,PLT08,C,SUP0014,Night,1853,282586.39,0.0292,3.31,3.53,2589.1,28.2,44018.9,80.7,0,Normal
B003302,2025-01-07,PLT04,C,SUP0108,Day,963,136512.64,0.096,7.44,2.32,1131.9,28.9,17725.35,72.6,0,Normal
B003325,2025-04-08,PLT05,A,SUP0131,Night,1642,140648.46,0.0827,3.65,10.11,1204.2,20.6,38472.68,78.0,0,Critical
B002540,2025-09-28,PLT04,C,SUP0129,Night,1233,178188.96,0.0644,8.47,3.87,1349.7,29.0,32884.77,78.7,0,Watch
B000954,2025-07-16,PLT04,B,SUP0170,Night,1455,160918.22,0.0967,0.24,3.68,1340.8,22.4,26985.09,84.8,0,Normal
B004331,2025-12-14,PLT02,A,SUP0079,Day,2096,185406.91,0.1114,2.04,3.58,1480.7,29.4,28653.84,64.0,0,Normal
B000733,2025-09-02,PLT07,C,SUP0138,Day,1521,212618.97,0.1957,11.95,2.47,1801.7,,31917.77,59.9,0,Normal
B001157,2025-05-11,PLT04,C,SUP0043 ,Day,3003,407419.78,0.0858,7.55,3.2,3389.1,34.3,66504.25,77.2,0,Normal
B003295,2025-08-20,PLT02,D,SUP0036,Day,822,143641.14,0.1057,8.42,0.45,1154.1,26.8,11479.98,67.6,0,Normal
B002983,2025-10-21,PLT08,D,SUP0144,Night,688,126751.42,0.0828,2.55,4.67,976.3,21.5,20255.22,79.9,0,Normal
B002157,2025-05-14,PLT02,B,SUP0082,Day,2084,235641.26,0.1071,2.08,4.28,2315.9,26.8,41005.27,71.6,0,Watch
B001063,2025-05-02,PLT01,A,SUP0040,Day,658,57375.47,0.0806,5.05,3.33,596.9,31.6,6214.99,73.7,0,Normal
B002617,2025-07-30,PLT05,B,SUP0048,Night,1219,139096.78,0.0977,1.8,1.7,1282.5,22.7,18791.31,77.9,0,Normal
B001168,2025-10-04,PLT10,C,SUP0143,Night,842,121454.51,0.0721,6.07,1.27,964.2,30.6,12515.7,80.8,0,Normal
B003223,2025-09-14,PLT10,C,SUP0129,Night,1888,268885.06,0.0652,11.8,12.13,2315.4,20.2,69879.29,78.7,0,Critical
B003637,2025-11-06,PLT04,B,SUP0020,Night,1241,137045.42,0.1045,7.39,5.14,1240.1,29.5,14840.28,62.6,0,Normal
B002939,2025-12-15,PLT04,B,SUP0072,Day,932,101277.47,0.0844,15.19,1.51,888.1,30.3,17036.19,74.9,0,Normal
B004492,2025-12-29,PLT07,C,SUP0075,Night,1607,224428.61,0.0991,1.46,6.82,2461.0,29.1,41469.8,74.6,0,Watch
B003141,2025-09-15,PLT09,D,SUP0052,Day,1139,229447.83,0.0723,13.59,2.28,1592.3,21.1,38361.49,78.4,0,Watch
B000144,2025-06-02,PLT06,A,SUP0160,Night,1029,79254.98,0.0738,4.89,5.36,746.9,31.0,19357.39,79.2,0,High
B003578,2025-04-17,PLT04,D,SUP0022,Night,869,147187.3,0.0821,6.45,6.84,1396.9,,32802.67,79.0,0,High
B002783,2025-03-03,PLT06,A,SUP0165,Day,2352,182779.67,0.021,1.58,8.24,1937.6,30.8,31231.72,92.2,0,Watch
B000718,2025-12-09,PLT06,A,SUP0041,Night,832,65215.81,0.1954,16.67,10.53,774.0,33.0,26652.63,40.5,0,Critical
B001820,2025-10-12,PLT07,B,SUP0147 ,Day,846,90975.7,0.0997,12.05,1.23,990.1,27.9,8442.96,67.9,0,Normal
B002503,2025-11-17,PLT08,A,SUP0065,Day,1515,139121.47,0.0656,6.89,1.42,1118.5,31.2,11812.89,76.0,0,Normal
B004361,2025-04-02,PLT01,C,SUP0150,Night,2234,316942.34,0.1067,7.57,2.56,3079.6,28.3,36154.92,69.6,0,Normal
B004172,2025-01-04,PLT08,B,SUP0091,Night,1514,186218.27,0.137,5.16,2.44,1295.8,14.8,29895.81,72.4,0,Normal
B000396,2025-06-27,PLT10,C,SUP0072,Night,829,117648.86,0.1169,3.48,6.08,913.6,,28097.5,75.7,0,Critical
B004886,2025-06-14,PLT01,B,SUP0103,Day,1349,148398.21,0.1195,4.24,4.34,1431.7,22.7,25687.84,66.9,0,Watch
B004493,2025-09-13,PLT03,B,SUP0062,Night,1548,175765.66,0.0782,5.44,6.37,1383.0,20.5,32145.62,79.5,0,Watch
B001366,2025-11-03,PLT01,B,SUP0068,Day,1058,119809.69,0.0979,15.44,4.25,1139.2,26.5,18070.71,74.2,0,Normal
B004604,2025-12-06,PLT09,A,SUP0066,Day,2488,251835.79,0.095,9.24,3.51,1692.9,36.1,45565.11,71.6,0,Watch
B000596,2025-05-19,PLT04,C,SUP0032,Day,1395,193937.29,0.0951,8.97,2.25,1784.5,29.6,32987.08,71.0,0,Watch
B003953,2025-07-23,PLT07,D,SUP0130,Day,1384,227316.14,0.0897,9.21,6.61,1989.3,33.3,40126.89,74.5,0,Watch
B002915,2025-07-17,PLT02,A,SUP0004,Night,1955,166850.99,0.0825,10.3,1.75,1380.3,27.4,28002.52,73.5,0,Watch
B002327,2025-04-14,PLT07,D,SUP0009,Day,1753,297944.51,0.0383,1.77,5.97,2697.6,31.4,28873.13,86.4,0,Normal
B003767,2025-08-15,PLT05,C,SUP0030,Day,1325,186846.1,0.0916,3.99,3.83,1555.2,35.7,30736.58,72.7,0,Normal
B003441,2025-11-02,PLT08,D,SUP0057,Day,1336,246662.89,0.079,11.1,3.04,1873.2,27.6,39318.6,71.4,1,Normal
B003852,2025-09-24,PLT03,B,SUP0155,Day,1278,144899.69,0.1176,9.8,1.32,1233.4,17.0,20932.95,63.6,0,Normal
B004133,2025-09-22,PLT09,B,SUP0131,Night,1040,130504.09,0.1238,3.1,7.1,928.8,32.3,33664.97,69.7,0,Critical
B004930,2025-11-22,PLT10,B,SUP0082,Night,2820,323166.07,0.1088,1.62,3.02,2886.9,24.3,61224.57,70.5,0,High
B002144,2025-06-07,PLT02,A,SUP0100,Day,1481,128700.83,0.0912,3.71,3.59,1319.6,25.2,17944.12,73.8,0,Normal
B001572,2025-01-26,PLT02,B,SUP0148,Day,899,103308.2,0.0952,1.76,3.2,906.4,26.8,13987.29,82.1,0,Normal
B004080,2025-06-30,PLT08,B,SUP0143,Day,1085,129695.57,0.0669,10.6,1.54,1022.1,21.7,5229.52,71.6,0,Normal
B001123,2025-05-30,PLT07,D,SUP0166,Night,3015,503601.03,0.0815,4.23,1.74,3401.4,22.7,74676.25,71.7,0,Normal
B002787,2025-02-17,PLT08,D,SUP0140,Day,1262,234418.78,0.0699,5.0,11.16,1924.2,33.0,58068.22,79.8,0,Critical
B002968,2025-04-22,PLT06,B,SUP0049,Day,2145,211622.9,0.0798,10.88,,1989.2,36.0,26087.36,80.3,0,Normal
B002505,2025-03-01,PLT07,D,SUP0163,Day,742,128317.12,0.1117,6.75,3.4,1137.9,30.0,25466.96,78.2,1,High
B003466,2025-03-26,PLT01,C,SUP0002,Day,1303,184318.46,0.0996,3.16,8.09,1555.3,29.5,35396.22,70.2,0,Watch
B000676,2025-06-20,PLT03,B,SUP0033,Night,2365,274338.83,0.0989,12.3,7.61,2399.9,26.3,57031.8,63.5,0,High
B002809,2025-02-25,PLT02,A,SUP0168,Day,1114,98035.35,0.0619,6.54,5.41,992.2,28.4,12958.02,83.0,0,Normal
B003349,2025-05-17,PLT01,A,SUP0051,Day,2179,189970.39,0.0588,2.91,4.78,1332.2,32.6,36606.47,80.6,0,Watch
B000729,2025-04-19,PLT08,A,SUP0090,Night,1631,152649.35,0.0872,8.99,7.53,1204.0,26.1,31806.04,60.8,0,High
B000413,2025-10-31,PLT05,B,SUP0108,Night,831,93610.81,0.1073,2.8,1.68,708.2,14.2,7954.62,67.2,0,Normal
B003147,2025-02-27,PLT06,C,SUP0121,Day,1429,185017.62,0.1104,2.86,6.75,2283.6,26.7,39476.73,67.9,0,High
B001517,2025-11-11,PLT06,C,SUP0166,Night,2746,343522.29,0.0753,10.62,2.53,3681.9,29.2,57720.82,75.9,0,Normal
B000826,2025-07-03,PLT07,C,SUP0145,Night,2306,324987.08,0.1238,1.13,8.18,2298.0,25.3,72856.93,70.8,0,Critical
B003268,2025-08-22,PLT09,C,SUP0173,Night,1532,252363.71,0.099,1.21,3.2,1951.9,23.5,45669.65,71.8,0,Watch
B003975,2025-07-07,PLT08,D,SUP0136,Day,1722,315052.82,0.0521,1.76,1.67,2507.6,26.1,16443.08,73.8,0,Normal
B000617,2025-01-08,PLT02,A,SUP0118,Day,1471,129932.51,0.0646,6.66,0.72,955.7,,12950.87,83.1,0,Normal
B000115,2025-03-12,PLT03,D,SUP0009,Night,1555,283988.59,0.061,1.46,5.18,2476.3,21.7,41146.72,82.1,0,Normal
B000418,2025-11-30,PLT03,D,SUP0099,Night,1793,327006.8,0.0841,10.14,7.19,,25.0,56695.64,75.9,0,Watch
B003070,2025-01-27,PLT05,B,SUP0056,Day,1797,198557.68,0.0279,0.86,2.82,1958.4,34.9,15194.1,97.2,0,Normal
B001626,2025-02-18,PLT03,C,SUP0114,Day,1393,205352.87,0.2085,9.57,4.07,1852.2,27.7,53860.49,58.8,1,Critical
B003636,2025-11-29,PLT08,B,SUP0134,Day,2235,267961.09,0.1119,16.6,3.28,2211.4,29.7,37135.07,63.2,0,Normal
B004186,2025-06-22,PLT02,C,SUP0013,Day,1365,196359.55,0.0743,3.4,13.81,1706.1,28.6,45409.12,84.8,0,High
B002897,2025-05-12,PLT05,B,SUP0141,Night,1387,156006.43,0.0573,2.78,1.59,1287.4,22.6,21000.4,79.5,0,Normal
B004719,2025-03-18,PLT09,C,SUP0145,Night,1372,224162.59,0.098,2.95,1.67,1965.4,29.9,24849.56,79.8,0,Normal
B002083,2025-05-12,PLT07,A,SUP0050,Night,1264,103592.26,0.0855,4.93,4.69,903.1,32.1,17783.65,79.5,1,Watch
B000754,2025-11-09,PLT10,C,SUP0146,Day,1720,246409.54,0.097,2.66,0.46,2176.3,29.8,2895.32,69.5,0,Normal
B002547,2025-06-15,PLT10,B,SUP0172,Night,1457,161041.92,0.1014,6.78,3.42,1536.4,22.4,29360.58,70.4,0,Watch
B003970,2025-08-30,PLT09,C,SUP0046,Night,920,156965.81,0.118,1.82,6.99,930.0,27.7,32629.13,63.7,0,High
B003374,2025-06-17,PLT09,D,SUP0092,Day,1154,237310.44,0.1048,1.87,3.3,1551.9,25.2,42647.28,68.7,0,Watch
B004108,2025-12-27,PLT04,C,SUP0018,Day,1107,153162.17,0.097,3.97,7.18,1353.1,,25365.1,77.8,0,Normal
B002445,2025-10-05,PLT08,D,SUP0039,Day,1246,225088.56,0.0575,6.42,0.48,1770.4,21.1,14480.05,82.2,0,Normal
B004381,2025-08-12,PLT02,D,SUP0163,Night,1018,176361.8,0.0888,5.87,25.64,1620.4,26.9,368580.57,76.1,0,High
B001067,2025-08-11,PLT05,C,sup0164,Night,834,119339.27,0.0647,3.26,6.53,1042.5,28.5,24447.31,75.9,0,High
B003914,2025-11-22,PLT04,A,SUP0032,Night,1901,161349.49,0.0715,11.2,5.41,1566.7,32.2,26663.35,78.9,0,Normal
B003499,2025-05-20,PLT10,C,SUP0148,Night,1296,185216.49,0.1064,9.57,1.41,1340.3,34.9,22532.37,72.4,0,Normal
B002739,2025-06-13,PLT09,A,SUP0023 ,Day,989,100077.57,0.0848,5.02,2.06,651.1,28.4,9764.17,74.1,0,Normal
B004001,2025-06-17,PLT02,B,SUP0129,Day,1316,156651.41,0.0796,8.4,2.12,1171.2,29.5,11078.81,67.3,0,Normal
B001569,2025-04-24,PLT06,A,SUP0116,Day,649,50190.81,0.0601,1.33,1.93,536.5,31.3,4910.32,72.7,0,Normal
B002428,2025-04-22,PLT10,A,SUP0111,Day,874,76745.15,0.0824,1.17,1.55,717.1,21.5,10662.78,71.2,0,Normal
B003747,2025-08-03,PLT01,A,SUP0011,Night,1212,107326.39,0.0805,8.25,3.49,899.2,25.0,14230.07,76.4,0,Normal
B004687,2025-06-13,PLT05,A,SUP0040,Day,978,87027.64,0.0715,0.96,5.28,915.1,32.2,7064.07,72.0,0,Normal
B001688,2025-03-31,PLT08,A,SUP0159,Night,1674,152326.74,0.0826,0.62,12.23,1328.6,22.9,43883.52,82.9,1,Critical
B000852,2025-07-08,PLT03,C,SUP0177,Day,1608,234884.22,0.0974,8.11,5.84,2063.5,26.5,41124.42,81.3,0,Watch
B003547,2025-11-27,PLT02,A,SUP0088,Day,1293,114714.46,0.1189,9.43,3.36,812.7,20.2,15857.89,77.2,0,Normal
B000896,2025-11-24,PLT08,B,SUP0158,Day,1438,172610.52,0.1053,2.98,8.61,1339.4,26.8,33054.79,76.7,0,Watch
B004593,2025-10-04,PLT06,C,SUP0112,Day,568,70636.82,0.0843,0.77,2.81,753.0,25.4,9068.87,79.0,0,Normal
B000336,2025-05-26,PLT08,C,SUP0170,Day,1850,280025.75,0.1136,6.1,3.54,2406.8,18.9,43951.08,65.1,0,Normal
B002840,2025-04-30,PLT04,C,SUP0011,Day,1045,146092.3,0.0694,3.01,3.61,1130.6,20.1,10345.48,76.5,0,Normal
B003088,2025-11-04,PLT05,A,SUP0023,Day,1905,164923.04,0.0923,3.85,4.32,1482.5,26.7,21264.97,70.4,0,Normal
B004612,2025-02-08,PLT04,D,SUP0133,Night,741,125843.88,0.0911,7.24,5.15,1154.9,25.5,25669.52,63.2,0,High
B001349,2025-07-31,PLT06,C,SUP0109,Night,1037,131829.36,0.0937,2.03,3.7,1565.9,25.8,27801.97,73.8,0,High
B001016,2025-01-29,PLT02,B,SUP0020,Day,1112,126055.93,0.0614,2.35,1.98,1082.3,33.7,13460.87,81.0,0,Normal
B002817,2025-06-18,PLT03,D,SUP0065,Night,1449,256738.79,0.0869,5.9,1.65,1957.4,24.0,42024.31,80.1,0,Watch
B001632,2025-06-24,PLT06,C,SUP0077,Day,1006,128047.62,0.1182,10.29,2.36,977.6,24.0,15692.3,69.6,0,Normal
B002490,2025-07-09,PLT10,B,SUP0042,Day,1491,166064.01,0.0954,3.86,3.01,1292.8,26.5,17885.96,68.1,0,Normal
B003731,2025-09-03,PLT03,C,SUP0179,Night,1238,184740.94,0.0682,11.27,2.78,1525.8,30.8,19947.33,83.2,0,Normal
B003252,2025-04-17,PLT08,D,SUP0073,Day,1166,212340.55,0.0656,1.18,4.09,1816.7,15.9,24192.1,77.2,0,Normal
B004682,2025-10-03,PLT08,B,SUP0072,Day,1401,170311.5,0.0938,3.23,11.11,1493.1,18.8,45655.09,71.5,0,Critical
B002071,2025-03-24,PLT02,B,SUP0109,Day,1910,217324.87,0.0946,1.68,10.13,1904.8,29.5,43162.32,80.3,0,Watch
B004453,2025-05-04,PLT10,A,SUP0065,Night,1553,130733.36,0.0921,3.26,2.89,1103.7,21.2,23498.84,88.1,0,Watch
B004933,2025-10-12,PLT02,A,SUP0095,Day,2120,184310.12,0.0991,7.12,3.24,1366.5,28.1,20223.57,65.1,0,Normal
B001636,2025-09-22,PLT05,C,SUP0159,Night,1529,220271.56,0.1413,6.11,5.44,1521.0,28.5,37283.46,69.1,0,Watch
B004647,2025-03-26,PLT05,D,SUP0141,Night,2330,413317.91,0.1079,13.07,6.65,3010.4,35.8,71970.33,60.5,0,Watch
B002480,2025-02-09,PLT10,C,SUP0070,Day,1113,159211.63,0.0615,1.15,9.41,1668.7,24.7,28586.65,77.9,0,Watch
B002266,2025-05-12,PLT04,B,SUP0149,Night,1412,152469.14,0.0683,10.23,2.5,1364.5,22.7,22912.34,66.3,0,Normal
B002960,2025-06-10,PLT08,D,SUP0111,Night,1436,264478.51,0.076,0.81,7.24,2288.0,32.3,45594.02,74.4,0,Watch
B004781,2025-02-07,PLT06,B,SUP0128,Day,1280,130898.78,0.1207,3.07,3.81,1084.0,39.2,15070.39,76.6,0,Normal
B003060,2025-02-03,PLT07,B,SUP0170,Night,1127,121141.61,0.112,12.25,2.06,1092.1,29.6,21760.26,75.9,0,Watch
B002142,2025-03-26,PLT10,A,SUP0043,Day,916,77659.25,0.0736,4.18,9.09,816.9,17.8,14550.04,80.0,0,High
B003119,2025-09-29,PLT01,B,SUP0147,Day,1759,197213.85,0.104,2.74,4.77,1955.9,37.2,30610.82,71.1,0,Normal
B004774,2025-12-24,PLT07,C,SUP0148,Day,1295,174740.67,0.1074,7.44,3.12,1449.3,28.1,28489.74,59.1,0,Normal
B004046,2025-11-20,PLT07,A,SUP0142,Day,1354,115597.43,0.1103,1.66,2.53,1222.3,15.2,19413.53,76.1,0,Watch
B003357,2025-02-02,PLT09,A,SUP0095,Day,2105,212530.13,0.1895,1.58,4.55,1731.6,26.0,54004.49,60.4,0,Critical
B002745,2025-03-09,PLT07,D,SUP0029,Night,1845,310906.84,0.0782,3.05,1.22,2906.9,14.2,58729.59,75.2,0,Watch
B003507,2025-08-21,PLT09,A,SUP0002,Day,1633,164186.89,0.1063,8.98,3.04,1078.4,32.9,16084.47,62.2,0,Normal
B001680,2025-10-02,PLT06,C,SUP0157,Day,873,112709.95,0.1289,9.73,39.56,1108.5,38.2,169986.69,53.8,0,Critical
B004250,2025-12-24,PLT04,D,SUP0140,Day,653,115163.9,0.0878,0.93,9.18,1032.8,32.0,28628.08,71.7,0,Critical
B003148,2025-10-31,PLT03,C,SUP0142,Day,2385,348906.08,0.0892,5.06,2.9,2608.3,30.6,32915.78,76.8,0,Normal
B002295,2025-07-22,PLT03,B,SUP0108,Day,1280,147808.3,0.1284,3.51,8.2,1334.2,34.3,34767.3,68.8,0,High
B000581,2025-02-12,PLT03,B,SUP0083,Night,1123,131062.48,0.0908,6.74,5.92,1221.3,14.5,22928.11,75.4,0,Watch
B001471,2025-02-11,PLT01,C,SUP0107,Night,889,125470.5,0.0803,10.98,1.27,1011.9,38.8,12356.71,74.7,0,Normal
B004071,2025-10-08,PLT07,C,SUP0126,Night,1525,211651.76,0.0986,6.17,0.63,1667.9,17.4,24845.63,68.1,0,Normal
B003344,2025-02-26,PLT01,C,SUP0118,Day,1846,267143.74,0.1081,1.32,1.88,1805.3,26.4,25603.95,60.1,0,Normal
B004584,2025-05-28,PLT05,B,SUP0100,Day,1370,153539.3,0.1111,6.98,1.98,985.8,,14911.4,71.0,0,Normal
B003673,2025-07-10,PLT10,D,SUP0144,Night,908,155517.87,0.0867,3.97,3.14,1719.7,24.4,16291.13,81.4,0,Normal
B000560,2025-08-17,PLT09,B,SUP0072,Day,1745,229237.82,0.1505,11.04,12.84,1884.0,29.1,76192.86,57.1,0,Critical
B002850,2025-02-20,PLT04,C,SUP0030,Day,1199,170762.88,0.0915,0.93,2.67,1356.8,29.1,21931.11,71.5,0,Normal
B000513,2025-10-05,PLT02,B,SUP0090,Day,1210,139874.26,0.0766,4.22,5.82,1176.9,31.3,14805.22,84.7,0,Normal
B001082,2025-02-28,PLT09,D,SUP0141,Day,895,176598.67,0.0611,5.4,0.92,1364.7,27.9,15913.46,81.3,0,Normal
B001665,2025-09-16,PLT06,A,SUP0178,Night,833,64833.9,0.1292,7.21,4.08,633.7,35.4,11688.14,72.8,0,Watch
B001013,2025-05-19,PLT08,B,SUP0082,Day,1495,180027.08,0.0831,6.62,1.87,1434.4,35.1,27881.04,69.1,1,Normal
B001932,2025-05-29,PLT03,B,SUP0141,Day,2683,310653.88,0.0723,0.99,2.99,3024.0,23.5,47533.14,83.5,0,Normal
B001151,2025-05-07,PLT05,B,SUP0080,Day,1160,133389.33,0.0868,2.81,3.73,1079.2,19.8,14148.94,76.4,0,Normal
B002839,2025-01-03,PLT01,A,SUP0033,Day,2055,177838.07,0.1129,6.24,3.83,1440.1,31.3,27927.78,72.4,0,Normal
B000117,2025-11-08,PLT10,A,SUP0058,Day,2155,188293.36,0.0989,3.01,3.56,1896.8,32.3,24154.07,67.5,0,Normal
B000741,2025-07-16,PLT05,C,SUP0086,Day,1098,159847.55,0.123,7.78,13.33,1334.4,22.4,143011.75,65.6,0,Watch
B004856,2025-08-08,PLT03,B,SUP0033,Night,2212,257080.09,0.0963,7.53,0.83,2484.0,22.7,33723.92,77.1,0,Normal
B003676,2025-11-17,PLT09,A,SUP0063,Night,668,67571.87,0.1103,2.21,9.11,592.6,25.6,15473.29,75.9,0,High
B000831,2025-06-25,PLT03,C,SUP0030,Night,897,130845.68,0.0758,5.46,5.72,1336.5,20.7,22296.74,75.2,0,Watch
B000120,2025-12-08,PLT04,C,SUP0083,Day,874,119953.02,0.0914,6.01,1.83,913.9,31.5,12390.19,63.2,0,Normal
B004829,2025-11-06,PLT05,B,SUP0083,Day,1161,130825.64,0.0951,2.07,3.96,1098.4,25.9,18562.32,82.1,0,Normal
B004788,2025-09-11,PLT06,D,SUP0052,Day,1889,293876.88,0.0406,1.36,5.57,3057.0,16.6,29505.14,85.7,0,Normal
B000636,2025-03-14,PLT06,D,SUP0132,Day,825,128069.99,0.0873,6.74,5.05,1383.4,29.4,16648.96,79.1,0,Normal
B004466,2025-08-25,PLT03,C,SUP0077,Day,1284,186777.02,0.1327,6.88,4.24,1342.3,,28966.24,68.7,0,Normal
B004365,2025-10-24,PLT04,C,SUP0140,Day,1683,237482.59,0.0787,7.1,0.81,1970.8,31.7,2394.2,70.8,0,Normal
B004143,2025-03-17,PLT06,B,SUP0141,Night,2087,206697.51,0.0648,4.22,0.48,2117.4,23.5,22421.65,74.1,0,Normal
B000992,2025-12-05,PLT04,C,SUP0059,Night,1500,212979.0,0.0794,9.82,3.03,1429.7,21.3,23047.23,84.6,0,Normal
B000877,2025-07-21,PLT10,B,SUP0091,Day,1862,205889.48,0.1138,5.64,3.06,1684.3,28.6,32200.3,73.5,0,Watch
B000005,2025-12-19,PLT08,D,SUP0026,Day,1042,196657.36,0.0664,11.68,0.66,1644.3,,18284.38,83.1,0,Normal
B003052,2025-05-05,PLT10,C,SUP0129,Day,1007,141702.23,0.0528,17.53,2.1,1238.7,26.9,11354.62,71.2,0,Normal
B003125,2025-09-09,PLT10,B,SUP0049,Night,964,107129.61,0.0569,12.13,1.91,820.0,25.1,17163.6,78.5,0,Watch
B002661,2025-08-10,PLT08,C,SUP0092,Night,1223,185176.13,0.0938,7.26,2.64,1487.8,36.1,17141.77,68.0,0,Normal
B002492,2025-10-09,PLT08,B,SUP0116,Day,974,114833.72,0.0712,5.48,6.59,1066.9,26.7,12303.79,79.0,0,Normal
B003855,2025-06-28,PLT05,D,SUP0133,Night,806,142910.61,0.1163,7.57,4.43,1241.6,36.5,30784.74,65.8,0,High
B001716,2025-12-03,PLT01,A,SUP0157,Day,929,79444.17,0.0834,3.76,6.5,743.9,23.8,13068.28,79.8,0,Normal
B001149,2025-02-14,PLT02,A,SUP0157,Day,1768,151722.15,0.0901,10.85,2.82,1390.3,30.0,21699.0,75.5,1,Normal
B003262,2025-11-04,PLT06,C,SUP0035,Day,999,128621.44,0.1071,8.05,1.95,1131.4,33.7,9786.4,65.8,0,Normal
B000575,2025-08-27,PLT06,A,SUP0178,Night,1731,131413.46,0.1122,2.08,11.54,1408.6,28.5,34918.97,71.8,0,Critical
B003770,2025-04-05,PLT03,D,SUP0003,Day,2817,511584.12,0.1056,9.81,0.65,3810.9,27.8,47195.63,65.6,0,Normal
B003737,2025-06-25,PLT01,B,SUP0001,Night,1658,187773.45,0.0478,3.04,0.77,1656.5,31.8,20168.96,80.7,0,Normal
B004147,2025-05-22,PLT08,A,SUP0067,Day,730,66547.16,0.091,2.12,8.04,668.6,23.1,13183.63,77.1,0,Watch
B000854,2025-09-13,PLT05,A,SUP0066,Day,1121,100146.44,0.1,5.86,7.14,847.0,18.6,17497.64,74.3,0,Watch
B001983,2025-05-14,PLT09,C,SUP0122,Night,1822,309007.14,0.0878,3.85,1.21,2013.2,24.8,44081.88,71.3,0,Normal
B002775,2025-04-10,PLT01,C,SUP0114,Night,1652,234268.64,0.0901,3.08,4.96,2156.3,36.5,34515.9,68.6,0,Normal
B001167,2025-08-14,PLT06,D,SUP0101,Night,1321,199427.84,0.1049,1.47,11.57,2086.5,30.8,59283.47,73.5,0,Critical
B000972,2025-05-03,PLT08,D,SUP0169,Day,1796,327902.68,0.0611,4.48,3.99,2376.4,,36235.09,82.6,0,Normal
B002702,2025-02-03,PLT05,D,SUP0066,Night,1508,267348.02,0.081,8.87,5.43,1872.6,13.2,330807.0,81.1,1,Normal
B004496,2025-07-24,PLT08,B,SUP0170,Night,1896,233973.11,0.0974,4.43,9.28,1775.5,22.0,47834.66,64.4,0,High
B003848,2025-04-23,PLT06,A,SUP0139,Night,932,73667.66,0.0454,8.41,2.17,712.0,24.6,8828.15,77.9,0,Normal
B002369,2025-12-28,PLT08,B,SUP0104,Day,1236,148956.5,0.1036,0.31,1.08,1137.5,28.8,24327.95,75.7,0,Normal
B004116,2025-02-28,PLT09,A,SUP0045,Day,1280,127984.21,0.1012,3.77,4.69,909.6,17.1,18450.46,66.9,0,Normal
B004132,2025-09-29,PLT04,B,SUP0173,Day,557,61727.71,0.0702,4.32,3.79,619.9,23.6,7015.0,68.1,0,Normal
B002951,2025-07-24,PLT03,A,SUP0142,Night,3975,351665.56,0.0453,1.82,1.38,2542.3,21.3,40096.61,75.6,0,Normal
B000525,2025-06-17,PLT02,D,SUP0020,Night,1175,211047.92,0.0881,5.87,2.61,2020.4,26.4,36551.81,75.4,0,Watch
B002456,2025-08-03,PLT07,D,SUP0077,Night,1311,223251.44,0.1069,1.1,6.63,2033.7,28.9,47484.81,67.1,0,High
B001842,2025-12-26,PLT02,D,SUP0137,Day,1553,275002.65,0.0999,3.73,2.09,2419.2,28.0,39794.31,69.1,0,Normal
B000538,2025-11-09,PLT10,A,SUP0060,Day,1615,138414.86,0.0665,2.54,8.23,1353.4,21.8,28180.54,96.8,0,High
B002807,2025-01-17,PLT04,B,SUP0043,Day,1176,131636.18,0.0581,7.18,1.28,1002.5,31.0,9736.82,87.3,0,Normal
B004342,2025-09-01,PLT10,C,SUP0077,Day,1208,168571.74,0.0715,5.15,2.58,1594.1,33.0,21723.07,79.9,0,Normal
B003176,2025-10-04,PLT07,D,SUP0136,Day,1009,167796.83,0.0679,3.41,2.2,1215.3,26.1,8862.41,80.8,0,Normal
B000785,2025-07-14,PLT04,C,SUP0077,Day,1039,143500.84,0.1331,21.7,10.69,1375.6,26.4,35749.76,54.8,0,Critical
B004058,2025-09-12,PLT10,A,SUP0004,Day,1244,106527.6,0.0731,3.39,3.75,997.4,27.7,18233.51,69.4,0,Watch
B001410,2025-07-22,PLT03,C,SUP0140,Day,1837,274175.41,0.1116,7.61,1.31,2216.5,29.1,29935.77,73.1,0,Normal
B002538,2025-09-08,PLT03,C,SUP0126,Night,1408,206005.93,0.0969,9.84,1.32,1684.2,31.7,34044.5,61.4,0,Watch
B000155,2025-04-22,PLT07,B,SUP0028,Day,1085,118176.05,0.0751,4.0,0.52,1069.2,33.0,6821.04,75.2,0,Normal
B003010,2025-01-22,PLT10,A,SUP0052,Day,1365,120447.74,0.045,4.02,1.97,1140.1,22.3,5315.93,83.6,0,Normal
B001687,2025-11-01,PLT04,B,SUP0040,Day,1815,198135.31,0.0766,1.0,1.75,1940.6,24.0,14941.66,71.6,0,Normal
B002902,2025-10-05,PLT06,A,SUP0139,Day,846,65280.15,0.0855,6.37,1.32,532.6,32.5,3470.87,83.0,0,Normal
B005000,2025-11-15,PLT09,C,SUP0171,Night,1715,279191.86,0.0849,3.53,2.53,1868.8,16.6,41939.34,65.3,0,Normal
B004722,2025-10-28,PLT04,A,SUP0136,Day,1855,158141.22,0.066,0.34,0.56,1279.0,37.3,15584.67,85.7,0,Normal
B003864,2025-06-25,PLT01,A,SUP0021,Night,1235,108678.5,0.0764,2.5,6.59,967.5,23.9,18380.22,80.9,0,Watch
B002734,2025-12-22,PLT01,B,SUP0141,Day,1588,179869.34,0.0752,2.16,2.53,1491.2,,9295.83,68.2,0,Normal
B001896,2025-01-08,PLT03,C,SUP0127,Day,1453,216602.06,0.0721,1.92,0.85,1886.2,26.9,24790.11,85.3,0,Normal
B000570,2025-01-23,PLT09,A,SUP0082,Night,935,93924.82,0.1358,13.28,0.68,641.3,25.1,15415.62,68.9,0,Normal
B001817,2025-02-01,PLT03,D,SUP0083,Night,2279,411425.81,0.0812,1.26,2.13,3935.2,28.5,55684.94,73.6,0,Normal
B002066,2025-10-02,PLT09,B,SUP0031,Day,650,84145.58,0.1435,6.99,1.32,549.5,23.3,18132.59,58.7,0,High
B000128,2025-01-01,PLT07,A,SUP0059,Night,1108,92692.91,0.0766,2.63,3.33,834.8,24.9,14067.33,73.4,0,Normal
B003395,2025-03-01,PLT02,A,SUP0023,Day,1197,105514.08,0.0495,2.17,5.5,887.2,23.6,14270.51,78.0,0,Normal
B003328,2025-09-21,PLT01,A,SUP0126,Night,740,64972.27,0.1184,10.96,3.36,597.5,30.1,15671.86,68.0,0,High
B004643,2025-05-02,PLT10,C,SUP0039,Night,1838,262835.62,0.0612,4.77,1.5,2062.7,,27653.53,82.3,0,Normal
B002976,2025-10-07,PLT09,C,SUP0173,Day,1742,277800.36,0.0726,7.02,11.08,2423.5,33.4,57245.68,80.9,0,High
B000981,2025-11-09,PLT03,C,SUP0075,Day,1444,208248.07,0.1058,4.73,6.66,1986.4,26.0,46597.03,80.4,0,High
B002301,2025-04-22,PLT05,A,SUP0115,Night,1340,117743.92,0.0715,3.3,0.66,1051.2,23.8,8648.07,75.2,0,Normal
B000191,2025-04-19,PLT08,C,SUP0043,Night,1166,178325.21,0.1208,1.68,1.2,1273.5,33.5,24741.66,72.4,0,Normal
B001140,2025-03-30,PLT01,A,SUP0034,Night,794,68334.59,0.1055,2.31,7.7,822.6,32.5,15051.69,71.7,0,High
B000700,2025-09-05,PLT02,A,SUP0019,Day,962,85273.44,0.0557,5.79,5.51,940.7,23.8,15063.17,84.6,0,Watch
B004830,2025-04-02,PLT09,C,SUP0045,Day,1636,270346.05,0.0695,3.05,2.97,1875.2,25.3,34081.41,75.6,0,Normal
B000607,2025-11-20,PLT07,B,SUP0037,Day,1036,110787.2,0.0716,8.88,6.03,1285.2,27.2,16513.73,79.7,0,Normal
B004277,2025-11-13,PLT05,B,SUP0172,Night,989,111065.33,0.075,5.75,4.73,856.6,31.3,17810.64,76.2,0,Normal
B000302,2025-03-25,PLT06,A,SUP0028,Night,2082,158666.61,0.0783,3.31,1.06,1569.5,29.2,12846.8,66.0,0,Normal
B003421,2025-06-11,PLT04,B,SUP0056,Day,1236,136256.5,0.0556,13.41,5.33,1181.6,32.5,32985.03,77.7,0,High
B004870,2025-05-27,PLT01,C,SUP0106,Day,1379,199130.98,0.0723,0.46,2.87,1861.9,28.7,20818.64,78.1,0,Normal
B001061,2025-01-07,PLT07,D,SUP0132,Day,1808,306602.86,0.0934,12.64,2.93,2661.6,22.6,49048.82,66.6,0,Normal
B002566,2025-01-06,PLT06,C,SUP0118,Day,1440,180655.93,0.0986,12.47,3.17,2244.9,23.2,21554.21,75.3,0,Normal
B001946,2025-07-08,PLT04,A,SUP0168,Day,892,77154.42,0.0651,4.15,1.74,596.6,28.6,6825.23,92.3,0,Normal
B001070,2025-02-25,PLT10,A,SUP0004,Night,1900,168683.12,0.0967,6.64,3.87,1739.6,18.9,24729.06,71.3,0,Normal
B002525,2025-07-10,PLT10,C,sup0108 ,Day,1162,164952.95,0.0976,2.47,6.38,1220.4,24.1,19510.03,68.5,0,Normal
B002206,2025-04-28,PLT07,A,SUP0065,Day,871,73095.88,0.0698,4.32,0.95,551.8,32.1,8935.42,77.2,0,Normal
B001244,2025-08-14,PLT01,C,SUP0009 ,Day,1593,224026.47,0.0905,4.12,4.03,2058.4,31.3,38016.7,78.8,0,Watch
B000017,2025-07-08,PLT01,B,SUP0143,Night,2221,247775.38,0.0539,10.74,3.73,2017.8,24.1,36003.18,81.5,0,Normal
B003121,2025-03-25,PLT06,A,SUP0175,Day,867,66918.61,0.0917,6.46,3.15,658.8,21.7,6375.63,77.5,0,Normal
B004643,2025-05-02,PLT10,C,SUP0039,Night,1838,262835.62,0.0612,4.77,1.5,2062.7,,27653.53,82.3,0,Normal
B004755,2025-07-09,PLT02,C,SUP0127,Day,1137,163388.91,0.0561,0.88,5.51,1450.8,20.0,18864.24,94.7,0,Normal
B000816,2025-06-06,PLT02,D,SUP0141,Day,1978,360166.29,0.1008,3.5,2.74,2619.5,19.5,69083.32,77.8,0,Watch
B003068,2025-12-02,PLT02,B,SUP0082,Night,792,91150.81,0.1076,6.25,3.13,793.1,28.0,16340.49,69.4,0,Watch
B004834,2025-04-13,PLT06,D,SUP0053,Day,1655,260910.52,0.0926,3.57,0.12,2474.9,25.1,29709.4,73.6,0,Normal
B000960,2025-10-25,PLT01,B,SUP0080,Night,859,98382.29,0.1048,4.16,12.04,1027.4,26.8,269615.68,63.1,0,High
B000226,2025-07-03,PLT02,A,SUP0153,Night,1188,104570.49,0.0604,4.62,0.83,624.4,39.0,16794.78,81.5,0,Normal
B003355,2025-02-23,PLT09,B,SUP0141,Night,1539,197732.05,0.0889,1.35,8.64,1836.9,39.2,44705.95,68.3,0,High
B002486,2025-04-06,PLT04,B,SUP0158,Day,1361,155054.16,0.1137,1.5,4.81,1241.4,36.9,29792.76,74.4,0,Watch
B000563,2025-06-11,PLT09,B,SUP0053,Day,1320,169443.78,0.0679,3.78,2.32,1293.5,32.5,17397.17,89.4,0,Normal
B003437,2025-03-03,PLT01,A,SUP0130,Day,1022,86653.85,0.0903,3.85,4.77,871.5,37.2,15316.38,75.7,0,Watch
B001694,2025-09-29,PLT09,C,SUP0044,Day,1413,238323.25,0.1202,1.17,8.22,1974.9,32.0,38668.69,76.7,0,Normal
B001046,2025-01-27,PLT01,C,SUP0119,Day,1033,146990.56,0.1244,4.08,7.38,1257.2,31.0,31885.72,78.5,1,High
B003447,2025-11-24,PLT01,B,SUP0127,Night,1066,119465.73,0.0512,6.78,1.47,986.7,31.5,17192.13,81.7,0,Normal
B004566,2025-10-05,PLT03,C,SUP0018,Day,770,113577.29,0.1237,7.5,1.23,740.3,23.4,13053.13,60.6,0,Normal
B000955,2025-01-15,PLT06,A,SUP0002,Day,1657,126047.78,0.0948,9.98,3.12,1477.0,24.4,15998.34,77.8,0,Normal
B004541,2025-08-27,PLT01,D,SUP0150,Night,1297,217366.08,0.0953,1.93,3.24,1666.5,21.9,28516.13,76.9,0,Normal
B002736,2025-02-08,PLT06,A,SUP0037,Day,1093,84002.37,0.0796,6.14,2.97,724.8,33.9,9930.77,76.9,0,Normal
B004954,2025-03-17,PLT01,C,SUP0154,Day,937,132123.37,0.0657,2.46,0.89,1201.4,30.0,11565.03,72.2,0,Normal
B004736,2025-09-09,PLT10,B,SUP0057,Night,1880,208551.14,0.0796,6.29,6.38,1808.9,30.3,49757.12,74.7,0,Critical
B004873,2025-06-29,PLT10,C,SUP0056,Day,948,134332.34,0.0753,3.26,4.22,1159.3,25.1,14879.46,81.2,0,Normal
B001219,2025-09-25,PLT01,A,SUP0022 ,Day,1417,121331.57,0.0638,5.79,1.24,988.4,18.1,8969.22,76.4,0,Normal
B001528,2025-01-13,PLT02,A,SUP0178,Day,1768,150787.09,0.103,6.69,2.42,1141.0,33.8,23309.08,68.5,0,Normal
B003988,2025-06-23,PLT07,A,SUP0133,Day,853,72707.47,0.1339,1.9,5.31,753.5,25.8,13486.71,65.5,1,Watch
B001301,2025-11-04,PLT07,A,SUP0037,Day,1526,126846.13,0.0651,2.97,0.34,1414.5,26.2,10522.68,81.7,0,Normal
B004942,2025-01-26,PLT05,C,SUP0129,Night,1378,201697.94,0.0595,3.3,4.12,1627.0,28.1,21392.48,73.5,0,Normal
B000161,2025-06-17,PLT05,C,SUP0013,Day,1346,193948.55,0.0653,4.92,4.37,1534.3,32.1,34218.81,81.1,0,Watch
B004068,2025-03-27,PLT01,A,SUP0083,Day,1262,109996.27,0.0643,8.85,3.09,918.1,38.0,13083.92,76.9,0,Normal
B000957,2025-01-19,PLT09,B,SUP0134,Night,1428,187403.8,0.0831,4.05,5.21,1490.3,34.1,31827.45,77.4,0,Watch
B003792,2025-08-22,PLT09,A,SUP0010,Day,2116,219685.84,0.0967,2.4,2.48,1428.2,27.3,13009.61,76.9,0,Normal
B003235,2025-08-13,PLT10,A,SUP0057,Day,1794,150761.37,0.1041,3.93,1.25,1243.5,25.8,24540.92,81.3,1,Watch
B002870,2025-07-21,PLT03,B,SUP0096,Day,1159,132117.86,0.0799,2.75,17.31,1334.0,31.5,37043.01,78.3,0,Critical
B003778,2025-04-28,PLT04,D,SUP0003,Day,732,124850.8,0.1009,9.25,2.49,1219.2,21.0,21964.84,71.5,0,Watch
B004434,2025-04-07,PLT01,B,SUP0170,Night,814,93163.93,0.0716,2.53,2.67,644.0,38.5,10954.5,88.4,0,Normal
B002962,2025-07-06,PLT03,A,SUP0157,Day,1458,133759.14,0.0952,16.45,5.16,1056.4,23.5,22677.81,74.7,0,Watch
B002201,2025-03-12,PLT06,B,SUP0013,Day,1250,126079.27,0.0367,4.06,3.45,1626.5,29.3,14421.43,83.8,0,Normal
B000099,2025-12-22,PLT09,A,SUP0028,Day,890,89503.36,0.0817,4.55,10.48,756.2,26.6,17815.18,81.1,0,High
B002558,2025-03-21,PLT07,C,SUP0140,Night,1788,255923.65,0.0997,8.68,0.05,2371.9,24.2,45320.98,63.7,0,Watch
B003184,2025-12-24,PLT08,D,SUP0121,Day,1568,287296.86,0.1052,4.48,2.54,2046.4,17.2,49258.84,63.5,0,Watch
B000254,2025-09-14,PLT04,A,SUP0157,Night,1533,131761.54,0.0943,0.41,7.96,1377.0,,25249.79,77.0,0,Watch
B003924,2025-08-03,PLT09,C,SUP0092,Day,1577,252695.12,0.0747,5.35,4.06,1486.8,26.8,27566.02,72.1,0,Normal
B004200,2025-06-11,PLT08,C,SUP0032,Night,1244,185790.03,0.0456,11.32,2.36,1482.2,25.3,10521.83,80.4,0,Normal
B001446,2025-02-10,PLT02,C,SUP0179,Night,1107,162003.37,0.0934,4.76,0.94,,34.7,15711.68,79.7,0,Normal
B001649,2025-08-27,PLT08,C,SUP0152,Day,1283,199740.17,0.0842,18.56,0.96,1278.7,21.5,25259.79,59.7,0,Normal
B004683,2025-11-19,PLT07,C,SUP0098,Day,610,84353.63,0.0456,9.14,1.46,724.8,23.2,8289.01,80.2,0,Normal
B004724,2025-08-02,PLT02,A,SUP0002,Night,1224,107814.43,0.0917,5.54,,886.8,25.6,12881.17,72.8,0,Normal
B003992,2025-12-15,PLT10,A,SUP0050,Night,986,85511.44,0.083,2.46,3.09,854.3,41.4,14024.45,88.5,0,Watch
B001697,2025-12-01,PLT01,C,SUP0148,Day,2524,364159.75,0.0877,4.7,3.56,3512.4,22.5,41486.63,71.0,0,Normal
B003192,2025-01-27,PLT02,C,SUP0069,Night,2687,391170.42,0.1115,8.47,2.28,3067.8,28.6,64614.3,56.3,0,Normal
B004500,2025-07-10,PLT03,B,SUP0165,Night,1702,198470.91,0.0666,2.35,2.21,1395.9,30.3,24208.6,75.7,0,Normal
B001155,2025-08-22,PLT06,D,SUP0048,Day,1266,194868.38,0.0798,4.33,3.68,1799.9,27.9,24018.37,83.7,0,Normal
B002256,2025-02-01,PLT09,A,SUP0082,Day,1196,118771.76,0.1404,1.21,5.29,927.2,32.6,22286.76,66.3,0,Watch
B001683,2025-03-14,PLT08,A,SUP0050,Day,1178,108214.56,0.0983,3.58,2.06,844.3,29.0,13095.94,76.0,0,Normal
B003171,2025-12-06,PLT10,B,SUP0033,Day,1861,208635.66,0.1061,4.48,0.75,1756.4,22.5,19233.71,86.8,0,Normal
B002057,2025-05-03,PLT01,B,SUP0125,Night,1463,168266.42,0.1194,5.04,2.68,1341.6,32.4,28138.12,61.6,0,Normal
B004091,2025-11-26,PLT10,C,sup0145,Day,1308,191048.43,0.1123,13.74,0.79,1572.7,29.8,33336.8,72.1,0,Watch
B003109,2025-09-03,PLT08,B,SUP0129,Night,1458,172327.22,0.0902,2.86,2.87,1566.2,22.6,33396.82,81.4,0,Watch
B004549,2025-06-03,PLT01,A,SUP0126,Day,1248,106372.55,0.0583,7.19,2.4,905.9,26.2,18606.97,85.7,0,Watch
B003724,2025-01-27,PLT10,D,SUP0169,Day,818,142287.44,0.1017,3.17,4.14,1302.6,29.2,25016.58,64.0,0,Watch
B002050,2025-11-14,PLT06,C,SUP0032,Day,1668,209952.05,0.0797,10.31,1.82,1794.2,28.0,33335.0,65.5,0,Normal
B003644,2025-03-19,PLT07,A,SUP0089,Day,1428,120255.82,0.0994,3.18,5.73,1191.2,26.0,16863.05,62.3,0,Normal
B004978,2025-03-15,PLT08,A,SUP0067,Day,813,74732.77,0.0835,6.71,1.03,549.5,28.9,4505.07,71.7,1,Normal
B000624,2025-04-14,PLT02,A,SUP0067,Day,1331,114309.21,0.0399,1.38,4.75,994.8,24.6,14417.56,92.8,1,Normal
B000263,2025-08-24,PLT01,C,SUP0147,Day,1322,188254.16,0.1285,2.89,9.28,1791.6,22.5,45463.47,70.3,0,High
B003370,2025-06-18,PLT05,D,SUP0092,Night,1298,225155.92,0.086,3.11,2.67,1833.3,27.5,33837.2,63.3,0,Normal
B004062,2025-01-02,PLT08,B,SUP0045,Night,1439,172469.16,0.0708,3.29,0.66,1686.5,27.2,24960.67,72.4,0,Normal
B001803,2025-03-26,PLT05,A,SUP0112 ,Day,1682,148198.98,0.0671,3.95,7.48,1293.5,33.7,25987.19,85.8,0,Watch
B004737,2025-03-30,PLT02,B,SUP0149,Night,1300,150566.59,0.0598,0.21,4.71,1384.9,26.6,21136.34,82.5,0,Normal
B004619,2025-06-18,PLT05,D,SUP0121,Day,1696,295450.65,0.0986,2.37,5.34,2129.7,29.5,61324.99,77.0,0,High
B002386,2025-08-26,PLT10,C,SUP0014,Night,992,141120.28,0.0151,4.8,7.66,1286.5,28.9,16495.51,81.9,0,Normal
B001960,2025-04-12,PLT07,B,SUP0135,Day,2020,215699.83,0.0559,4.49,3.39,2247.1,37.6,22146.42,80.3,0,Normal
B002977,2025-05-05,PLT05,A,SUP0100,Day,1038,91319.79,0.1044,2.13,6.94,878.1,33.9,16600.19,71.0,0,Watch
B000489,2025-08-11,PLT02,C,SUP0046,Day,1303,190958.07,0.0933,2.38,0.58,1531.2,21.8,25332.01,80.0,0,Normal
B001844,2025-03-01,PLT02,B,SUP0042,Night,743,85352.89,0.1062,5.86,2.55,661.3,30.5,12294.67,69.5,0,Normal
B001735,2025-12-21,PLT03,D,SUP0084,Day,684,120147.87,0.1589,1.13,7.83,1312.2,41.1,24992.56,78.6,0,High
B002912,2025-01-19,PLT07,D,SUP0132,Night,1636,275102.68,0.0859,4.68,3.69,2530.9,21.7,46763.2,68.6,0,Watch
B003220,2025-12-01,PLT07,C,SUP0133,Night,964,134583.94,0.1143,1.73,2.46,1085.6,28.2,17420.76,66.0,1,Normal
B000147,2025-11-19,PLT01,A,SUP0126,Day,1245,107507.6,0.0894,3.35,3.2,949.2,28.7,11274.97,77.7,1,Normal
B001987,2025-08-16,PLT02,B,SUP0100,Day,1292,149667.18,0.1093,5.95,2.13,1112.7,29.1,21019.2,55.7,0,Normal
B001370,2025-09-09,PLT02,A,SUP0082,Day,1152,103413.86,0.1043,10.61,4.56,876.0,24.9,20368.85,57.2,0,Watch
B002812,2025-05-30,PLT02,C,SUP0148,Day,1078,160266.96,0.0773,3.99,4.45,1448.8,33.0,35050.6,76.4,0,High
B000660,2025-05-29,PLT02,B,SUP0111,Day,1411,164598.74,0.1006,4.12,4.31,1283.4,31.6,31155.72,71.9,0,Watch
B001795,2025-05-14,PLT06,D,SUP0115,Day,1927,296100.02,0.0575,1.01,4.87,2459.8,29.0,42125.68,73.9,0,Normal
B002512,2025-02-22,PLT02,D,SUP0099,Day,2332,402277.45,0.0897,7.04,4.86,3558.7,36.5,73053.87,71.0,0,Watch
B003398,2025-08-29,PLT07,C,SUP0122,Day,1594,221843.24,0.0817,2.87,1.35,1875.9,26.1,33828.21,76.8,0,Normal
B004283,2025-02-07,PLT01,A,SUP0021,Day,1809,158898.04,0.0882,9.29,2.01,1193.0,32.4,19373.78,66.2,0,Normal
B001148,2025-06-04,PLT05,A,SUP0168,Night,1594,139037.14,0.0592,9.96,2.89,1196.1,18.8,15949.73,79.5,1,Normal
B003273,2025-05-09,PLT07,B,SUP0068,Day,2679,295334.36,0.0934,3.11,6.47,2405.2,32.9,40645.51,67.4,0,Normal
B000609,2025-09-19,PLT05,A,SUP0065,Day,2198,190554.83,0.0686,0.57,17.21,1600.0,30.7,161254.87,83.6,0,Normal
B003583,2025-03-29,PLT01,A,SUP0137,Day,1344,117056.19,0.0928,7.22,6.05,1011.9,31.6,19627.94,61.9,0,Watch
B001931,2025-03-06,PLT01,B,SUP0013,Day,1840,203720.0,0.0639,7.69,12.62,1899.9,24.5,44300.34,77.3,0,High
B000198,2025-12-04,PLT08,D,SUP0065,Day,2240,407422.42,0.0699,7.42,5.39,2693.2,21.2,71683.03,77.2,0,Watch
B002932,2025-08-04,PLT04,A,SUP0033,Day,815,69039.25,0.1222,5.92,6.03,633.6,22.0,15846.29,61.2,0,High
B002328,2025-01-29,PLT10,C,SUP0126,Night,2370,337302.22,0.1049,4.28,4.81,2598.5,29.0,68508.56,66.3,0,High
B004390,2025-03-26,PLT03,A,SUP0034,Day,1590,142937.83,0.1069,3.5,3.8,1119.7,21.0,28266.33,70.2,0,High
B000767,2025-12-28,PLT08,C,SUP0014,Day,1874,286911.17,0.0379,3.45,2.17,2279.0,23.6,6325.33,89.7,0,Normal
B004497,2025-05-17,PLT02,C,SUP0073,Day,1286,185399.96,0.0672,2.73,3.13,1764.7,37.0,23415.7,72.8,0,Normal
B004219,2025-06-18,PLT06,A,SUP0142,Day,1202,92906.38,0.0483,0.74,3.37,1002.8,25.9,5491.41,83.1,0,Normal
B003256,2025-05-23,PLT03,A,SUP0116,Day,1508,136559.85,0.0834,5.58,6.18,1073.4,28.1,18443.15,82.5,0,Normal
B000203,2025-06-10,PLT05,D,SUP0006,Day,796,138477.86,0.0824,9.91,6.39,1139.6,29.5,26082.85,79.5,0,Watch
B003511,2025-09-13,PLT08,C,SUP0106,Night,1347,198469.88,0.0711,13.01,6.24,1798.4,31.6,43077.22,70.3,0,High
B001734,2025-08-20,PLT04,A,SUP0170,Day,1642,138540.88,0.0965,7.1,0.62,1067.1,27.7,18237.28,71.4,0,Normal
B002778,2025-04-21,PLT03,B,SUP0180,Night,1391,158721.99,0.0755,2.05,6.44,1360.9,21.2,24191.16,87.2,0,Normal
B001708,2025-03-18,PLT04,D,SUP0057,Night,1592,270409.01,0.0591,3.74,5.32,,28.0,37807.94,81.4,0,Normal
B003475,2025-01-14,PLT04,B,SUP0070,Night,2589,287070.84,0.0801,6.01,2.02,2180.8,27.9,28842.26,72.9,0,Normal
B000855,2025-08-21,PLT04,A,SUP0130,Day,855,71047.43,0.0804,0.63,2.32,652.1,33.6,7413.37,77.1,0,Normal
B004738,2025-07-06,PLT05,C,SUP0071,Night,1733,253019.22,0.0918,4.79,7.36,2239.4,27.6,59066.11,71.4,0,High
B004098,2025-01-12,PLT03,B,SUP0104,Night,1112,127420.95,0.071,4.17,2.19,1257.8,22.8,18352.25,71.0,0,Normal
B002161,2025-11-14,PLT06,D,SUP0072,Day,1348,211231.25,0.1147,5.33,1.45,1549.6,28.6,31935.44,62.2,0,Normal
B000699,2025-11-26,PLT08,C,sup0150,Day,1559,241337.23,0.0898,3.8,5.03,1804.5,32.9,35061.2,77.2,0,Normal
B004998,2025-06-02,PLT04,D,SUP0032,Night,982,167865.29,0.056,3.13,2.85,1586.8,24.5,20107.55,75.3,0,Normal
B003000,2025-04-25,PLT04,C,SUP0077,Night,651,91670.23,0.1031,10.3,2.7,721.2,24.2,14278.88,73.1,0,Normal
B003697,2025-01-24,PLT02,C,SUP0101,Day,2168,311556.67,0.1083,4.03,4.77,2515.8,29.0,48087.98,69.6,0,Normal
B001637,2025-08-03,PLT08,A,SUP0095,Day,1635,151465.83,0.0962,5.63,5.32,1254.9,30.5,22567.33,72.2,0,Normal
B003458,2025-12-08,PLT08,A,SUP0043,Day,1893,179832.77,0.0752,8.55,1.87,1411.0,43.0,14218.85,71.4,1,Normal
B003582,2025-10-15,PLT07,B,SUP0064,Day,1125,124979.37,0.0932,2.58,5.08,1082.3,27.9,20522.88,67.7,0,Watch
B001292,2025-08-19,PLT03,B,SUP0041,Day,760,87144.57,0.1237,19.84,2.3,684.7,28.9,12980.2,59.6,0,Normal
B004660,2025-12-06,PLT01,A,SUP0079,Day,1090,96717.5,0.095,3.69,1.03,899.2,38.1,9790.79,73.6,0,Normal
B001854,2025-12-27,PLT06,C,SUP0073,Night,1769,225990.41,0.0929,10.87,4.93,2170.2,30.1,40312.9,68.6,1,Watch
B003764,2025-11-04,PLT08,D,SUP0108,Night,1462,269038.67,0.1193,3.2,7.83,2317.1,24.4,65691.68,73.8,0,Critical
B003305,2025-04-30,PLT08,B,SUP0061,Day,1588,189059.03,0.0362,0.46,3.37,,33.1,16383.01,85.1,0,Normal
B004963,2025-05-13,PLT01,B,SUP0129,Night,1435,162682.86,0.1001,7.91,6.02,1460.7,14.3,32579.29,62.7,0,High
B003744,2025-05-05,PLT05,C,SUP0076,Day,1811,257178.85,0.1483,5.71,2.49,2481.0,27.0,42935.96,48.5,0,Watch
B003446,2025-01-24,PLT08,C,SUP0108,Day,1078,164227.41,0.1151,3.96,1.54,1155.0,26.6,15742.71,72.7,0,Normal
B001999,2025-07-17,PLT08,C,SUP0170,Night,1967,300822.84,0.0957,2.02,1.04,2417.9,29.6,35072.98,76.7,0,Normal
B000664,2025-01-04,PLT07,A,SUP0104,Day,599,50459.67,0.0734,4.34,15.06,636.8,25.6,11399.26,71.9,0,Critical
B004780,2025-09-20,PLT08,B,SUP0160,Night,766,90741.38,0.0599,7.23,2.62,765.7,30.5,9785.79,75.0,1,Normal
B003749,2025-03-16,PLT10,C,SUP0007,Night,3248,467156.6,0.0563,8.91,3.32,4196.5,30.4,75552.03,82.8,0,Watch
B004414,2025-07-11,PLT01,B,SUP0085,Night,839,94110.03,0.079,4.89,1.28,967.2,22.0,14240.44,75.5,0,Normal
B004745,2025-10-15,PLT04,A,SUP0059,Night,924,77962.98,0.0733,2.66,11.15,857.3,31.3,18986.93,67.0,0,High
B000710,2025-02-24,PLT01,B,SUP0082,Day,729,81543.67,0.0652,0.99,12.12,741.2,26.7,17622.73,83.6,0,High
B001283,2025-04-15,PLT10,C,SUP0169,Day,716,99841.04,0.0525,7.67,5.77,1010.6,27.9,13540.96,78.2,0,Normal
B002676,2025-03-22,PLT07,C,SUP0043,Day,1681,230459.43,0.0754,4.6,6.05,1819.7,29.9,29940.69,79.3,0,Normal
B004030,2025-09-13,PLT03,A,SUP0178,Day,1483,134117.31,0.1244,0.63,2.22,979.0,32.3,17262.95,58.4,0,Normal
B001307,2025-02-01,PLT09,B,SUP0134,Day,2211,291010.6,0.0797,1.91,2.86,2043.3,29.8,36942.32,80.7,0,Normal
B002238,2025-02-11,PLT04,D,SUP0132,Day,1805,306109.02,0.0769,6.56,2.1,,26.0,40617.12,81.1,0,Normal
B003303,2025-06-23,PLT01,C,SUP0009,Night,2052,285749.0,0.0651,0.84,9.2,2676.9,22.4,79931.21,63.9,0,Critical
B002039,2025-11-10,PLT10,A,SUP0014,Night,1100,95908.11,0.0166,2.76,2.08,733.5,26.1,4949.31,84.2,0,Normal
B001530,2025-12-10,PLT02,C,SUP0061,Night,887,126162.46,0.0372,3.1,14.32,1233.1,26.6,31758.56,93.0,0,Critical
B001664,2025-06-01,PLT08,C,SUP0142,Night,1811,268803.55,0.0912,1.29,2.01,2307.3,27.4,29653.16,73.6,0,Normal
B004985,2025-10-27,PLT09,B,SUP0161,Night,1875,244548.62,0.0786,5.32,9.77,1854.0,27.0,58558.15,88.2,0,Critical
B001393,2025-07-21,PLT07,A,SUP0151,Night,1739,149408.47,0.0955,10.91,1.63,1352.5,24.2,15037.69,70.8,0,Normal
B003628,2025-02-26,PLT10,B,SUP0096,Day,1083,119253.55,0.0695,2.6,6.6,1147.3,28.2,22414.12,71.2,0,High
B004892,2025-02-01,PLT08,C,SUP0152,Day,1178,177330.15,0.0749,1.34,4.64,1688.2,24.1,25382.24,81.8,0,Normal
B002694,2025-11-20,PLT08,A,SUP0089,Day,1492,140658.54,0.117,1.28,1.03,1084.4,28.3,9551.97,73.3,0,Normal
B003061,2025-11-13,PLT02,A,SUP0118,Night,1080,92637.38,0.0885,1.53,2.08,761.0,27.5,13038.83,73.4,0,Normal
B001598,2025-09-03,PLT05,C,SUP0077,Night,1824,271117.22,0.1082,2.06,6.07,2511.9,29.1,46645.55,70.5,0,Watch
B002730,2025-06-04,PLT07,B,SUP0088,Day,1276,139004.6,0.1236,1.56,4.87,1422.4,23.3,25534.77,75.7,0,Watch
B002626,2025-02-10,PLT03,B,SUP0041,Night,1605,181923.14,0.1179,4.52,9.57,1241.0,27.6,41902.57,58.8,1,High
B003158,2025-12-03,PLT04,D,SUP0073,Day,842,145585.62,0.0844,2.17,1.67,1196.2,35.5,19300.84,68.1,0,Normal
B003315,2025-12-08,PLT02,B,SUP0042,Night,839,94616.59,0.1243,2.16,1.3,726.7,24.1,19611.65,62.5,0,High
B001723,2025-08-14,PLT03,B,SUP0056,Night,1180,138779.63,0.0512,1.56,12.98,1436.9,28.3,29087.39,90.6,0,High
B001060,2025-09-13,PLT07,D,SUP0156,Night,1428,245625.67,0.1146,12.27,6.75,1742.7,30.5,237040.22,61.4,0,Watch
B004637,2025-02-26,PLT02,A,SUP0151,Day,1205,107248.77,0.1004,12.35,2.84,863.4,24.0,11527.29,71.6,0,Normal
B003243,2025-05-28,PLT01,A,SUP0162,Night,1300,113244.76,0.0558,5.82,15.93,1288.7,23.7,31530.79,70.2,0,Critical
B001679,2025-01-18,PLT06,C,SUP0164,Day,1349,172441.82,0.0867,1.59,1.46,1927.5,22.7,20123.17,78.6,0,Normal
B001758,2025-07-11,PLT02,B,SUP0001,Day,2071,241026.69,0.0648,5.69,3.6,1777.7,27.6,26212.59,74.8,0,Normal
B004192,2025-12-30,PLT05,C,SUP0098,Day,896,127996.72,0.0573,1.63,3.48,1147.6,25.2,21880.58,80.5,1,Watch
B000564,2025-11-15,PLT01,C,SUP0055,Night,920,137008.07,0.1089,3.17,6.27,1096.5,22.9,34512.29,75.9,0,Critical
B002791,2025-01-25,PLT06,D,SUP0084,Day,900,140362.29,0.1184,6.42,1.71,1305.6,39.8,28440.02,64.0,0,High
B000864,2025-09-24,PLT03,D,SUP0080,Day,1090,190469.18,0.0686,1.83,6.24,1624.3,22.0,25620.92,67.3,0,Normal
B001485,2025-06-26,PLT02,C,SUP0043,Day,3012,438356.26,0.0857,4.07,4.18,3632.6,26.0,59898.34,74.4,0,Normal
B000207,2025-08-23,PLT10,C,SUP0108,Day,1783,254360.59,0.1221,2.89,3.77,2277.9,29.5,37590.27,69.5,0,Normal
B004489,2025-09-29,PLT01,A,SUP0151,Night,1364,121378.9,0.1223,18.53,2.97,1091.6,23.8,29970.26,66.5,0,Critical
B000871,2025-09-20,PLT06,D,SUP0009,Day,1588,245863.83,0.048,4.78,6.63,2775.1,21.5,35898.74,85.8,0,Normal
B004494,2025-10-06,PLT03,A,SUP0176,Day,1563,139121.16,0.0866,12.03,4.72,1176.4,27.1,27722.85,63.8,0,High
B000503,2025-11-26,PLT10,B,SUP0135,Night,1558,178742.71,0.0725,1.14,10.88,1610.3,29.4,43319.18,88.3,0,Critical
B001029,2025-05-27,PLT04,A,SUP0104,Night,2110,176801.37,0.105,3.43,3.05,1384.1,15.5,23408.08,75.8,1,Normal
B003841,2025-01-25,PLT02,C,SUP0100,Day,1531,222278.95,0.0793,1.77,5.63,1944.3,32.0,31514.91,66.7,0,Normal
B002691,2025-08-29,PLT10,C,SUP0146,Night,1605,233587.06,0.0884,8.71,0.86,1635.3,20.0,20364.2,61.1,0,Normal
B001571,2025-02-01,PLT06,B,SUP0033,Night,1260,124200.51,0.1113,0.97,7.07,1081.5,30.9,28098.15,65.1,0,High
B002774,2025-12-11,PLT06,B,SUP0068,Night,1361,135267.2,0.0895,2.48,14.45,1596.5,24.8,45021.57,81.7,0,Critical
B002732,2025-10-26,PLT05,B,SUP0033,Day,1304,150731.33,0.1123,0.66,3.95,1287.4,31.9,23560.32,71.1,0,Normal
B000805,2025-02-03,PLT10,B,SUP0159,Day,2046,227707.21,0.1228,7.48,6.65,1814.1,31.4,44621.15,62.5,0,High
B003646,2025-08-20,PLT03,D,SUP0077,Night,1453,262047.95,0.1095,12.31,5.58,2521.3,29.9,45230.8,60.9,0,Watch
B002455,2025-10-18,PLT08,A,SUP0113,Day,2215,200067.28,0.1116,0.51,4.33,1766.3,,28706.15,73.7,0,Normal
B004599,2025-09-09,PLT10,C,SUP0056,Day,2345,324857.64,0.0664,1.26,9.43,2733.8,29.3,48264.61,87.4,0,Normal
B003105,2025-04-11,PLT01,A,SUP0060,Day,1040,91646.72,0.0542,3.44,7.23,1023.1,32.5,15427.6,91.3,0,Watch
B004876,2025-08-11,PLT07,B,SUP0173,Day,2078,225889.06,0.0852,3.38,2.86,1838.3,31.6,26589.93,78.8,1,Normal
B000201,2025-07-27,PLT10,A,SUP0157,Night,1488,130644.99,0.0873,4.21,5.94,1111.7,24.1,23545.79,83.3,0,Watch
B003100,2025-10-14,PLT04,B,SUP0067,Night,2007,222491.4,0.0711,6.78,2.26,1897.2,28.8,23992.63,82.6,0,Normal
B002279,2025-07-14,PLT04,B,SUP0072,Day,1737,188074.92,0.1217,3.96,1.22,2004.2,24.4,30264.01,68.6,0,Normal
B003562,2025-05-01,PLT02,C,SUP0002,Day,2085,293916.3,0.0642,0.81,14.7,2514.3,21.9,80841.58,80.6,0,Critical
B004475,2025-08-22,PLT02,B,SUP0062,Day,1075,122946.79,0.0891,8.33,5.37,1167.9,22.5,20722.05,63.7,0,Watch
B004515,2025-05-19,PLT08,B,SUP0120,Day,1057,123948.72,0.1244,1.2,4.96,976.2,29.2,16039.37,58.5,0,Normal
B000392,2025-06-12,PLT04,C,SUP0174,Day,971,141662.9,0.0621,2.38,0.78,1150.3,22.7,16382.56,85.6,0,Normal
B001496,2025-06-05,PLT03,A,SUP0116,Day,874,78680.53,0.0826,2.53,6.58,861.2,28.6,9058.73,69.9,0,Normal
B002696,2025-02-13,PLT08,B,SUP0161,Night,1317,157702.61,0.0857,4.03,2.51,1117.0,19.6,25202.19,67.9,0,Normal
B002028,2025-11-04,PLT09,C,SUP0074,Day,1330,221860.31,0.1224,6.53,5.45,1719.7,23.9,36359.73,57.7,0,Normal
B002569,2025-07-06,PLT05,D,SUP0123,Night,1258,218261.21,0.0762,3.02,6.8,1785.5,24.3,39399.11,79.1,0,Watch
B000065,2025-04-20,PLT10,A,SUP0035,Day,2011,171615.32,0.0378,12.5,4.18,1545.3,21.4,30626.22,78.0,0,Watch
B003885,2025-07-03,PLT09,A,SUP0090,Day,1125,115537.2,0.09,7.1,5.59,750.8,27.7,16739.77,67.7,0,Normal
B002063,2025-03-20,PLT07,A,SUP0089,Night,1430,120348.65,0.1103,7.61,3.45,1115.5,23.1,23377.62,71.6,0,High
B000493,2025-12-28,PLT09,B,SUP0072,Day,1387,178078.99,0.1341,14.73,2.71,1232.7,24.9,25701.17,68.9,0,Normal
B000380,2025-08-24,PLT03,C,SUP0012,Day,2661,395669.1,0.1515,1.82,9.37,3315.7,27.8,121307.24,68.2,0,Critical
B004860,2025-07-05,PLT10,D,SUP0070,Day,1034,180270.39,0.0646,6.26,1.72,1557.8,27.2,22827.71,80.9,1,Normal
B003994,2025-06-29,PLT03,C,SUP0166,Day,1710,253247.85,0.0562,6.02,0.94,1986.2,21.4,21342.32,75.7,0,Normal
B004888,2025-08-28,PLT02,B,SUP0086,Day,1293,149946.36,0.1161,1.34,2.41,1084.3,27.7,24598.56,69.4,0,Normal
B001077,2025-05-24,PLT08,B,SUP0064,Day,2006,248118.36,0.0763,10.26,3.97,1569.4,31.0,54040.39,76.4,1,High
B000879,2025-10-13,PLT06,B,SUP0037,Night,1585,157533.37,0.0779,2.33,7.31,1659.8,,27734.68,81.7,0,Watch
B000338,2025-05-11,PLT01,A,SUP0023,Day,2379,199769.56,0.0678,6.93,2.87,1707.4,26.8,29023.74,74.4,0,Normal
B001017,2025-03-09,PLT07,A,SUP0116,Day,788,67047.73,0.078,0.26,1.65,660.3,27.7,8104.83,84.7,0,Normal
B001276,2025-12-18,PLT01,C,SUP0017,Day,2481,348422.84,0.1051,2.58,7.13,3490.8,23.0,73780.23,70.4,0,High
B003799,2025-06-21,PLT07,C,SUP0107,Day,1833,258744.11,0.094,6.25,3.64,2443.7,29.6,37615.27,78.5,0,Normal
B004552,2025-10-09,PLT10,A,SUP0060,Day,1612,143427.87,0.0695,4.62,2.65,1274.8,33.8,15655.23,88.0,0,Normal
B003343,2025-09-14,PLT01,B,SUP0125,Day,1552,173239.39,0.0846,6.62,5.93,1710.8,25.7,18750.59,79.3,0,Normal
B004912,2025-04-06,PLT02,C,SUP0169,Day,1059,155540.39,0.0585,1.41,5.88,1165.3,30.5,27992.97,76.0,0,Watch
B000996,2025-11-19,PLT01,B,SUP0067,Night,1355,156045.0,0.1145,2.16,6.08,1224.5,22.4,27827.63,72.2,0,Watch
B001982,2025-08-19,PLT02,B,SUP0086,Night,1333,148769.91,0.0867,0.53,2.49,1598.3,28.5,19011.42,82.6,0,Normal
B004298,2025-11-16,PLT04,B,SUP0090,Day,1835,201724.29,0.0821,2.3,4.51,1872.7,24.6,27374.52,79.2,0,Normal
B000162,2025-09-20,PLT05,D,SUP0105,Night,1157,198366.3,0.1194,6.97,2.84,1646.4,25.3,28867.44,63.0,0,Normal
B004799,2025-05-24,PLT10,C,SUP0059,Day,2637,373359.62,0.0742,7.24,9.39,3497.2,27.4,69390.44,82.7,0,High
B001501,2025-11-13,PLT07,C,SUP0136,Night,3114,443275.02,0.1182,0.36,6.39,3446.1,34.2,93256.85,60.0,0,High
B003844,2025-08-25,PLT02,D,SUP0104,Day,986,174175.03,0.1017,6.12,2.91,1793.5,22.5,20717.71,73.5,0,Normal
B002614,2025-12-19,PLT01,C,SUP0047,Day,662,95459.74,0.0943,3.67,7.06,851.8,33.6,21639.94,76.8,0,High
B003462,2025-01-11,PLT02,D,SUP0108,Day,1715,308947.85,0.1326,3.84,15.95,3322.8,22.8,88700.77,74.6,0,Critical
B001022,2025-07-04,PLT03,B,SUP0031,Day,1200,139082.38,0.0959,5.56,12.0,1429.0,22.2,23548.13,67.0,0,Watch
B003074,2025-09-04,PLT07,A,SUP0143,Night,991,82473.74,0.0896,2.05,6.48,723.1,31.3,18366.08,81.8,0,High
B003944,2025-06-08,PLT02,B,SUP0040,Day,1292,146178.65,0.1027,5.23,3.59,1261.2,29.4,22875.14,79.3,0,Normal
B001586,2025-12-30,PLT03,C,SUP0107,Night,1042,154540.16,0.0379,8.11,1.77,1116.4,27.6,15340.17,83.4,0,Normal
B001956,2025-10-18,PLT04,A,SUP0037,Day,1742,150181.76,0.1127,3.0,0.54,1318.7,26.3,16831.82,63.1,0,Normal
B003153,2025-10-12,PLT03,C,SUP0069,Day,1565,234439.23,0.1111,3.12,5.57,1532.0,14.8,35063.46,80.4,0,Normal
B000035,2025-02-11,PLT06,B,SUP0109 ,Day,1741,176991.83,0.0845,3.36,8.23,2026.3,33.7,35408.33,74.0,1,High
B004015,2025-03-30,PLT01,C,SUP0002,Night,1590,231028.8,0.058,5.19,5.1,1758.5,27.9,28926.33,69.1,0,Normal
B000776,2025-03-06,PLT04,D,SUP0077,Night,1434,240695.58,0.0983,4.56,,2228.3,28.0,62157.17,67.9,0,Critical
B002557,2025-10-20,PLT05,C,SUP0109,Day,1543,221006.28,0.0948,11.0,5.5,2136.7,17.7,38829.38,71.2,0,Watch
B001479,2025-10-28,PLT05,B,SUP0132,Day,2214,251590.92,0.0767,2.47,1.66,1770.0,20.5,10837.11,69.3,0,Normal
B001364,2025-07-25,PLT10,C,SUP0082,Day,1416,198293.93,0.1305,18.0,3.73,1641.3,27.6,29312.77,54.0,0,Normal
B002613,2025-04-21,PLT10,A,SUP0162,Day,841,73494.98,0.0841,7.17,1.03,610.3,25.9,6405.39,76.1,0,Normal
B002825,2025-09-26,PLT08,C,SUP0150,Night,1028,157404.2,0.0885,2.47,3.74,1296.1,23.9,27929.12,85.6,1,Watch
B002042,2025-08-18,PLT02,C,SUP0142,Night,1209,178301.18,0.0998,21.62,4.21,1408.6,20.0,36282.87,65.8,0,Watch
B000242,2025-09-14,PLT02,B,SUP0129,Night,1144,128396.87,0.1011,1.24,7.71,1226.3,20.0,31284.36,71.4,0,Critical
B002062,2025-06-20,PLT05,B,SUP0100,Day,989,110268.35,0.1274,10.94,1.81,1131.8,28.2,20238.94,59.4,0,Watch
B002364,2025-12-15,PLT03,A,SUP0152,Night,1598,136819.46,0.0939,10.99,1.52,1098.8,28.9,17820.67,72.5,0,Normal
B000601,2025-12-14,PLT01,C,SUP0107,Day,2522,355496.51,0.0773,5.12,1.86,2677.3,30.4,22056.68,72.1,0,Normal
B002436,2025-06-01,PLT02,B,SUP0082,Day,1336,149772.4,0.1215,5.93,3.77,1056.3,35.8,24186.77,70.4,0,Normal
B002889,2025-09-18,PLT06,D,SUP0072,Day,1261,196616.01,0.0875,4.31,4.94,1737.0,28.8,39535.19,74.3,0,High
B000647,2025-09-23,PLT01,B,SUP0104,Night,1826,202179.05,0.1035,2.83,1.62,1587.9,26.8,27036.1,67.4,0,Normal
B003891,2025-10-04,PLT04,D,SUP0136,Day,2040,344950.0,0.0889,0.68,2.1,2656.9,24.0,39066.58,73.5,0,Normal
B003557,2025-11-25,PLT08,C,SUP0013,Day,1078,165380.11,0.0864,5.89,4.84,1346.7,30.0,14170.32,70.1,0,Normal
B003203,2025-12-30,PLT04,B,SUP0086,Night,722,80783.63,0.1109,3.02,2.75,645.2,20.9,9409.09,71.5,0,Normal
B001529,2025-11-14,PLT03,C,SUP0032,Day,1133,172097.09,0.0833,5.76,2.51,1612.6,19.1,23092.17,87.2,0,Normal
B001268,2025-08-28,PLT03,A,SUP0065,Day,536,47158.86,0.0552,3.43,2.11,417.8,22.6,3425.09,75.5,0,Normal
B001900,2025-01-25,PLT05,A,SUP0082,Day,1746,153281.63,0.1035,4.68,1.93,1362.4,39.4,27594.34,66.1,0,Watch
B004659,2025-05-23,PLT05,C,SUP0159 ,Day,1515,217147.76,0.1312,3.44,2.64,2017.0,24.5,37274.18,62.2,0,Watch
B003006,2025-02-11,PLT08,B,SUP0040,Day,930,109506.88,0.0848,3.78,3.78,881.1,28.8,16629.86,69.6,0,Normal
B002735,2025-03-16,PLT01,C,SUP0118,Night,1577,228068.27,0.0723,10.95,7.85,2042.8,,50436.28,73.4,0,High
B000190,2025-09-10,PLT10,C,SUP0148,Day,1840,263178.78,0.0696,3.3,8.86,2240.7,20.1,47220.96,78.6,0,Watch
B001807,2025-04-10,PLT10,B,SUP0094,Night,1348,149428.7,0.08,1.31,5.79,1407.9,23.4,25903.79,69.7,0,Watch
B000976,2025-01-03,PLT06,B,SUP0164,Night,2018,203885.97,0.0384,7.93,8.22,2338.2,26.5,45975.2,82.5,0,High
B002748,2025-04-19,PLT04,B,SUP0064,Day,2008,224944.08,0.0685,4.81,1.46,2043.6,25.3,38818.41,82.4,0,Watch
B002048,2025-01-22,PLT01,C,SUP0150,Night,1103,160207.73,0.1027,10.49,5.58,1382.5,33.1,28664.88,79.6,0,Watch
B002559,2025-09-19,PLT01,B,SUP0132,Day,1188,134092.61,0.117,2.55,6.68,1121.7,36.5,22692.99,71.7,0,Watch
B001083,2025-06-22,PLT04,C,SUP0144,Night,460,63923.14,0.0839,2.68,1.91,598.4,29.0,5023.0,69.3,0,Normal
B000475,2025-05-02,PLT04,C,SUP0133,Day,1428,203431.85,0.1288,7.02,13.88,1759.4,,59764.6,78.8,0,Critical
B002905,2025-09-23,PLT01,A,SUP0040,Day,2638,232832.61,0.0992,2.48,3.27,2116.6,19.8,25604.72,74.5,0,Normal
B004844,2025-12-06,PLT10,B,SUP0101,Night,2021,232596.65,0.1123,3.42,1.95,1730.5,31.3,33757.48,65.5,0,Normal
B004118,2025-05-15,PLT05,A,SUP0037,Day,712,62404.67,0.0644,2.42,6.04,573.1,,7160.2,77.6,0,Normal
B003386,2025-10-01,PLT01,B,SUP0053 ,Day,1733,197699.06,0.0583,2.14,6.04,1593.2,26.4,26240.34,72.0,0,Normal
B004556,2025-12-20,PLT05,C,SUP0149,Day,983,145587.18,0.1101,13.65,6.5,1142.1,26.6,35657.81,74.2,0,Critical
B001185,2025-09-20,PLT10,D,SUP0092,Day,1675,289499.76,0.1326,7.38,1.53,2191.5,23.8,66217.51,67.7,0,Critical
B002434,2025-09-17,PLT09,B,SUP0042,Day,844,109492.63,0.0954,9.06,1.97,918.0,20.8,8069.77,74.7,0,Normal
B002392,2025-04-11,PLT01,C,SUP0136,Day,1369,200270.98,0.0793,2.99,1.44,1446.3,24.9,17398.96,86.1,0,Normal
B000770,2025-07-08,PLT04,D,SUP0178,Day,912,154046.63,0.1035,3.97,0.76,1381.2,30.0,16386.44,65.1,1,Normal
B001686,2025-01-02,PLT07,D,SUP0144,Day,1282,215841.31,0.0799,2.33,1.35,1938.8,38.8,11889.62,84.8,0,Normal
B000131,2025-06-20,PLT03,A,SUP0143,Day,960,86632.52,0.0662,0.55,8.17,776.5,29.7,10826.66,77.1,0,Normal
B002920,2025-07-26,PLT07,B,SUP0096,Day,864,94389.26,0.076,2.62,1.14,932.4,,2810.81,81.1,1,Normal
B003172,2025-06-04,PLT07,A,SUP0126,Night,2086,171490.58,0.0686,4.7,0.5,1441.9,22.2,14777.99,88.3,0,Normal
B003445,2025-01-18,PLT08,D,SUP0114,Day,858,158799.13,0.0857,4.5,8.33,1324.3,25.0,32112.51,62.5,1,High
B004427,2025-01-18,PLT07,D,SUP0026,Night,2434,398117.63,0.0963,3.7,1.16,3509.5,22.0,46638.15,75.7,0,Normal
B000467,2025-03-17,PLT05,B,SUP0090,Day,2150,245562.17,0.1018,11.27,2.58,2285.2,21.6,40227.84,72.6,0,Normal
B003093,2025-07-25,PLT05,B,sup0053,Night,1755,197466.5,0.0774,9.2,3.06,1488.1,24.7,24022.39,75.7,0,Normal
B003773,2025-01-13,PLT08,A,SUP0126,Night,1421,133443.54,0.0613,1.65,8.18,1044.0,26.2,30983.4,80.9,0,High
B000861,2025-03-24,PLT08,C,SUP0127,Night,2185,333596.97,0.0515,9.24,2.16,2366.2,26.4,42045.99,80.3,0,Normal
