Supplier_ID,Product_Category,Month,Defect_Rate,On_Time_Delivery_Rate,Avg_Lead_Time_Days,Supplier_Risk_Score,Audit_Flag
SUP0001,B,1,0.051101879249247015,0.7817302344494365,17.313613861325237,44.246281012629744,Pass
SUP0001,B,2,0.04818701073614516,0.8188756864777534,21.007226099554565,37.81142954745935,Pass
SUP0001,B,3,0.025584719883206007,0.858922166854894,15.077467398275832,28.332672135677633,Pass
SUP0001,B,4,0.03869837328715992,0.7895828371195553,13.733378486853903,38.121439597991355,Fail
SUP0001,B,5,0.03924322378482316,0.7984839442378994,10.108537727728368,29.306912736945637,Pass
SUP0001,B,6,0.048936211964629495,0.7679681054503853,18.47585738549236,35.35440600553905,Pass
SUP0001,B,7,0.0541130701244384,0.7398348049960021,14.053204423438157,48.766895134865905,Pass
SUP0001,B,8,0.05173758883143992,0.7464759603506601,16.05651082729248,48.15637720990063,Pass
SUP0001,B,9,0.028428004065220405,0.8236972110912726,16.536161912354252,36.165395536515156,Pass
SUP0001,B,10,0.020969550601618724,0.7999137521251729,13.841599142649283,36.304133201633874,Fail
SUP0001,B,11,0.042716262516942466,0.7380463686885368,11.416027427821408,42.23547980898038,Pass
SUP0001,B,12,0.036621234733254356,0.761314684864178,21.502977558547272,41.584493353416306,Pass
SUP0002,A,1,0.0479767272055094,0.7134352390914511,18.525997277242126,55.41490172272921,Pass
SUP0002,A,2,0.03621618027318248,0.7517651477147902,11.778340301233685,37.773656245042716,Pass
SUP0002,A,3,0.03676108507011896,0.8200343818047484,17.677164233192276,46.97363871057726,Pass
SUP0002,A,4,0.033885389293551074,0.7950801927521118,16.90400639193114,53.163486656849365,Pass
SUP0002,A,5,0.0405433882738261,0.771848611415498,13.317270099008347,50.500440513089124,
SUP0002,A,6,0.042516935607445086,0.7413958065129164,20.937655913934908,50.04316133832909,Pass
SUP0002,A,7,0.036488293686050874,0.7417908167191268,15.419387690475858,46.50795352367143,Pass
SUP0002,A,8,0.04302698281680218,0.7038990608200428,15.783053834746555,61.05140092194496,Pass
SUP0002,A,9,0.04449855830553817,0.6959587455076546,21.433138012636537,46.235930962089384,Pass
SUP0002,A,10,0.04770790949501387,0.7459555628363915,14.814974865398568,51.01957013149777,Pass
SUP0002,A,11,0.04711205730718565,0.7727640719487762,11.559368685840356,56.51944749223222,Pass
SUP0002,A,12,0.03569842063298246,0.7691473049724115,20.358411850730977,50.10153444768719,Pass
SUP0002,C,1,0.04291701286923864,0.8336434306591658,16.447891863338114,47.05425140443251,Pass
SUP0002,C,2,0.04451841299039873,0.7679545991657044,18.981955943137578,58.213931513711714,Pass
SUP0002,C,3,0.04030081602948137,0.7916911520415374,14.211749498869118,46.393366935278,Pass
SUP0002,C,4,0.04872419260410892,0.7751067222719867,15.264128054186877,47.083118356501735,
SUP0002,C,5,0.03650350443996716,0.8229732405414484,14.791194284655178,45.29543212647154,
SUP0002,C,6,0.04180835860933094,0.7354173819158535,15.509801081441797,48.04757190768974,Pass
SUP0002,C,7,0.05596412324938284,0.7080279961908997,15.924107832231927,57.037457538402975,Pass
SUP0002,C,8,0.06821586587289355,0.7473980317932826,20.293160816610882,64.23979515358593,Pass
SUP0002,C,9,0.04824631236181029,0.7486295537244746,20.002024320681322,56.81316463187761,Pass
SUP0002,C,10,0.05555580731689776,0.6820083820306695,15.386212660545313,58.00260032466131,Pass
SUP0002,C,11,0.05927540688308579,0.7738176571507123,21.21890323749026,54.256109464981954,Fail
SUP0002,C,12,0.04048964124722422,0.7302268353830675,25.6850848776659,53.81592771520361,Pass
SUP0003,A,1,0.050729623439515495,0.6631258114266242,10.49477567205347,59.90336815603461,Fail
SUP0003,A,2,0.03802711019015128,0.741102134732133,20.16469863411182,52.24932108451725,Pass
SUP0003,A,3,0.0490465617803605,0.7316877978012671,16.29064624687051,60.83765314765428,Pass
SUP0003,A,4,0.041370479579838054,0.6672706778804768,19.5992889374376,60.95173916986435,Pass
SUP0003,A,5,0.03435789699503999,0.7282455226898136,17.192171827961918,58.819804022275704,
SUP0003,A,6,0.048378246428316056,0.7814230553578588,10.658660002390887,55.65446079083723,Pass
SUP0003,A,7,0.06733331028287633,0.6837315283528488,18.687011583210467,72.97135194564761,Pass
SUP0003,A,8,0.053450950589571056,0.7439022519904502,14.851951240753786,60.12501669686025,Pass
SUP0003,A,9,0.060610221020552926,0.5829820423942695,20.60626535351272,71.91827266461172,Pass
SUP0003,A,10,0.06400717555140295,0.6604475751231677,19.820515773441976,75.37179197499268,Pass
SUP0003,A,11,0.060823496412199765,0.6841234331561437,10.863728388616966,70.5386710792768,Pass
SUP0003,A,12,0.05212864798235443,0.7487606288932337,16.817715807085523,70.03650291926411,Pass
SUP0003,D,1,0.0366933006697617,0.7237970521533444,21.168256343902684,61.18579068487292,Pass
SUP0003,D,2,0.04497678227796332,0.7269289931281511,16.698282377795458,61.49803388747876,Pass
SUP0003,D,3,0.062167246677691926,0.7178302528690972,14.957814009752392,61.810778928238896,Pass
SUP0003,D,4,0.06214362632976044,0.7671441994532227,25.61687749404112,64.3477268804329,Pass
SUP0003,D,5,0.06575928726391843,0.7382913968412563,21.678828578954366,56.42217978290773,Pass
SUP0003,D,6,0.046578330377368936,0.7031461529558086,20.188999071036957,62.75700289782308,Pass
SUP0003,D,7,0.05109376951700814,0.7144471819055893,20.57401664686914,62.48891231843234,Pass
SUP0003,D,8,0.033789383336075854,0.7322145103246714,16.665746519529357,62.494418880228835,Pass
SUP0003,D,9,0.05632635715222294,0.6573363228094997,18.51802794480506,63.08098053996326,Pass
SUP0003,D,10,0.062211970091021376,0.7033810488958228,16.36748136503686,69.1586022720032,Pass
SUP0003,D,11,0.04526573100593331,0.6929528143381662,19.692471437562272,66.96832584144119,Pass
SUP0003,D,12,0.0653121299856283,0.6179074507154233,18.3218687517219,76.89052038129881,Pass
SUP0004,A,1,0.045576288608176946,0.8651478210691136,15.17530131834378,39.8973636112606,Pass
SUP0004,A,2,0.055348836075814034,0.7786306693195019,11.905361762497703,45.070290937883684,Pass
SUP0004,A,3,0.03511971677629393,0.7211208028397845,15.771032392289515,37.982375438859385,Pass
SUP0004,A,4,0.03276223970759796,0.7644090999467861,14.969954751384309,40.6576259396045,Pass
SUP0004,A,5,0.043933214171700964,0.824208778295504,18.131619581514357,40.46839687268756,Pass
SUP0004,A,6,0.03240854688205366,0.7707461391170659,18.03415567471384,48.67335823463887,Pass
SUP0004,A,7,0.02914340667042077,0.7555178141675613,23.129460006258242,46.58289109025556,Pass
SUP0004,A,8,0.03634181845372124,0.7223726241188109,16.022698169922265,50.95165051075217,Pass
SUP0004,A,9,0.04334220659403022,0.7618448242704646,15.281114369462387,50.40210484687865,Pass
SUP0004,A,10,0.03850166277182148,0.7458193757127379,18.287331938822177,43.774011959757416,Pass
SUP0004,A,11,0.04483200588071296,0.7728362228195821,17.01865057646542,60.291942906520184,Pass
SUP0004,A,12,0.05463472652854369,0.771424428931957,16.536194232201126,48.441935503205464,Pass
SUP0004,C,1,0.06189073407770371,0.7389100454419798,15.061289699902549,39.63325407930046,Pass
SUP0004,C,2,0.04005034479965958,0.7371321765949921,13.519254052529854,49.01845450551645,Pass
SUP0004,C,3,0.053391874993523686,0.7782334787284494,17.22303885391198,49.75710406739729,Pass
SUP0004,C,4,0.03708967892494606,0.7067701117650825,20.074874199683787,48.572240322482315,Fail
SUP0004,C,5,0.03915123605747161,0.7080329201347022,15.587943871984914,42.61935307921227,Pass
SUP0004,C,6,0.03727413747987934,0.7666912843163962,15.349263417716518,53.97675075837486,Pass
SUP0004,C,7,0.05159125846872961,0.7444702539283158,21.33522980171888,54.919070679424046,
SUP0004,C,8,0.05062802169173301,0.7680401505008205,13.907685249079735,48.58967311722948,Pass
SUP0004,C,9,0.059934096977221955,0.6864074877771619,15.862709222734031,55.636437678820414,Pass
SUP0004,C,10,0.05058249251507959,0.7110931190417503,16.330502926454212,49.91562042437859,Pass
SUP0004,C,11,0.056595384934601436,0.7813219908929266,19.336941795507663,54.233529753957015,
SUP0004,C,12,0.051168435962710306,0.7241751308871044,18.209736019792466,53.174910983507324,Pass
SUP0005,B,1,0.04677761462497782,0.7825288436831087,20.171431423370784,42.09715435388995,Pass
SUP0005,B,2,0.03518229108370547,0.802169373559769,17.63368515613484,51.839499400802275,Pass
SUP0005,B,3,0.03644362924858082,0.7652309651580965,15.600527158565187,49.983220135727805,Pass
SUP0005,B,4,0.030267745542296727,0.698366419870083,22.750714240893757,58.29470143467301,Pass
SUP0005,B,5,0.050448654560677875,0.7625144824965089,13.180458035130878,48.75171226161166,Pass
SUP0005,B,6,0.04787811968202798,0.7573080165842235,17.56986225574417,50.89298326813077,Pass
SUP0005,B,7,0.06340922470992982,0.7753025636765926,23.963610020209344,57.829662976153905,Pass
SUP0005,B,8,0.03901929256819438,0.7655016629191107,17.067509564999995,49.14101131908886,Pass
SUP0005,B,9,0.040085613141493004,0.7829517372835679,14.140267739135838,54.89114783303756,Pass
SUP0005,B,10,0.05126562275319896,0.7269998897398873,16.404304243364432,61.98874948759034,Pass
SUP0005,B,11,0.03776081819954333,0.7597451141114202,17.68187539494214,45.88136975795756,Pass
SUP0005,B,12,0.05199914279714682,0.7913067242750251,14.677748152692915,55.77245510626499,Pass
SUP0006,A,1,0.0540867437589102,0.6849884231005845,12.136162803652853,62.562752264961844,Pass
SUP0006,A,2,,0.6756104453462751,18.03469616682477,61.701154854367644,Pass
SUP0006,A,3,0.12540745529065575,0.7159217914813188,27.488024288681935,59.675168646319364,Pass
SUP0006,A,4,,0.7199955699929551,54.535300327543766,60.365489771034966,Pass
SUP0006,A,5,0.033657829127765965,0.6785596595139397,12.793430761006555,59.70377307703981,Pass
SUP0006,A,6,0.04245931550541509,0.6357791487116145,18.953505741245415,66.98069964412417,Pass
SUP0006,A,7,0.039250436852627316,0.6818308184880265,22.822172252342973,70.35194444947018,Pass
SUP0006,A,8,0.03087124384470616,0.6685485862067809,14.391943212563653,64.46542763376766,Pass
SUP0006,A,9,0.052813140179541626,0.7080055621502186,21.923998449618548,71.04064383088004,Pass
SUP0006,A,10,0.05339281410035412,0.7591748132217164,15.002829196027687,68.29236015530547,Pass
SUP0006,A,11,0.039641174417601704,0.6864814370270924,17.83299867990863,67.35041239000768,Pass
SUP0006,A,12,0.05053843551141427,0.7202005706150039,16.807931134655526,67.65322764092686,Pass
SUP0006,D,1,0.036906656287719004,0.7879288648125399,23.69866406980299,61.31428507961389,Pass
SUP0006,D,2,0.04535213683872696,0.7500037732509643,11.690803390160447,56.548522406755396,Pass
SUP0006,D,3,0.06742842386879092,0.6738541880472442,16.394452372293543,75.25751583357841,Pass
SUP0006,D,4,0.04184894775685301,0.6452784373937938,21.863978679755707,66.84341635191377,Pass
SUP0006,D,5,0.06146979425849557,0.7406192017920445,22.87514381077891,69.54355947560583,Pass
SUP0006,D,6,0.04092634880804919,0.6809313676820342,23.129675063921834,63.45059030505399,Pass
SUP0006,D,7,0.053056780230938565,0.684532265559332,23.19240477840529,72.01670922489778,Pass
SUP0006,D,8,0.0554982291855839,0.6916768159876924,19.686804991285143,76.09615492391501,Pass
SUP0006,D,9,0.05841829353476864,0.6828759864004134,19.38044577788316,73.32848642460355,Pass
SUP0006,D,10,0.05029327130296338,0.6347314807550719,22.38476298631477,67.7828337196332,Pass
SUP0006,D,11,0.06515674154156598,0.7303598287316726,20.79509738499649,67.53449855230824,Pass
SUP0006,D,12,0.059237017826885646,0.6861462261322526,18.852360120778524,66.86455639599676,Pass
SUP0007,C,1,0.038335069527994065,0.7509419372149945,18.36879885637934,47.443974976758966,Pass
SUP0007,C,2,0.03915792246026508,0.8112956868528979,17.24372111798869,40.300590569818624,
SUP0007,C,3,0.052482404229694,0.8368378689916902,16.13273989615963,41.464344210445205,Pass
SUP0007,C,4,0.04753609638933916,0.7407674499772091,15.258020373459592,47.85998351071782,Pass
SUP0007,C,5,0.04375596465727029,0.8441388648640875,16.713675317997254,35.79166228549961,Pass
SUP0007,C,6,0.03715415697776237,0.7552294206390184,24.294239935715257,45.70283271228707,Pass
SUP0007,C,7,,0.6549733537807054,23.309543228823138,60.10669097842142,Pass
SUP0007,C,8,0.04854405879199483,0.7048021924690966,22.3182679170066,54.56594929013163,Pass
SUP0007,C,9,0.037009788968181474,0.7155138741912166,21.356480514419765,41.89061930567014,Fail
SUP0007,C,10,0.04610469916205569,0.7290889840571008,18.242202066743623,45.55701493081489,Pass
SUP0007,C,11,0.05164575511306452,0.8135540018499663,16.353557757079898,42.26045620315402,Pass
SUP0007,C,12,0.038960834743949006,0.8180506926365855,9.687300962280705,40.739111890429925,Pass
SUP0008,A,1,0.022899537486122445,0.8132169847249109,17.709657339081797,37.035999041322206,Pass
SUP0008,A,2,0.04418575050599936,0.7946838147252363,21.643629228003736,44.46601227458534,Pass
SUP0008,A,3,0.039470825134389736,0.7871776088655205,10.811138391410164,40.10259821528312,Pass
SUP0008,A,4,0.032431804093520485,0.8446464912501592,9.880352503308792,30.273635056010818,Pass
SUP0008,A,5,0.03861841011754785,0.7917735506216811,16.041078534139412,35.06336373690867,Pass
SUP0008,A,6,0.03619831870291673,0.7895292211295959,23.361462541936714,35.712250245953285,
SUP0008,A,7,0.02114542576714006,0.8184717284893674,13.358913812570174,31.047433868683072,Pass
SUP0008,A,8,0.030589650292964884,0.7382646580844041,16.191540435333867,43.043771860682355,Pass
SUP0008,A,9,0.03555449250966257,0.8055847913693327,16.137317609062652,43.16104531463991,Pass
SUP0008,A,10,0.04440695382160951,0.7732154837550803,18.888024050441246,49.294834642505066,Pass
SUP0008,A,11,0.04966691624011819,0.7944006700726371,17.43834683887434,44.74194880169497,Pass
SUP0008,A,12,0.04474416406842102,0.6977502385998032,22.009823515361457,63.08504933348338,Pass
SUP0009,C,1,0.057122223125419216,0.7691660504658109,14.274153689998277,28.049290701441482,Pass
SUP0009,C,2,0.02984345707320445,0.8578854661682545,13.071841640706817,21.13423503833989,Pass
SUP0009,C,3,0.024582746503292764,0.8947076984098171,14.477487468966537,14.871436276433784,Pass
SUP0009,C,4,0.042588020484336325,0.8253735372488117,14.438768863156465,28.935308531655956,Pass
SUP0009,C,5,0.024102152287065103,0.8560389905853468,12.727402227662362,21.307201522564817,Pass
SUP0009,C,6,0.05314997418078886,0.7667988462526337,21.277802975029154,35.70188407666389,Fail
SUP0009,C,7,0.03647709470672748,0.7649603590361327,10.819441954577005,37.55081585694708,Pass
SUP0009,C,8,0.032460002488734346,0.8029863359020889,18.562988052667958,28.6256968263163,Pass
SUP0009,C,9,0.03518228171862035,0.8342724891255403,13.316775946812086,30.54637329263728,Pass
SUP0009,C,10,,0.8318595883125737,16.51113792943774,27.715363093349968,Pass
SUP0009,C,11,0.034285549958832234,0.8039355539221159,17.32865008092106,30.54260358289269,Pass
SUP0009,C,12,0.05074100228584176,0.8072441410427027,17.870759931959785,25.78685537525184,Pass
SUP0009,B,1,0.02706652100137622,0.8202193344357337,20.0800817133661,20.846423962709085,Pass
SUP0009,B,2,0.05134664135293087,0.8367966011316803,12.9467411545895,22.86121657612885,Pass
SUP0009,B,3,0.015343233218001037,0.8151903661682433,15.036269496948481,24.64095447493641,Pass
SUP0009,B,4,0.03996982837740541,0.7940551797882355,19.384346751421532,17.65590792380874,Pass
SUP0009,B,5,0.022553987658515916,0.7887387728261911,13.840216864581423,25.530350582874927,Pass
SUP0009,B,6,0.029511493824022364,0.891488616876338,18.02101295496869,18.28085932617666,Fail
SUP0009,B,7,0.02512712783678077,0.8234090370662525,8.023387696520722,20.87193955747224,Pass
SUP0009,B,8,0.020807058020327562,0.842397525035696,15.127403208008891,31.190092552867643,Pass
SUP0009,B,9,0.02563047778873152,0.8978319555240922,8.359957492952628,18.957910455854886,Pass
SUP0009,B,10,0.055816596191022555,0.7479589033260514,11.59968819281558,36.87402596470918,Pass
SUP0009,B,11,0.03653807549087087,0.8144666500107236,15.420404618728151,30.75338069669395,Pass
SUP0009,B,12,0.02404202801579139,0.75254183716751,16.164582129125964,34.832249136336635,Pass
SUP0009,D,1,0.03338788836030466,0.8726284710968168,19.207248888012174,25.63738341063542,Pass
SUP0009,D,2,0.03397329848244863,0.8802294233932777,10.041647301772098,18.89818962017068,Pass
SUP0009,D,3,0.048085803106384564,0.8390114588478945,8.153484915078685,20.229829605059162,Pass
SUP0009,D,4,,0.9147821768369321,13.658612743783037,21.48479037657326,Pass
SUP0009,D,5,0.0205229133228649,0.8100756472815378,12.408299377313465,19.95649045866471,Pass
SUP0009,D,6,0.03255968753167368,0.8433665726538134,17.80036450661416,22.581765629375028,Fail
SUP0009,D,7,0.020514609737044873,0.8015104791944533,14.245142441903111,25.1132818548427,Pass
SUP0009,D,8,0.025439999777414523,0.7944390765815355,13.929056730113567,29.6257777873044,Pass
SUP0009,D,9,0.021220644692205824,0.8696067303329116,21.69589424224201,24.69417358193426,Pass
SUP0009,D,10,0.036332722707546575,0.8470606059097026,16.146807305673722,27.350297903327494,Pass
SUP0009,D,11,0.033471107676009734,0.8760313673263137,14.729175713997638,30.950861285961608,Pass
SUP0009,D,12,0.017786221504521797,0.7984693904900488,15.283615578698114,22.45219673386856,Pass
SUP0010,A,1,0.03686932862693525,0.8042936686174896,18.227419784760748,31.819417923041662,Pass
SUP0010,A,2,0.029748453586675747,0.7776841645303639,12.85960870259661,29.51560126440029,Pass
SUP0010,A,3,0.030971680728037312,0.8395881711755513,13.630566280590351,28.567123769447335,Pass
SUP0010,A,4,0.03965307068538167,0.8105196102923845,18.907013023086435,35.490773971651535,Pass
SUP0010,A,5,0.035547801025594364,0.7944379030891825,8.218274192540559,32.05112700694146,Fail
SUP0010,A,6,0.04286103801110206,0.7687205314637914,9.505701066895362,30.66744762896784,Pass
SUP0010,A,7,0.0425559081734333,0.7806322895808997,17.17420452160026,38.94193598947518,Pass
SUP0010,A,8,0.03739447476531346,0.8663302453236621,10.128536268053423,30.314651655865195,Pass
SUP0010,A,9,0.041207330797270944,0.799031485925383,16.85335368313865,36.931275894335286,Pass
SUP0010,A,10,0.03849891624105403,0.8026358552464818,17.311226545852737,32.18579567490953,Pass
SUP0010,A,11,0.03612989704421219,0.7818785588885393,19.524971507058552,31.10583720139494,Pass
SUP0010,A,12,0.03793892936730389,0.8048495979843376,15.831096432188136,31.75562567115992,Pass
SUP0011,D,1,0.03981133472475109,0.7445659656699762,14.102215633978957,54.0869966011641,Pass
SUP0011,D,2,0.04264047486574378,0.8787134543224062,15.645380934205164,42.59569713390849,Pass
SUP0011,D,3,0.05979702135097997,0.6993996936831534,20.85799585496749,49.88318678706278,Pass
SUP0011,D,4,0.03735863566698586,0.8144615894280105,19.633918632763017,45.87247567236873,Pass
SUP0011,D,5,0.03506128687123291,0.7451128019329061,12.70583313481859,53.85011130939212,Pass
SUP0011,D,6,0.05259961671379378,0.7067993610556033,14.729646088371654,57.68637847125874,Fail
SUP0011,D,7,0.03230684407440604,0.8151848671292734,20.98040223524919,39.384520601092134,Pass
SUP0011,D,8,0.04348311012990868,0.7856062835209492,21.575395179590693,55.04774771838034,Fail
SUP0011,D,9,0.04264616223551493,0.6732092154683498,16.09183003190985,60.98244699921784,Pass
SUP0011,D,10,0.06447444093496897,0.7493130368365467,20.499145683709692,57.227589533125325,
SUP0011,D,11,0.048732751192344784,0.7442330148903821,21.544935669305747,54.855665476456984,Pass
SUP0011,D,12,0.04862439403664555,0.7499618647156082,19.99228542986583,65.63192026891377,
SUP0011,C,1,0.06198478029005855,0.7625556057837698,21.29437168701662,51.36733683331683,Fail
SUP0011,C,2,0.054009950543324026,0.7407816981455035,19.806906591399063,57.02654877000202,Pass
SUP0011,C,3,0.03570689712922826,0.7311664332802168,16.911350240928435,43.590193864098794,Pass
SUP0011,C,4,0.05603528482673358,0.7442429507158,12.236049444867625,47.2200069599416,Pass
SUP0011,C,5,0.05025362737933368,0.8017188458333474,20.21758716646623,41.22606760773687,Pass
SUP0011,C,6,0.04409276912492127,0.6947214636304763,22.040269853682183,57.52391897193329,
SUP0011,C,7,0.04710064116182531,0.8137351063082441,18.66697623274617,46.487691581721975,Pass
SUP0011,C,8,0.055917513027939826,0.7334854691653383,15.163344853742656,47.89984454793796,Pass
SUP0011,C,9,0.04477527155094662,0.7475651044987729,12.365802154011451,50.23685092460574,Pass
SUP0011,C,10,0.047453858451448595,0.7648356088472443,16.45664819760858,57.690456217665805,Pass
SUP0011,C,11,0.04682309103186796,0.7541862921206415,21.6544718850969,52.08223511946556,Pass
SUP0011,C,12,0.04931987310266856,0.7355767781719669,19.714669071300655,56.544545815713796,Pass
SUP0012,C,1,0.05545181339704395,0.5828852990867025,24.114903663847738,93.43419080809379,Pass
SUP0012,C,2,0.060664949512465,0.651217532265322,20.501044769951875,99.0,Fail
SUP0012,C,3,0.06587147397516473,0.5984116340790948,20.15802847623909,94.34090409569842,Fail
SUP0012,C,4,0.06460817841691074,0.6533855052771772,18.97518030813175,81.30227998248907,Fail
SUP0012,C,5,0.06729911239650466,0.6396834472268083,23.745677277207548,99.0,Fail
SUP0012,C,6,0.06997403826867035,0.6467637875635126,22.60741553668516,83.04822802656376,Fail
SUP0012,C,7,0.07987983233788304,0.5713806108830779,18.633872155565392,90.01551615597815,Pass
SUP0012,C,8,0.07399853058290473,0.597827925430696,20.779321337404486,99.0,Pass
SUP0012,C,9,0.0804475536702434,0.55,21.208042685594798,99.0,Fail
SUP0012,C,10,0.05694168893016409,0.59589965801619,25.1877497874596,92.74891817602165,Pass
SUP0012,C,11,0.06975619186994932,0.5988977029975551,24.236524248350257,99.0,Fail
SUP0012,C,12,0.07807076411567042,0.6206879510590183,27.30285536206719,94.96555250712655,Pass
SUP0013,B,1,0.028950182437582888,0.8054554843657136,13.595450952507603,24.92027228334542,Pass
SUP0013,B,2,0.04747183857191721,0.7848248026421947,11.553856818726668,45.37770451187694,Pass
SUP0013,B,3,0.02702475141748214,0.7751149986654507,16.131726028070855,34.37371550885902,Pass
SUP0013,B,4,0.031350658181061836,0.8031277561829614,23.357512485087383,30.651490055360192,Pass
SUP0013,B,5,0.03593464081163297,0.8177810240061824,15.026096604561854,32.47546240516636,Pass
SUP0013,B,6,0.03374275722347715,0.822274759988803,13.848692624633088,36.52450069906864,Fail
SUP0013,B,7,0.03869738375349089,0.7990110128593486,17.624487260363704,33.193247612082125,Pass
SUP0013,B,8,0.04009327154563645,0.766896920822895,15.441023581837454,40.51634050739356,Pass
SUP0013,B,9,0.03534912161978833,0.7123536467497449,13.281441981235801,49.153963835158116,Pass
SUP0013,B,10,0.034351218634898664,0.787120897177593,16.49991822349699,40.70587500989753,Pass
SUP0013,B,11,0.03214927542568404,0.7717330491613481,15.541136961405908,44.42731678535253,Pass
SUP0013,B,12,0.04620924377497596,0.7942458269037084,10.464639076309723,41.144442851515045,Pass
SUP0013,C,1,0.03745981227716677,0.8247372454810161,13.139498780178052,28.425876929137814,Pass
SUP0013,C,2,0.04775434387459361,0.8428588894237639,13.615167222797307,31.20505392634856,Fail
SUP0013,C,3,0.03841039130339122,0.8165539032134742,17.764687349348222,30.609349937698784,Pass
SUP0013,C,4,0.0409453926003029,0.7695661694808377,14.06292145782141,40.151606904407956,Pass
SUP0013,C,5,0.040216471631197466,0.893330715036798,17.556654309524156,33.29930084617036,Pass
SUP0013,C,6,0.03580819737553887,0.7796736317031309,17.602279909828123,41.96157024137421,Pass
SUP0013,C,7,0.045575559086169906,0.8251589165039922,18.341706054154265,42.616264598924566,Pass
SUP0013,C,8,0.018214254205418237,0.8198129242983706,17.578081322849524,34.04190703131043,Pass
SUP0013,C,9,0.043603608600410675,0.8474144908838486,12.197357214412945,38.32537997573835,Pass
SUP0013,C,10,0.039460254665118835,0.8205241944271678,16.971807014629825,42.203775960981474,Pass
SUP0013,C,11,0.043995932826928444,0.7826882488376925,17.28397656406873,45.8856433072074,Pass
SUP0013,C,12,0.03487089184416101,0.8641628987617946,13.193485266397344,35.255571855570246,Pass
SUP0014,B,1,0.011591433292427816,0.9049231914242634,19.275556454754415,4.8786257742831545,Pass
SUP0014,B,2,0.015775231751391724,0.8241276284128953,7.635222605135505,6.722506652589225,Pass
SUP0014,B,3,0.0,0.8816326417432349,15.750399806119605,1.0,Fail
SUP0014,B,4,0.01927128106224329,0.8907974555581224,11.684372525942402,3.219437735248163,Pass
SUP0014,B,5,0.02639040685927319,0.8822323166008692,10.266630009777591,9.951366038203572,Fail
SUP0014,B,6,0.0055178613578678,0.9265036393834059,18.620137046405617,1.0,Pass
SUP0014,B,7,0.03787531550239653,0.7937552007415376,14.015946454690877,10.104791405775885,Fail
SUP0014,B,8,0.028019190603709613,0.8613731762428403,16.59179723685133,13.925460016019233,Pass
SUP0014,B,9,0.014276164879585917,0.8575320531496935,9.458186234244375,2.938299705383958,Pass
SUP0014,B,10,0.02466843806709128,0.871200761865729,15.599268199878669,9.091793252934833,Fail
SUP0014,B,11,0.028366744874865266,0.8289988519863323,15.383304256812426,8.047935853447656,Pass
SUP0014,B,12,0.014833602423903632,0.9219108382970348,15.144438418404107,6.575144870936742,Pass
SUP0014,C,1,0.03397459780556296,0.8792882864802084,5.560535232591958,12.651884607383323,Pass
SUP0014,C,2,0.023356986088965442,0.9284091355838602,11.824105895413254,1.360331140644162,Pass
SUP0014,C,3,0.03984271457596198,0.8554824831802345,10.192641419853896,2.416024351748194,Pass
SUP0014,C,4,0.020808012768451487,0.8994612449645925,12.073123715501168,4.546805622402088,Pass
SUP0014,C,5,0.012794688806134805,0.9076882280877242,14.291287487584006,1.0,Pass
SUP0014,C,6,0.023302427065787303,0.8990997631470369,12.269384907813075,2.51356121779452,Pass
SUP0014,C,7,0.038581135280094464,0.8427793267905779,11.042449414994977,16.47150023711764,Pass
SUP0014,C,8,0.018475951239745284,0.9226349068939326,10.922436213353471,1.0,Pass
SUP0014,C,9,0.022090955526704502,0.8911860661106517,13.809264391530014,8.356060670406155,Pass
SUP0014,C,10,0.04100199970490827,0.8501336867142203,10.723908624416644,8.904799430825122,Pass
SUP0014,C,11,,0.909447251861925,12.15822938552171,4.21569247573135,Pass
SUP0014,C,12,0.025009840832475545,0.8993725412900546,11.288787613355446,16.010644693223583,Pass
SUP0015,B,1,0.04146578180615405,0.7821616920972385,17.93438082603664,44.1344543799752,Pass
SUP0015,B,2,0.05026068973471257,0.7943401300138571,13.76709242575722,41.00579923728843,Pass
SUP0015,B,3,0.02465831413165297,0.733871349267704,9.37588067571036,34.36724514769686,Pass
SUP0015,B,4,0.16354914898788903,0.7994788068176708,18.702186198927972,40.265095425938156,Pass
SUP0015,B,5,0.037511229392511905,0.7414394920465927,22.891935906648403,50.82336861011091,Pass
SUP0015,B,6,0.03376129531225895,0.7079977147507974,12.374879392605823,54.976854545054515,Pass
SUP0015,B,7,0.03674865046499732,0.723336076233167,23.10383676222056,51.42327971865193,Fail
SUP0015,B,8,0.03224648583109072,0.6977137431405881,19.156613456393522,50.121706479194394,Pass
SUP0015,B,9,0.035225892010681964,0.7628810435482303,17.217807787971633,43.11281370833432,Pass
SUP0015,B,10,0.04658982886043485,0.7606031965313994,12.485665772445444,59.92939850466166,Pass
SUP0015,B,11,0.04816613036393959,0.7860219011339469,10.134552530887564,50.497955958570024,Pass
SUP0015,B,12,0.06125188919318232,0.7923506463943234,14.2982934196135,52.80393362311132,Fail
SUP0016,B,1,0.0405351115947423,0.7387284846016561,15.50067949268768,62.48314787835968,Pass
SUP0016,B,2,0.054115257655063864,0.6876795246943689,19.14327975332152,58.98350303097242,Pass
SUP0016,B,3,0.06177751301407234,0.6708356684493212,23.27097426752123,70.64926844347896,Pass
SUP0016,B,4,0.03657272605736665,0.6924450161590745,17.379290898376816,63.8823974721486,Pass
SUP0016,B,5,0.0641355287994625,0.7515322783153455,20.69876065999596,62.04098486264731,Pass
SUP0016,B,6,0.035029531618758145,0.7937114535675582,12.066133053286137,63.21039491060557,Pass
SUP0016,B,7,0.05319341018486737,0.7092424921398341,17.43925953006787,60.36159813307869,Pass
SUP0016,B,8,0.05222323216647245,0.6639893981799553,11.568460857319506,63.01298236086196,Pass
SUP0016,B,9,0.05577534515423552,0.6992828120192316,20.12373880800733,66.56410138362727,Pass
SUP0016,B,10,0.05021050018828984,0.7437048222884132,19.51079703214152,57.70904401962425,Pass
SUP0016,B,11,0.044394173158672424,0.7488156007292702,20.18967096606377,63.62511339041737,Pass
SUP0016,B,12,0.048667770652143276,0.6984969044197247,14.192751742444127,66.12731555695241,Pass
SUP0017,D,1,0.029654260842598944,0.8025229817680457,15.554010912792563,41.84376708368684,Pass
SUP0017,D,2,0.04130800252523398,0.8349996470243,11.43714709599489,30.681410265018513,
SUP0017,D,3,0.12062694736759133,0.754016042130388,42.7847397569791,37.766899488320995,Fail
SUP0017,D,4,0.034448929406329896,0.7084595377857474,13.97904538391699,43.43646300625891,Pass
SUP0017,D,5,0.04341022898315021,0.8163895674439371,17.860247617398482,27.062259020003204,Fail
SUP0017,D,6,0.15310043704967283,0.7632133250370521,25.108349072949213,47.06243543624062,Pass
SUP0017,D,7,0.034804065627839685,0.8071712776972616,15.12406017130579,35.29986636843416,Pass
SUP0017,D,8,0.03798717868142864,0.8201027254222202,17.97099555716401,38.95585473460145,Pass
SUP0017,D,9,0.03720505745025848,0.7225663414744197,16.344971278451727,47.578620706165786,Pass
SUP0017,D,10,0.031679983462899367,0.8278425760511104,17.72672596799964,37.30314759162166,Pass
SUP0017,D,11,0.040318104569813044,0.8546012723052232,12.30117724024667,46.88033218817689,Pass
SUP0017,D,12,0.04318859888292238,0.7270827416669722,17.36989954934343,50.74564285054315,Pass
SUP0018,C,1,0.04480441588765674,0.8251698055842156,20.39213486792675,48.03962848684828,Pass
SUP0018,C,2,0.049089930850760924,0.7015719766291947,16.048281714483505,54.04000850791271,Pass
SUP0018,C,3,0.052318305737467555,0.6967904645718589,18.259236805671225,59.02180728850057,Pass
SUP0018,C,4,0.04876270078081436,0.7467550182583007,17.408040501440993,49.50972885673718,Pass
SUP0018,C,5,0.0365405654246567,0.774511583916015,17.02453010730297,58.59002295535629,Pass
SUP0018,C,6,0.047214395751946636,0.7926544877521802,14.272999330911844,52.282762019189,Pass
SUP0018,C,7,,0.803064317467375,13.924252743925223,40.7459645751122,Pass
SUP0018,C,8,0.05259024551723508,0.8280298856597533,15.617990044488607,47.519319793818994,Pass
SUP0018,C,9,0.06445017142549125,0.7168122786852049,14.658962590837842,53.65026556998244,Fail
SUP0018,C,10,0.04879560651431403,0.6983184342532412,19.9708696286627,73.42685902022421,Pass
SUP0018,C,11,0.05291304721994315,0.7765006381255013,19.83778216251865,59.184485091548254,Pass
SUP0018,C,12,0.05045125208556367,0.6974781125622675,11.110665776119323,55.46497086966419,Pass
SUP0019,A,1,0.031392201089065416,0.8372937601383462,15.187585065217398,24.308367162151676,Pass
SUP0019,A,2,0.043358266186844636,0.8259019101744189,16.91254140775675,40.16952855428468,Pass
SUP0019,A,3,0.03458148611070714,0.8055742303042391,17.534023939491686,35.98017502653178,Pass
SUP0019,A,4,0.03448776154610094,0.7334395291736945,14.754254889838169,46.592810509360156,Pass
SUP0019,A,5,0.03790786754026079,0.8654334119118592,24.81438444053522,30.797957172278046,Pass
SUP0019,A,6,0.03062435592667847,0.8984737184489782,19.413236357583525,30.401657867343197,Pass
SUP0019,A,7,0.018737958828045076,0.8442276346090297,17.53402004389772,28.87545675018229,Pass
SUP0019,A,8,0.022323404503453572,0.7809496401170919,16.923876673448618,36.360677577058944,Pass
SUP0019,A,9,,0.7494514682435194,13.893329240581503,41.1990709191654,Pass
SUP0019,A,10,0.028552091018206542,0.8117145058348348,13.596457454037054,40.621097830729106,Pass
SUP0019,A,11,0.04485012454555965,0.7468353278733257,20.710008900216383,49.615324015532316,Pass
SUP0019,A,12,0.040858865670011985,0.7736059456218716,17.491045827813608,39.40468804201529,Pass
SUP0019,B,1,0.04115068244958951,0.8071475635519973,14.536983538576353,44.14745391801748,Pass
SUP0019,B,2,0.03425200522020588,0.8544654825895451,11.492890525133843,32.92688971626294,Pass
SUP0019,B,3,0.025509679475373973,0.8188489445128608,23.059318088206545,25.497689211707502,Pass
SUP0019,B,4,0.04043933523779506,0.808169673997144,21.70642053744922,38.676658131354166,Pass
SUP0019,B,5,0.041192127263332136,0.8104547819982403,16.798901008869073,41.34477793223566,Pass
SUP0019,B,6,0.024832266627012635,0.854980921567137,13.525613415786516,32.647700905106184,Pass
SUP0019,B,7,0.03414241100039644,0.7714077095804375,13.861978840471142,32.362075957218636,Pass
SUP0019,B,8,0.0527971604215871,0.7928852630728831,17.223701424137076,38.81628531641071,Pass
SUP0019,B,9,0.048675899853082134,0.759677974438307,16.22617066077656,49.348581707023165,Pass
SUP0019,B,10,0.03470580682064238,0.8518572619642263,12.735924075817888,37.42413418812913,Pass
SUP0019,B,11,0.03141842207008186,0.7305787755093364,21.098609158737407,46.8664795350423,Pass
SUP0019,B,12,0.0297827524543506,0.8216276187919465,19.865465998349233,36.822371363638844,Pass
SUP0020,B,1,0.04276284504198936,0.7430728562232205,13.364958724831379,45.745357754554504,Pass
SUP0020,B,2,0.04077241721264064,0.7990205583573698,16.78269487493368,54.105305694215275,Pass
SUP0020,B,3,0.04543580076921869,0.758044915611242,18.06485901247528,39.78430944068276,Pass
SUP0020,B,4,0.05020567904349737,0.7594941958694372,14.044318992484868,48.30911044507875,Pass
SUP0020,B,5,0.03545303059252443,0.7803906326977892,17.1416889448717,44.334394930072804,Pass
SUP0020,B,6,0.051659477782045216,0.6953396528436873,20.709938953213708,48.731198923855246,Pass
SUP0020,B,7,0.05430889946672432,0.729334335484939,11.736342771121214,44.493535466555485,Pass
SUP0020,B,8,0.05035377143061394,0.6989574994460986,14.441944969907997,55.77767067003341,Pass
SUP0020,B,9,0.05092904247093423,0.729877822704924,18.69458023474038,59.90980269302266,Pass
SUP0020,B,10,0.03362121075843336,0.8081473401609236,17.068205121717998,45.34846443648756,Pass
SUP0020,B,11,0.0549018732391389,0.7902346480677841,14.074951136838727,60.88395073391063,Pass
SUP0020,B,12,0.03580139771646654,0.8028825543170957,14.618703907215256,38.92164722008205,Pass
SUP0020,D,1,0.03575797737381647,0.7040917942477897,15.36922847255786,41.60434283375162,Pass
SUP0020,D,2,0.04003406126308574,0.8088175851787224,11.448352723320822,39.530300149671156,Pass
SUP0020,D,3,0.04206443925807352,0.8224431170669262,17.166849858947828,45.129179028309665,
SUP0020,D,4,0.04427139346659425,0.7277609682444497,17.07329115869558,53.30881310831272,Pass
SUP0020,D,5,0.044823928554903296,0.7588996770719995,12.939579238909298,52.54306726194941,Pass
SUP0020,D,6,0.04109840306084163,0.8045713804543906,14.326058851159122,42.27569076335281,Pass
SUP0020,D,7,0.04966972317888162,0.7343246671959515,19.158508596364452,56.139556136661795,Pass
SUP0020,D,8,0.046803808931763516,0.7396080434213737,20.146145281496608,51.8671683996253,Pass
SUP0020,D,9,0.034516938233983364,0.8250658252732822,14.26816541938579,43.604998337452756,Pass
SUP0020,D,10,0.03146648797247351,0.7989877934572025,18.207234181911332,50.15401100609781,Pass
SUP0020,D,11,0.05152038594374072,0.7780680320197092,14.765741526288881,59.040838322450064,Pass
SUP0020,D,12,0.04652469129150219,0.7079632603807924,20.98433135664599,58.247770117468114,Pass
SUP0021,A,1,0.0444113412906729,0.7913612867795716,20.891917734694236,51.801268954795795,Pass
SUP0021,A,2,0.039069876175447896,0.7649166684879543,20.18814593656152,49.19850792404724,Pass
SUP0021,A,3,0.055436381242173025,0.6885113892312476,18.35435715255737,66.13705705725567,Pass
SUP0021,A,4,0.05111934670962165,0.6742663893847012,20.77388097938869,59.2371230124393,Pass
SUP0021,A,5,0.045644744471307654,0.7381356679571277,10.573726392146105,48.10511770555617,Pass
SUP0021,A,6,0.0424351474615828,0.8028264394732584,15.975422087305136,45.33208968732902,Pass
SUP0021,A,7,0.060535200414890245,0.5994719606511746,12.811832749677677,70.59710716214116,Pass
SUP0021,A,8,0.04850889298054215,0.7416315364261697,10.910186555332515,52.183730612675845,Pass
SUP0021,A,9,0.05045321657124432,0.7088065154460885,21.479828648778806,62.444402550165854,Pass
SUP0021,A,10,0.04151670730290277,0.710528957448317,18.56214219296629,60.98155726947868,
SUP0021,A,11,0.03289185280210585,0.7355492254694637,17.45178710751595,59.716524357635926,Pass
SUP0021,A,12,0.03734115020407295,0.7373628582884387,21.476962487370123,58.18125912562854,Pass
SUP0021,D,1,0.0444919276883535,0.7835516035553696,21.696648356722296,55.48826867633345,Pass
SUP0021,D,2,0.040262870442043505,0.8035793144596088,13.863986003290254,47.18327324898629,Pass
SUP0021,D,3,0.05099199761587518,0.7250221929656809,14.702303150240828,61.51623251761662,Pass
SUP0021,D,4,0.04791189553762979,0.7480050146047872,19.080614330900428,58.15036691725519,Pass
SUP0021,D,5,0.0597829940917895,0.6081101429990254,22.66140127895141,79.34443724507113,Pass
SUP0021,D,6,0.0538172418413923,0.6270015897364218,21.677844913067084,69.15638402364658,Pass
SUP0021,D,7,0.06105490594078679,0.7306384604316196,22.1057739926378,66.19275680081604,Pass
SUP0021,D,8,0.04678604008211529,0.7446725116930577,23.006064904024242,57.84920291099142,Pass
SUP0021,D,9,0.04631648753940431,0.6313580394452669,23.20058486089852,57.84492769246569,Fail
SUP0021,D,10,0.05071715339789758,0.7547707835068602,18.54237490501433,61.513996622546216,Pass
SUP0021,D,11,0.059752708739522514,0.7671614383147897,19.180937574798655,63.93916192132562,Pass
SUP0021,D,12,0.03823146221725025,0.669915270597839,23.649545648272404,63.262011620526756,Pass
SUP0022,A,1,0.03841987262607083,0.798266300131848,15.885035172940983,43.98934668855441,Pass
SUP0022,A,2,0.029559366844384496,0.7836788279597882,15.724782850681667,39.12848535695467,Pass
SUP0022,A,3,0.026657278813792838,0.7791315568845032,19.589917849697432,36.29960388553495,Pass
SUP0022,A,4,0.044633330739265356,0.7714807729319637,17.164853348976372,44.53008201037382,Fail
SUP0022,A,5,0.03333017591868162,0.7528015797262075,18.649574882652917,31.92055892591513,Pass
SUP0022,A,6,0.025990005031895157,0.8058065617104302,13.791340506890176,37.330746550818176,Pass
SUP0022,A,7,0.03422555370806929,0.7519768267943763,15.007301632715846,36.60560903874626,Pass
SUP0022,A,8,0.04704362480520098,0.8117045955776702,19.40153661734288,46.29261692006206,Pass
SUP0022,A,9,0.026385944949190797,0.8251073740484807,18.562111506535448,33.83525234789597,Pass
SUP0022,A,10,0.03313551275456074,0.7432170788149165,13.510279905159791,50.462927983660975,Pass
SUP0022,A,11,0.04561944490868553,0.7876043335270989,13.595870929774243,56.00320749308128,Fail
SUP0022,A,12,0.046790210556930695,0.8415235540800386,15.171858912367798,40.680732093660225,
SUP0022,D,1,0.04587070874545957,0.8262434122223237,19.03904238798976,48.051072607744636,Pass
SUP0022,D,2,0.047339674663895215,0.7877157320707986,21.774936522575736,37.889087814205126,Pass
SUP0022,D,3,0.03646257402695787,0.7862487392377704,17.995149164368843,40.37140505601514,Pass
SUP0022,D,4,,0.808492656007946,17.00382755797056,45.02947099561819,Pass
SUP0022,D,5,0.04087499833169446,0.7810607473326566,21.0329346115931,41.745937586954845,Pass
SUP0022,D,6,0.028495872729462923,0.8297870113508259,16.953591893799437,34.506190703856234,Pass
SUP0022,D,7,0.03937171759612539,0.7159265405266734,16.836470375761188,41.26494796626354,Fail
SUP0022,D,8,0.023210677173902745,0.7420428151397113,11.70283473829445,32.35842132463114,Pass
SUP0022,D,9,0.069743507421903,0.7275429610962567,15.703706718376113,50.35644022114208,Pass
SUP0022,D,10,0.04477411234537692,0.7974167379981885,11.204009201756442,39.25956693880984,Pass
SUP0022,D,11,0.05709193257755577,0.7120135015891753,22.544683218064492,56.84216708609808,Pass
SUP0022,D,12,0.04092741391692426,0.7966572008790817,14.300356636963953,44.86374040752274,Pass
SUP0023,A,1,0.03962878445847465,0.7688509348441206,13.672349096779977,35.58698222005173,Pass
SUP0023,A,2,0.03595298099477212,0.8329420944818842,8.416148886649262,24.749994930793243,Pass
SUP0023,A,3,0.024827362139875526,0.7916390124159121,18.854155969070153,39.37890997723627,Pass
SUP0023,A,4,0.10250957757305722,0.8192073273086551,32.71363842976763,32.805701326432214,Fail
SUP0023,A,5,0.02693463712783513,0.7841706436437881,11.096868858256213,45.648837239604745,Pass
SUP0023,A,6,0.027429431403613293,0.7865050042458799,17.782528260011283,43.8414242128583,Pass
SUP0023,A,7,0.05299113947875352,0.7502684153538569,14.991837656651274,50.543188731896464,Pass
SUP0023,A,8,0.056284177823239426,0.7249712000042008,16.716358271502674,46.03778735842566,Pass
SUP0023,A,9,0.04232404119123563,0.7649985427985072,11.503149777710108,38.958105621833944,Pass
SUP0023,A,10,0.03525187809480855,0.7362994871810326,16.558959657428936,46.693662315549886,
SUP0023,A,11,0.052586475378040384,0.7914368564086208,14.068604715025579,46.48738005442984,Pass
SUP0023,A,12,0.04064719729028331,0.807629095117218,17.694059461016472,36.167036582640165,Pass
SUP0024,B,1,0.010563494805058173,0.8262961957936156,8.31021509035632,20.37257973027042,Pass
SUP0024,B,2,,0.7630768091830474,13.619491195528392,36.78585669474902,Pass
SUP0024,B,3,0.027520861902225097,0.8302244034461196,12.64024221169092,32.526720159931976,Pass
SUP0024,B,4,0.033942620420296526,0.8911629169038227,14.703474516930639,29.091451280573782,Pass
SUP0024,B,5,0.026784634667934473,0.8763760237018404,9.524006147014743,28.788885217971906,Fail
SUP0024,B,6,0.04629923139182799,0.7957184253589014,11.27252517486544,40.57111526341856,Pass
SUP0024,B,7,0.03479484772799033,0.79905588003388,12.62349658393614,36.962970869679346,Pass
SUP0024,B,8,0.013104068849044533,0.8821624827921413,17.934338606177796,23.56182974055413,Pass
SUP0024,B,9,0.03254022355114841,0.7683822786252325,16.400497491634233,36.30014132479966,Pass
SUP0024,B,10,0.0252870857853492,0.7989458097823863,23.66629422298592,27.397192046781544,Pass
SUP0024,B,11,0.03876045529354922,0.8209431020321032,13.247354429434814,25.70750672771412,Pass
SUP0024,B,12,0.014964290445957623,0.8591630200603895,12.107850901338274,36.599260540441605,Pass
SUP0025,D,1,0.058186457579064495,0.5752158901100118,22.49433050024707,78.02638806147637,Fail
SUP0025,D,2,0.05196734466383612,0.628703083396715,22.916956152964445,89.35794251764459,Pass
SUP0025,D,3,0.056574797670222506,0.667203305501806,18.949314853426554,82.64119551389318,Fail
SUP0025,D,4,0.05988381785671668,0.6487634118958535,21.85079885227063,79.64496722708115,Fail
SUP0025,D,5,0.05468174700395722,0.7021737749861584,22.853607341689596,81.5715684382466,Fail
SUP0025,D,6,0.06713089379360979,0.6773639290634039,19.88744927941081,81.99674839841542,Fail
SUP0025,D,7,0.06108266818460879,0.6351717619598736,20.42607582451784,84.84571153415312,
SUP0025,D,8,0.06672250270502622,0.5829499547383826,16.829819582086333,98.14962265349399,Fail
SUP0025,D,9,,0.6985068809088122,20.200577539358797,87.76773839702628,Pass
SUP0025,D,10,0.06816048320589096,0.6329111641176859,23.911580048629926,87.02739903048852,Fail
SUP0025,D,11,0.0523381011086992,0.6476732840260202,17.93306069896032,82.61349016822737,Fail
SUP0025,D,12,0.07422075112576737,0.6038720691805609,15.828683679348899,92.53931406020179,Pass
SUP0026,B,1,0.055330282123286646,0.696919565106121,23.63132623170362,59.06107873562715,Pass
SUP0026,B,2,0.048948242456680696,0.7625375709966702,13.29114841287422,42.17162588505964,Pass
SUP0026,B,3,,0.6878035472082695,19.825360290076393,47.16720121741839,Pass
SUP0026,B,4,0.03953794631349598,0.7718510503200573,14.54922305756526,46.88408019307002,Pass
SUP0026,B,5,0.04412050938804492,0.8028627208863484,22.425509391248262,43.17407626455244,Pass
SUP0026,B,6,0.035304233593399084,0.7339588530615875,16.862023152274325,49.32814896397731,Pass
SUP0026,B,7,0.05131529259532563,0.7131646333955881,23.534999043472006,68.57616263619593,Fail
SUP0026,B,8,0.02661882248177544,0.7508215342981894,18.038697884410833,43.153400064538715,
SUP0026,B,9,0.04770771279043499,0.7094844181252331,19.79231692408776,49.45928560854668,Pass
SUP0026,B,10,0.04868544218616526,0.7816327536694644,21.32288642584595,55.24267396510357,Pass
SUP0026,B,11,0.05730535923483179,0.7345862866042068,20.019689877367874,60.26109038726286,Pass
SUP0026,B,12,0.05891328166479097,0.6901724163329991,21.734376536952862,54.44379854666211,
SUP0026,D,1,0.03883796922475796,0.7014872239548755,19.142531040446006,50.4467695498648,Pass
SUP0026,D,2,0.04721531603071081,0.7619776594177511,24.166964105036826,44.98722546889745,Pass
SUP0026,D,3,0.04511330487543756,0.7250676291682072,23.183062933447374,53.551120503104734,Pass
SUP0026,D,4,0.0327192017706577,0.8199899882555459,15.1447983611061,44.08655230765953,Pass
SUP0026,D,5,0.044108975060336245,0.6898678235760731,22.13952373889071,57.3772861068508,Pass
SUP0026,D,6,0.1558023506915495,0.7700810504610403,53.90148940721426,51.13378436026476,Pass
SUP0026,D,7,0.0459674674296928,0.7955987641340088,19.617750194398628,54.91871866836083,Pass
SUP0026,D,8,0.045047029603856086,0.7758600708075294,20.664266519728656,55.53836889833326,Pass
SUP0026,D,9,0.05553905775164152,0.7487308681683003,18.41731502857702,63.53919689666243,Pass
SUP0026,D,10,0.15382772192107333,0.7878092611252949,27.668536874635972,55.640027884899446,Pass
SUP0026,D,11,0.04487098629811,0.7835805066517078,18.520930751535502,57.94829366694369,Fail
SUP0026,D,12,0.049085805122170464,0.8353692722532949,21.380150784559113,49.607940188377,Pass
SUP0027,A,1,0.020136027479716448,0.7831028122745288,12.423978282691394,21.833000704737938,Pass
SUP0027,A,2,,0.8134855228284821,14.700989095331822,30.884507848315664,Pass
SUP0027,A,3,0.03267342574148098,0.7646005235265293,10.02524210943528,39.66340152323101,
SUP0027,A,4,0.05252551111209397,0.8652425424518746,21.972027727302127,36.9743003810684,Pass
SUP0027,A,5,0.032850576623076805,0.8137244100845398,11.919168081808527,31.5781721342341,Pass
SUP0027,A,6,0.01657310992298841,0.790448411030784,15.481964594129892,24.035130586970247,Pass
SUP0027,A,7,0.04241634043418966,0.8148463324336815,18.57723947077546,42.69834180503335,Pass
SUP0027,A,8,0.03134908211966683,0.8728928018256167,17.37731363610857,35.19081168976137,Pass
SUP0027,A,9,0.031751619816592594,0.7876795163194177,19.60068274431157,36.19454318730654,Pass
SUP0027,A,10,0.04874614407100849,0.7076589036159241,12.360036667293343,38.084361078521546,Pass
SUP0027,A,11,0.03420948844974601,0.808850078598062,14.121660557270207,34.98747408184926,Pass
SUP0027,A,12,0.033776780618944846,0.8217303694020339,14.7590463160886,42.369580909038405,Fail
SUP0028,A,1,0.030297351161634536,0.7533324596724678,12.055461176119238,46.56483504014044,Pass
SUP0028,A,2,0.02593178416377133,0.8470040591832885,13.151385382118118,26.612326825764583,Pass
SUP0028,A,3,,0.862240080449232,20.132268587722205,35.09112517423003,Pass
SUP0028,A,4,0.034165224634758455,0.8103921375882217,16.03075503430642,38.227611615727525,Pass
SUP0028,A,5,0.02775830607422515,0.766593868949343,15.312702958357113,44.62552612486038,Pass
SUP0028,A,6,0.037014542299863326,0.8358008990333315,15.885815287670257,40.60693699167335,Pass
SUP0028,A,7,0.027885029461974516,0.824159126263415,14.475168909655345,40.79818884616187,Pass
SUP0028,A,8,0.03051567776662361,0.7857051612451801,11.021151583589317,39.09973450899652,Pass
SUP0028,A,9,0.03831183282695325,0.8191958933659754,16.011415396851184,41.043334814087004,Pass
SUP0028,A,10,0.03639767702538104,0.7735528166452171,9.376934568968835,40.08095252857697,Pass
SUP0028,A,11,0.027091401029584884,0.8387600964388844,14.477134716495916,39.28435631992878,Pass
SUP0028,A,12,0.06414002080031836,0.6737000299993796,15.604707815822932,56.7744367634148,Pass
SUP0028,B,1,0.029694978351799104,0.8054515834469781,9.082164154521887,37.96447213079752,Pass
SUP0028,B,2,0.034058856912272915,0.8558706507151909,12.163049351749454,38.48244031775499,Pass
SUP0028,B,3,0.02340630269799679,0.7759177826379138,23.538232705679714,38.36382570873919,Pass
SUP0028,B,4,0.03961351473188304,0.7665917310833279,13.49357431641446,33.248208240100254,Pass
SUP0028,B,5,0.05017754033991987,0.819979339927325,14.131665637875885,36.59471268345773,Fail
SUP0028,B,6,0.05338929853986653,0.7757269097152838,14.608286045008953,46.78136832407208,Pass
SUP0028,B,7,0.04000407091346987,0.7469915799585446,21.64121606711673,40.014451730700685,Fail
SUP0028,B,8,0.02249334403737054,0.7822436583209528,14.172608031942815,46.06554007806109,Pass
SUP0028,B,9,0.028034713136855995,0.8122426739538524,21.900534663241245,41.98692171710631,Pass
SUP0028,B,10,0.04800026625085134,0.8274136004786781,17.420211003222096,36.428942971471145,Pass
SUP0028,B,11,0.03765316049937518,0.7788884869154924,17.123351524498844,45.213733662251315,Pass
SUP0028,B,12,0.029952062440459188,0.8569329357204806,16.487251961351493,43.25006575581367,Pass
SUP0029,B,1,0.0544865659118291,0.7586499530449462,19.663708789545172,44.67832656743666,Pass
SUP0029,B,2,0.03790153416407352,0.7073183682504285,23.012509597363,52.12511765039804,Pass
SUP0029,B,3,0.042829130326577335,0.65998846852311,12.218454763160421,55.51316828590902,Pass
SUP0029,B,4,0.043201542893543936,0.7584484065560541,18.30709216637519,44.71199167326849,Pass
SUP0029,B,5,0.042558194997584974,0.7481429439310702,20.60557593499299,56.751696058287784,Pass
SUP0029,B,6,0.04609538216346765,0.7768699098873157,15.831320101237859,43.74381680649463,Pass
SUP0029,B,7,0.03829353140085892,0.7588211760676401,15.612140659601065,49.22951966687741,Pass
SUP0029,B,8,0.048177638487570236,0.697445446632235,12.564184336502839,55.98577128503567,Pass
SUP0029,B,9,0.051129148903736196,0.7374514214525559,18.21727905292986,51.53166583402262,Fail
SUP0029,B,10,0.05736512817130092,0.7586659112365504,15.961604105813068,50.34334076654154,Fail
SUP0029,B,11,0.01132668866502683,0.8634919726059299,18.34435340462165,35.659267300842586,Pass
SUP0029,B,12,0.03612683074702967,0.8456023372400525,17.921457119262787,52.3662730826211,Pass
SUP0029,C,1,0.04184780157382218,0.7556446908297679,12.885135559367168,46.92223352221417,Pass
SUP0029,C,2,0.04613284282106236,0.7006269346835929,16.220502046217003,54.08386448759063,
SUP0029,C,3,0.0313137600245526,0.7774905522742532,15.91080479483312,48.525071092589364,Fail
SUP0029,C,4,0.04154988083206189,0.7674085195061243,11.821513158245468,42.281299642794266,Pass
SUP0029,C,5,0.04345305556222111,0.7181569246844408,11.312448144765268,44.02986152215138,Pass
SUP0029,C,6,0.04030712700353367,0.7290912924661179,17.776903493885694,52.595076726362095,Pass
SUP0029,C,7,0.04963387599477624,0.7575178447913612,15.016281115921453,46.906968571144255,Pass
SUP0029,C,8,0.05358448129351365,0.7411892246410356,18.1087578892262,43.305665730227105,Pass
SUP0029,C,9,0.039852628880339525,0.7140019846880458,18.90797525625348,50.41773081428653,Pass
SUP0029,C,10,0.039812276275578554,0.7371435314577358,14.655221414696559,49.8376196668887,Pass
SUP0029,C,11,0.04943507311078189,0.8183556413104038,23.115563916563172,55.2900133215079,Pass
SUP0029,C,12,0.060760745264331825,0.7116278117830346,17.71476686412343,64.90284779620083,Pass
SUP0030,A,1,0.043052183802274456,0.7820720065016402,22.306667355035064,57.23196092593001,Pass
SUP0030,A,2,0.04491499464734024,0.733166708689847,21.10810381254232,54.08274941489422,Pass
SUP0030,A,3,0.057663712459426905,0.7652304504841735,14.761746690511004,51.41981184969921,Pass
SUP0030,A,4,0.0329586225027584,0.7438681864572374,13.528477416349196,51.31455564201849,Pass
SUP0030,A,5,0.04665233416166788,0.7664610733281281,15.438485306799157,49.765348933958414,Pass
SUP0030,A,6,0.03288805738658786,0.7434021887548464,12.533471994128377,44.883105108582775,Fail
SUP0030,A,7,0.029482601383363075,0.7297020261829567,16.64964800258024,49.839504732455815,Pass
SUP0030,A,8,0.036987749866050953,0.7439796358843095,17.269866531233923,54.48931606236305,
SUP0030,A,9,0.05437147300425171,0.7768009357061557,18.174181972046597,52.47788174532315,Pass
SUP0030,A,10,0.03963697995307581,0.6965358239680368,15.51122928685718,53.364242026357026,Pass
SUP0030,A,11,0.05256355852688019,0.7564245686286225,17.017712042469366,54.32353691780112,Pass
SUP0030,A,12,0.05211410592974413,0.7969743200587842,24.064403725949795,55.870058520186376,Pass
SUP0030,C,1,0.04863526594599325,0.7338478915055445,18.33220241656869,65.06003762762201,Pass
SUP0030,C,2,0.05397639878608655,0.6753495237035028,19.356706574842047,59.534106893500955,Pass
SUP0030,C,3,0.045355961550178826,0.7134927671189274,17.035504216457205,48.531329419803555,Pass
SUP0030,C,4,0.05839221532094689,0.7477095371675396,19.215800970003954,58.75812933814689,Pass
SUP0030,C,5,0.04890642964888369,0.6582397761495464,17.616132743068942,57.08720831717044,Fail
SUP0030,C,6,0.04277550497065092,0.7784010432461035,14.657705356594168,44.873208029507374,Pass
SUP0030,C,7,0.04573800364363213,0.764462969137878,20.084886407609762,52.27515917355426,Pass
SUP0030,C,8,0.052719056748073916,0.6831385653653271,15.263886821760707,61.06078719710305,Pass
SUP0030,C,9,0.05121289663948988,0.7030599217493514,19.60153025123247,58.37050824054695,Pass
SUP0030,C,10,0.04177881516688682,0.7555874098992044,15.820796916153103,50.76835379854812,Pass
SUP0030,C,11,0.041954092589116636,0.827055023524605,17.901664344573483,51.43573731497237,Fail
SUP0030,C,12,0.04491212381128684,0.7843054025749817,20.610341316174072,55.4609812144042,Pass
SUP0031,B,1,0.0667584306394816,0.652087360166858,16.843045939439726,83.90906602773266,Fail
SUP0031,B,2,0.05633609931999812,0.7060723520709948,20.62306506842523,71.26936634072112,Pass
SUP0031,B,3,0.05414350724221901,0.6532265741988458,25.83233980751504,73.58119774356011,Pass
SUP0031,B,4,0.057997335010023056,0.6636256582396075,19.976448002765746,78.81391831173615,Pass
SUP0031,B,5,0.05076285564918573,0.6259252645746045,21.441578710154424,80.02669518557954,Pass
SUP0031,B,6,0.052999382280827755,0.681384464464133,22.787846831043446,73.00904752386506,Pass
SUP0031,B,7,,0.7222324040202788,18.47483400387134,73.95295040002571,Fail
SUP0031,B,8,0.05409195135011049,0.5938026722896732,16.42319489941239,78.83178532804811,Fail
SUP0031,B,9,0.05864411781620148,0.6515937815032408,19.395374290698218,82.33698030093034,Pass
SUP0031,B,10,0.057596656810491836,0.6255432894657011,20.587010845537907,84.60860556085431,Pass
SUP0031,B,11,0.061078859027916974,0.6110687530283443,14.684456723029626,90.79235085304083,Pass
SUP0031,B,12,0.23931922455235294,0.6042575361430016,28.049852388078207,82.99424139972207,Fail
SUP0032,A,1,0.044575208267693095,0.8039503061186691,17.6782148309614,37.820729998617075,Pass
SUP0032,A,2,0.038343836759775145,0.8566259483089894,18.10924695572624,34.4324745251811,Pass
SUP0032,A,3,0.027789324706052575,0.8469181857897726,17.40917062658983,32.616840463269945,Fail
SUP0032,A,4,0.03998132931590606,0.7488264889041988,20.51269339520945,46.87837758688478,Pass
SUP0032,A,5,0.0347449139294218,0.7587780996764072,16.395358155275105,50.70491943982873,Pass
SUP0032,A,6,0.0372756318589034,0.7686093974559847,14.712582473855855,41.01102826854978,Fail
SUP0032,A,7,0.02334575722634037,0.7525671652641224,19.736191507029154,43.32770243148389,Pass
SUP0032,A,8,0.035649442135937154,0.7600959296382875,13.477411302622048,39.15134699784168,Pass
SUP0032,A,9,0.04859366016255389,0.8163425703438086,16.600970714048024,51.50095633938711,Pass
SUP0032,A,10,0.05803791874370132,0.8259800080388923,19.95010534826168,43.771472425292124,Pass
SUP0032,A,11,0.02850653758235637,0.7782773064976201,15.7762306917858,41.14074277588924,Pass
SUP0032,A,12,0.03962624366130238,0.7744760981814688,18.785422071401005,52.43799393604344,Pass
SUP0032,D,1,0.03067006599084776,0.7784915742870788,16.109154333897827,40.08830572793739,
SUP0032,D,2,0.04717145786066914,0.7989704775078671,16.505172051376313,36.775258161911935,Pass
SUP0032,D,3,0.045919141487229885,0.7183162499151018,14.048786750152662,44.338599680310246,Pass
SUP0032,D,4,0.03325024019134066,0.785470228379162,14.197375826316003,32.804889300162934,Pass
SUP0032,D,5,0.043390068365379904,0.7368097788295211,14.495072989760684,45.728716534044736,Fail
SUP0032,D,6,0.03609925054598745,0.8447986057721875,14.423328468545582,34.1632718875039,Pass
SUP0032,D,7,0.028609221746665085,0.8545760506211526,10.915467276547286,33.99608421446696,Pass
SUP0032,D,8,0.03581142089430185,0.776930346858358,10.350907146862635,48.409439807303755,Pass
SUP0032,D,9,0.030017095708477614,0.7782952887381652,17.770403895536386,42.45419652745958,Pass
SUP0032,D,10,0.04017287572998297,0.7886505855092752,19.85836103948536,47.839613888837015,Pass
SUP0032,D,11,0.0212431572254995,0.8126948955216982,18.469591463137608,39.667006381029914,Pass
SUP0032,D,12,0.12976269154604736,0.7859286969979159,51.77516619477412,49.366740098203074,Pass
SUP0032,C,1,0.030530023264355055,0.7754070024613496,17.2257038796065,44.464069253274715,Pass
SUP0032,C,2,0.04079412991307877,0.7748236884385453,18.081500437259127,42.65620906449506,Fail
SUP0032,C,3,0.04806634028509579,0.7948037221064095,13.67021216512782,42.11114915975521,Pass
SUP0032,C,4,0.04002004418805533,0.7361520287461978,16.940732106959718,35.74627358163337,Pass
SUP0032,C,5,0.04350478255902646,0.8241857703919393,15.507366888149162,40.19720953681753,Pass
SUP0032,C,6,0.023741012810513815,0.8247304680388599,16.118585040591615,35.64794753791432,Pass
SUP0032,C,7,0.0280727865454283,0.7422632222768449,15.416399984412775,49.50074332854602,Pass
SUP0032,C,8,0.034544343698717596,0.7694658107269229,17.232178355302633,40.05818331991647,Pass
SUP0032,C,9,0.04430433075299045,0.7170523388626573,14.471641817809545,49.96418371548646,Pass
SUP0032,C,10,0.05398501276290284,0.7809805826406317,22.62162176579742,42.73446949043971,Pass
SUP0032,C,11,0.05189986552287104,0.8168138548539916,21.70637647945903,37.56185893914251,Pass
SUP0032,C,12,0.038217404572942405,0.7564417980155326,19.12445148890471,41.368703459209186,Pass
SUP0033,A,1,0.051311879300678084,0.7290617891621063,18.190974892182624,68.08080270121766,Pass
SUP0033,A,2,0.05300394855283625,0.660289629615891,16.491107662553144,66.98536253384745,Pass
SUP0033,A,3,0.0597782914260675,0.6300968400665075,17.77764876502458,66.90148550575742,Pass
SUP0033,A,4,0.04778945843035074,0.7438347013036593,21.508586969725545,64.81468850809574,Pass
SUP0033,A,5,0.05309194525454551,0.7459212325145138,12.377755421280145,55.91776801050531,
SUP0033,A,6,0.05423775628762243,0.662983440862022,17.225173859601398,74.18078743226053,Pass
SUP0033,A,7,0.054994831236678345,0.6708258616683584,17.515055716751686,73.52261164843416,Pass
SUP0033,A,8,0.06180423413752138,0.71173431870155,20.896590749961796,61.6435128918491,Pass
SUP0033,A,9,0.059430237616925424,0.711551901560766,22.62691756158378,65.23208162657417,Fail
SUP0033,A,10,0.04551826473083413,0.6895231000609547,15.89626174001243,71.94672065628932,Pass
SUP0033,A,11,0.04293320132657889,0.7405987060756324,23.080013979751488,59.57049896841717,Pass
SUP0033,A,12,0.049738499413696236,0.654748324486732,19.205735768538144,72.7420997773038,Pass
SUP0033,B,1,0.05348773975285554,0.55,16.968570489807295,73.2176415605592,Pass
SUP0033,B,2,0.040305954561389426,0.7049447213010709,16.21272088120746,62.340557865917596,Pass
SUP0033,B,3,0.04420378963625399,0.7338934318458302,19.84513733914104,61.08584342400063,Pass
SUP0033,B,4,0.06347555811950296,0.6607733336150894,16.898743159340047,74.37386902980931,Pass
SUP0033,B,5,0.04727228090593614,0.7165995272687606,13.278889582971598,63.138110743001356,Pass
SUP0033,B,6,0.0557144116659709,0.6739106907336981,15.012557445323448,71.32405178227518,Pass
SUP0033,B,7,0.05046530477529923,0.6798991548769604,18.913932712119518,74.66418715111774,Pass
SUP0033,B,8,0.05264172055667116,0.7383979775460046,15.3481573251785,67.82600164478188,Pass
SUP0033,B,9,0.06807056734241285,0.6293185015812774,21.832425784226466,76.49262597559428,Pass
SUP0033,B,10,0.0388438090197377,0.7312453296051687,14.19627496953217,62.594219086775425,Pass
SUP0033,B,11,0.06348002376965903,0.6209499042626467,17.006954885505138,80.57530947602712,Pass
SUP0033,B,12,0.05389550620128093,0.6737599990948201,20.683351336766798,78.77476405640213,
SUP0033,C,1,0.04471504294500578,0.7835549404974982,12.009354444995227,51.65963351718689,Pass
SUP0033,C,2,0.059666874972990495,0.6291169750961664,19.41346213291223,74.95429614825085,Pass
SUP0033,C,3,0.03748759613870241,0.6788952605359948,19.325280920752608,64.55422204155667,
SUP0033,C,4,0.04504176691242283,0.6837959492119461,19.701986271182196,71.79520328329193,Pass
SUP0033,C,5,0.04612190803815959,0.7100572886426488,20.1015421634441,68.58527817691548,Pass
SUP0033,C,6,0.053168337757092454,0.7332026146782138,20.630365139378444,68.6955853747922,Pass
SUP0033,C,7,0.04217030984038539,0.6787835066060057,17.241001639883503,67.7381522885988,Pass
SUP0033,C,8,0.050950550679221426,0.6731811917795688,23.541549069957963,74.87614882650817,Pass
SUP0033,C,9,0.05938772474105259,0.6944848364712405,19.96484356220077,63.619224445367905,Pass
SUP0033,C,10,0.05972823966806735,0.6028498357267967,16.82611360167232,66.61764519052826,Pass
SUP0033,C,11,0.06528515449073577,0.7265719812054415,18.00599996310038,73.23805567485506,Pass
SUP0033,C,12,,0.7559951429011917,22.452657693191405,80.71746157786606,Pass
SUP0034,A,1,0.05168436034216606,0.5999985398200054,16.714296772735704,74.59280462000875,Pass
SUP0034,A,2,0.05790148011750157,0.6508536179114446,24.187237065012955,77.07562185421688,Pass
SUP0034,A,3,0.04623753998393625,0.6840143789729266,21.726824590822787,71.95134616239481,Pass
SUP0034,A,4,0.04771914037868335,0.6646259771638433,16.07257158167471,68.8035221561825,Pass
SUP0034,A,5,0.055635313507178666,0.6293278813161608,22.12526657095574,81.99142463362824,Fail
SUP0034,A,6,0.057975267199092496,0.6959331951512009,23.594898548806654,71.40572534982964,Pass
SUP0034,A,7,0.041748897569184165,0.666819923902173,17.67984591045997,73.25157030691734,Pass
SUP0034,A,8,0.05407483206703154,0.6257129890417517,26.344463177067098,87.51775545635168,Fail
SUP0034,A,9,0.05441700889223393,0.6447979435707468,16.90804668470811,84.77539109969992,Pass
SUP0034,A,10,0.053591751944175876,0.5953016787067623,16.803875893100816,77.37791062395627,Pass
SUP0034,A,11,0.0626564716923269,0.6066314837353838,17.553997173921452,93.2332158651486,Pass
SUP0034,A,12,0.0643664905646697,0.631598257330978,17.817072477700737,68.55657879557657,Pass
SUP0035,A,1,0.038086109556488654,0.8022476015299723,16.193687101322045,45.20807733264658,Pass
SUP0035,A,2,0.03364951506625262,0.7643307057173786,18.350923014155587,41.51688377011656,Pass
SUP0035,A,3,0.03104715619567193,0.8405547589739459,8.118137755408029,31.92807076679634,Pass
SUP0035,A,4,0.04563737516889881,0.7757047246065778,13.881424950254265,36.04195900597029,Pass
SUP0035,A,5,0.03707361726238083,0.8271083657589454,21.395104131119655,46.02894665306767,Pass
SUP0035,A,6,0.03108394054823835,0.7682798580302758,16.280738464106573,46.86519425939461,Pass
SUP0035,A,7,0.03757277297573649,0.7695553301113535,23.223128165289417,44.18571009425088,Pass
SUP0035,A,8,0.0536386417885003,0.7656103461140067,17.396336906374255,42.229388947808005,Pass
SUP0035,A,9,0.03920508758804848,0.690539006690586,14.889219669329021,53.22548440041885,Pass
SUP0035,A,10,0.027140654749853856,0.7227491622487638,18.892375617823404,49.02640862891744,Pass
SUP0035,A,11,0.038328392528020575,0.7172735823291925,17.101357795045182,56.622204370277395,Pass
SUP0035,A,12,0.050322255789648156,0.7495885255079344,18.861613844396587,53.60021739295159,Pass
SUP0035,C,1,0.03175927647541715,0.7153462094974342,22.456231339532536,48.15387785564117,
SUP0035,C,2,0.02830959747826754,0.7594840539193034,9.854358618769124,48.302761864799486,Pass
SUP0035,C,3,0.051095789922623876,0.7853758732245091,16.84159924612105,46.67641760615692,Pass
SUP0035,C,4,0.05885256808838468,0.7024694990334361,21.269835235461105,54.2265313656162,Pass
SUP0035,C,5,0.03617668774824963,0.8129884332727996,21.7039229233004,48.31782445109024,Pass
SUP0035,C,6,0.04338540662960302,0.7636601034082163,26.59302972719395,59.268598706282596,Pass
SUP0035,C,7,0.038353934735634726,0.7326221521324819,21.140980866516028,54.44192752361403,Pass
SUP0035,C,8,0.08043352518669877,0.7533029225723258,13.94614776453643,55.05386568976131,Pass
SUP0035,C,9,0.059091149231845906,0.7790648860707531,19.33308713518597,48.33404123477523,Pass
SUP0035,C,10,0.05559137128364832,0.6688393405721156,19.675027278920403,53.371755619561206,Fail
SUP0035,C,11,0.0440168495501624,0.7170727664505652,17.94999365119173,54.126857073351346,Fail
SUP0035,C,12,0.03795663269836587,0.7440757807096252,22.86220020985885,47.23495023640766,Pass
SUP0036,D,1,0.025889281115615462,0.8544896052192775,15.490570187226636,29.36566621128847,Pass
SUP0036,D,2,0.04797734322494936,0.821548126475691,13.925829852830464,41.21738959014866,Pass
SUP0036,D,3,0.044541315929721284,0.7854283004797478,18.401218841452074,41.13255738751055,Pass
SUP0036,D,4,0.023940492089530672,0.7881767506010605,19.78947804611549,37.97377902237913,Pass
SUP0036,D,5,0.05397955318200089,0.7089377654935622,14.11453364070423,52.92281990453478,Pass
SUP0036,D,6,0.03733770169330587,0.7641991627930907,14.448753744611254,38.511356872782734,
SUP0036,D,7,0.02725597341863461,0.802968926151988,12.525056317267293,42.52938382862001,Pass
SUP0036,D,8,0.043384006321231045,0.8306646014474849,15.843186044824868,45.76720417743913,Pass
SUP0036,D,9,0.03028062397286458,0.7560406899864112,11.8900167621964,43.450585673981806,Pass
SUP0036,D,10,0.04149130075255586,0.7304215834600983,19.613886159311676,50.81403236630386,Pass
SUP0036,D,11,0.034537109012662444,0.7486228841015804,11.88580118199138,47.35337705252958,Pass
SUP0036,D,12,0.03242004183191567,0.8320607466526487,15.891107138429364,36.94626035089273,Pass
SUP0037,A,1,0.03588987054929142,0.7908467403235517,14.76010583107364,40.93908710679794,Pass
SUP0037,A,2,0.0384655047454436,0.7286026807530637,20.949068892313324,41.357262813785866,Fail
SUP0037,A,3,0.027557967958848795,0.815426425206262,14.3859356496968,40.90507867791245,Fail
SUP0037,A,4,0.0369490570065448,0.7792106574359559,16.815097114909378,39.01226207524011,Pass
SUP0037,A,5,0.03754862878139312,0.7930950341618794,14.329272291151938,40.61779688893029,Pass
SUP0037,A,6,0.042097540002548305,0.8453469728648905,17.01964963298734,44.44459115162326,Pass
SUP0037,A,7,0.04270335465862485,0.7666431503414541,15.349470702898994,46.49746363998289,Fail
SUP0037,A,8,0.040726200165732473,0.798203493671568,19.8949089720794,36.85491938056176,Pass
SUP0037,A,9,0.03280762664432312,0.7532166627173925,14.429970259502557,47.19859489061236,Pass
SUP0037,A,10,0.0425288349702252,0.7488883144774494,16.32642066065415,47.6241499079521,Pass
SUP0037,A,11,0.03574240337925408,0.7905744135826301,15.965781399569563,37.1266895808311,Pass
SUP0037,A,12,0.04925416493236287,0.7374605794226906,16.806283333717598,57.65147412795243,Pass
SUP0037,B,1,0.03515355508521706,0.775484471824591,13.51223902510916,37.80792729463779,Pass
SUP0037,B,2,0.05304811528189017,0.7876768780364494,12.164039304988705,49.68856679138819,Pass
SUP0037,B,3,0.028384026591012385,0.719071614590718,12.644794508266745,40.37100129932318,Pass
SUP0037,B,4,,0.8295847456501018,11.093196354678033,32.665481941925606,
SUP0037,B,5,0.0467786838721389,0.8684994537566401,12.74753899313207,28.786289184621594,Pass
SUP0037,B,6,0.03989037116990297,0.7462218337269003,13.907800813116532,43.98483914750593,Pass
SUP0037,B,7,0.0510666537492544,0.7975972678351813,12.29985231923366,43.98990643981185,Fail
SUP0037,B,8,0.03329664949437268,0.8184743089302199,15.889224417431091,32.13265677902979,Fail
SUP0037,B,9,0.052247122566961346,0.7330844744973091,12.90909381093726,47.24987880569518,Pass
SUP0037,B,10,0.04258675188299682,0.7829241868159961,18.879280170751272,41.194969212057615,Pass
SUP0037,B,11,0.04427841262915158,0.7725636866455964,17.499667227005197,49.68382727793667,Pass
SUP0037,B,12,0.03716388555514373,0.7523630289184011,19.424465774930614,50.70051480646893,Pass
SUP0038,A,1,0.04304824241576883,0.7614985870252047,19.280266544194795,59.680664011382056,
SUP0038,A,2,0.06029381287701322,0.6981552147506833,17.124274131618048,68.95994525739363,Pass
SUP0038,A,3,0.03921666393471192,0.7242715350192594,20.70681445516906,63.781472763896005,Pass
SUP0038,A,4,0.05444238150021974,0.7557389132841016,22.25844839680839,64.20557566052857,Pass
SUP0038,A,5,0.047459372584042356,0.7428622255805526,16.659957626088946,54.44173028161937,Fail
SUP0038,A,6,,0.6919485886906201,20.498807384577255,58.08582025076865,Pass
SUP0038,A,7,0.05171196046995923,0.7059140535143186,22.95854269631868,62.047396187607916,Pass
SUP0038,A,8,0.06447099714188471,0.6823483144446665,18.13201400271376,63.83868274436769,Fail
SUP0038,A,9,0.05831550000811406,0.6944932932689135,11.724449148165172,63.79484710083537,Pass
SUP0038,A,10,0.055045092289699595,0.6820686153854598,25.973265844650587,66.70222691281232,Pass
SUP0038,A,11,0.050292943410192026,0.645383547331999,16.74224098613659,64.83038419210688,Pass
SUP0038,A,12,0.04618366095833848,0.6685636288819427,15.974879789965295,65.06220710813209,Pass
SUP0039,D,1,0.030466578406596632,0.8261304335586825,12.43086285860256,16.66571463688969,Pass
SUP0039,D,2,0.046921598745233564,0.8780011438983588,16.90731980692418,16.436507256900054,Pass
SUP0039,D,3,0.023304194068575756,0.9272887826032169,16.630205987408434,18.024290572891886,Pass
SUP0039,D,4,0.034745738041141214,0.8715310967885108,19.571332775034627,16.52587857533754,Pass
SUP0039,D,5,0.03086782329403212,0.8755109629225847,13.031335842119123,19.996762070857276,Pass
SUP0039,D,6,0.02427541275531593,0.9111444625282193,13.92713574867195,18.644993007163222,Pass
SUP0039,D,7,0.029568225747306817,0.8097367841124996,13.951007305139907,20.833942893336133,Pass
SUP0039,D,8,0.02704114927096814,0.8529706420209435,20.537384855454697,9.577968880208594,Pass
SUP0039,D,9,0.017099140242111167,0.9029511454349042,12.402911231440541,15.48845705558646,Pass
SUP0039,D,10,0.021094505997358202,0.856910652558524,13.120762440245398,17.57127670993641,Pass
SUP0039,D,11,0.02845098762907194,0.8739799908262892,13.45291340427971,23.651604323816816,Pass
SUP0039,D,12,0.025312009207785823,0.7704186811649422,17.296890209903097,34.25049801140485,Pass
SUP0040,A,1,0.032096740766655626,0.8485834491611647,16.288359653971913,30.878924157282018,Pass
SUP0040,A,2,0.04028264590605725,0.6996553749637183,20.176215740815987,57.324904598267736,Pass
SUP0040,A,3,0.04082003162012729,0.7320916455027476,19.511921844224812,59.67462383604571,Pass
SUP0040,A,4,0.043751634342639456,0.6834612007171237,17.354333185193568,64.4441234413768,Pass
SUP0040,A,5,,0.7732713711696776,11.669628056757123,53.107738714029075,Pass
SUP0040,A,6,0.04429113607107849,0.7692668844165147,17.40622349803535,46.01369628721281,Pass
SUP0040,A,7,0.03448573450727138,0.7833128781981886,18.14834913895008,40.41945235026108,Pass
SUP0040,A,8,0.05810007354099912,0.6924594416671603,13.12184395607641,65.76836704550031,Pass
SUP0040,A,9,0.05091921678595311,0.7527961882972122,21.748452951092283,58.30474147547778,Pass
SUP0040,A,10,0.04884586904601578,0.7060567132658738,15.795847523196992,55.81770367357751,Pass
SUP0040,A,11,0.046411925227467836,0.6840631275979305,12.64804382551306,65.72025335271486,Pass
SUP0040,A,12,0.040273785122744495,0.7469489355123763,15.060777643710635,55.77466472491999,Pass
SUP0040,B,1,0.04878688526434603,0.741890714333455,21.39394192466076,60.11895439303644,Pass
SUP0040,B,2,0.05868078161169653,0.7689303991241367,20.014055571012722,44.72955337786098,Pass
SUP0040,B,3,0.03666221700074256,0.7449771345413287,17.61230048024922,56.29835768540413,Pass
SUP0040,B,4,0.05981601487569642,0.7261502974258317,18.652245387389925,59.79676516352984,Pass
SUP0040,B,5,,0.7890751820228981,10.487846853116,51.03495883518168,Pass
SUP0040,B,6,0.04651607493384616,0.6955106980524612,22.547956135778257,68.21045700166164,Pass
SUP0040,B,7,0.05114576616899527,0.7027246110096059,21.4871538570626,65.56260720017302,Fail
SUP0040,B,8,0.04533053784109627,0.7576412416191827,12.674692631026517,54.688000650112095,Pass
SUP0040,B,9,0.039835636386053155,0.723114478527909,19.427686893190582,62.09534175408142,Pass
SUP0040,B,10,0.04995704128767419,0.8130246099447966,14.617341574717148,57.1124324303335,Pass
SUP0040,B,11,0.05370369699039659,0.7454142042657471,23.87092066120681,65.7979877909824,Pass
SUP0040,B,12,0.05702346834247248,0.6890155623735899,25.19134485073245,64.99026620086312,Pass
SUP0040,D,1,0.050622683149065206,0.7805256839449868,19.893271357144684,55.65978233415263,Pass
SUP0040,D,2,0.035718551809545696,0.6929176338920762,19.85079020984348,53.69025928343744,Pass
SUP0040,D,3,0.03954178915482667,0.7468809325431739,17.427034470984367,59.45631569989172,Pass
SUP0040,D,4,0.05463689125974667,0.6854390913218147,15.916302997417317,48.57383725085309,Pass
SUP0040,D,5,0.03274600030303152,0.7849894524649284,21.77873490924175,44.27185616739303,Pass
SUP0040,D,6,0.06028090758183147,0.7611221606616858,14.663088376213992,59.23263533606912,Pass
SUP0040,D,7,0.05177398066258334,0.7070337064160104,20.841838353172157,50.66713650652213,Pass
SUP0040,D,8,0.053957030412652505,0.739737934503504,16.83035330506088,70.50528992525074,
SUP0040,D,9,0.04711125276387422,0.7278226045105947,13.206430904319951,47.62602135203336,Pass
SUP0040,D,10,0.046605890195948296,0.7583659166597945,23.879157564286196,56.55543629048845,Pass
SUP0040,D,11,0.04966119419553276,0.7021311011116395,19.454429764839958,70.77134422904928,Pass
SUP0040,D,12,0.06241371893642988,0.671152171672558,17.307669697241003,66.22778422681861,Pass
SUP0041,A,1,0.04302303037959376,0.5685276518796167,16.886812897449833,85.57890439873886,Fail
SUP0041,A,2,0.058238602623815604,0.6588014451573674,16.854812760107414,86.62069497929868,Pass
SUP0041,A,3,0.04824640773133157,0.6578026572260921,18.470867729767086,82.78881407833235,Fail
SUP0041,A,4,0.044789309421071406,0.7182557550902511,15.76633779380215,73.07439379904551,Pass
SUP0041,A,5,0.03363118329075665,0.7015426367951952,19.094981052722197,75.20569891105643,Pass
SUP0041,A,6,0.05321637057171564,0.7129687749737353,17.250496522000734,80.70811185088324,Fail
SUP0041,A,7,0.03644172731401053,0.6901712204748779,16.60327866407619,73.55567588884807,Pass
SUP0041,A,8,0.06875337120273077,0.6802302626681013,19.929603395129675,74.93783194843577,Pass
SUP0041,A,9,0.05410173672158586,0.6066459808240802,22.139463694550415,76.93202091269437,Pass
SUP0041,A,10,0.060890232774334446,0.5859249251803411,21.410490450574624,82.00107164939934,Fail
SUP0041,A,11,0.044624502258747895,0.6775021770681006,13.659559391826983,72.79733654637828,Pass
SUP0041,A,12,0.2145622017373343,0.6234297620348389,53.36784455812652,92.2943164309175,Fail
SUP0041,B,1,,0.55,23.83289596724136,96.95006645973464,Fail
SUP0041,B,2,0.06147504846237083,0.6135770012507896,18.351434431498614,90.14348766336305,Pass
SUP0041,B,3,0.0694839186015864,0.6324973203875405,20.55683861335524,84.54950843367155,Fail
SUP0041,B,4,0.07865782261439373,0.707882176416406,26.71635511026423,82.79843368519079,Pass
SUP0041,B,5,0.06242299662888931,0.6438447238504492,19.510150316266525,79.86371415279191,Fail
SUP0041,B,6,0.07085456566820704,0.55,18.59136947153522,99.0,Fail
SUP0041,B,7,0.07478167659695821,0.6290278783336706,23.815315977481802,81.80407297337588,Fail
SUP0041,B,8,0.06597420560031539,0.7126175171289852,14.901706648356452,81.25909983502466,Fail
SUP0041,B,9,0.07091266168774547,0.599338619790337,17.71099787760484,88.86845257658906,Pass
SUP0041,B,10,0.05821369222034866,0.6624669053997267,19.28128177397841,84.95705349119527,Pass
SUP0041,B,11,0.05947345427271772,0.6212310066679119,15.07648858885316,80.0077591892743,Pass
SUP0041,B,12,0.0734574840214689,0.6142508839334516,18.51885726461279,87.63131370066078,Pass
SUP0042,B,1,0.04924771082652776,0.7716818181497817,19.72325836235255,53.78058329830175,Fail
SUP0042,B,2,0.035429357088892326,0.795565140807128,10.699720196792862,35.98096940557913,Pass
SUP0042,B,3,0.04268126757509955,0.7429489184259466,19.53416243576357,58.27489667128776,Pass
SUP0042,B,4,0.03998384884453866,0.7038362950336883,14.847885239753325,60.307755024799015,Pass
SUP0042,B,5,0.03513133936695265,0.7500824171509601,17.937603839502867,62.93747805387582,Pass
SUP0042,B,6,0.04841949335559313,0.6862308672316597,19.977202573473036,59.30606653269188,Pass
SUP0042,B,7,0.04728572960978979,0.695069568629965,24.219680486951663,68.5615197727539,Pass
SUP0042,B,8,0.04196527288758569,0.7399433878506805,16.40716633201915,61.966904833420465,Pass
SUP0042,B,9,0.06524926210957623,0.7335731469904919,18.368008826386323,56.77372864515694,Pass
SUP0042,B,10,0.0552746126314199,0.7356580877922674,18.144016693663787,57.76409856880387,Pass
SUP0042,B,11,0.04685274237777134,0.620288553029887,13.065775899298455,66.41111966136688,Pass
SUP0042,B,12,0.07115063586852748,0.6676755176182823,16.797346617921605,71.65899022080418,Pass
SUP0043,A,1,0.016124764019335026,0.7362281531484557,18.60520005632258,52.06179527905447,Pass
SUP0043,A,2,0.03402005220635027,0.7555599592483984,15.657572125537452,58.41224560235678,Pass
SUP0043,A,3,0.03482701345765761,0.7314781702686671,11.223815172043782,40.99706623816947,Pass
SUP0043,A,4,0.05594921878235174,0.7301747649182505,19.047533498715737,47.90892113813307,Pass
SUP0043,A,5,0.03469106299108836,0.7129498733938331,17.7844426641529,48.88723338887249,Fail
SUP0043,A,6,0.05035983755327818,0.8627232815265873,17.597638287908037,47.562814938868335,Pass
SUP0043,A,7,0.036503684183536285,0.7490670265935152,16.59859464846373,41.6198632297412,Pass
SUP0043,A,8,0.05570887994523259,0.690421503046181,12.446566141543403,41.383120955273895,Pass
SUP0043,A,9,0.03413238527930278,0.7546551860293987,17.848715255922627,49.34334707375403,Pass
SUP0043,A,10,0.03112236464128655,0.7416511407797306,18.385275285691158,50.15200242437506,Pass
SUP0043,A,11,0.04513634338895772,0.7472165685910666,11.61565368230209,45.64273003642844,Fail
SUP0043,A,12,0.043481511401579395,0.7313293699058682,17.78190569874186,54.6151559520569,Pass
SUP0043,C,1,0.039311340378633756,0.7593254439527805,15.560547233850736,47.2885878635939,Pass
SUP0043,C,2,0.03430488877754919,0.7920900013184349,15.338497580204052,43.53503943740347,Pass
SUP0043,C,3,0.04439770877845343,0.72459885481932,21.502731454869213,34.637577729715176,Pass
SUP0043,C,4,0.0317137408973192,0.7339121400913549,16.721796597773693,51.82391328283799,Pass
SUP0043,C,5,0.04066788991579583,0.7610103237487286,13.278575748794257,38.73559707405595,Pass
SUP0043,C,6,0.04046265568958128,0.7370256296149075,16.18155896352392,47.05447115533729,Pass
SUP0043,C,7,0.044726351413233875,0.7115256093518388,16.102220093360884,54.17609854843502,Pass
SUP0043,C,8,0.04251509139244827,0.8330061556566425,10.031811359487,49.317649464055,Fail
SUP0043,C,9,0.04576397671726586,0.7643709983996609,17.338111801859,61.0367084964974,Pass
SUP0043,C,10,0.043319746788928144,0.7890590080123467,20.89163961725568,56.068426406635425,Pass
SUP0043,C,11,0.055380884542511014,0.7589445854471523,17.916384536305817,55.00351907982237,Pass
SUP0043,C,12,0.04393291363643489,0.6763213015328847,27.311620610905152,71.09064819619502,Fail
SUP0044,C,1,0.0453349765966168,0.7004631049481637,14.685040226934149,57.822424170246336,Pass
SUP0044,C,2,0.03440147239278502,0.7639950399132946,20.542903704244594,44.00593178830121,Pass
SUP0044,C,3,0.05268060535438346,0.7291221371571521,16.39011830093976,52.59626427730168,
SUP0044,C,4,0.04793990760289406,0.6629361641902736,14.392151195820128,66.62674940513922,Pass
SUP0044,C,5,0.05091990064969805,0.713155982094446,19.620159595781853,49.31096255868875,Pass
SUP0044,C,6,0.03518490771015321,0.7761268353156253,15.236298235737468,47.253150778125786,Pass
SUP0044,C,7,0.049983867632889575,0.8060079120255034,23.224272634807694,51.20291876632028,Pass
SUP0044,C,8,0.04829508746299508,0.7621622423779026,19.15190832903792,60.7714980384487,Pass
SUP0044,C,9,0.053651342722342,0.6397069073212279,18.672873979066573,68.88114636395022,Pass
SUP0044,C,10,0.04798555869427071,0.6577923003566997,25.97187403695328,65.32338824559962,Pass
SUP0044,C,11,0.04811624509183898,0.724980175448897,15.786208774893556,55.51462451418091,Pass
SUP0044,C,12,0.22903870901498066,0.6887452149353734,31.597027078113268,52.839568876551475,Pass
SUP0045,A,1,0.01978506151756315,0.8671711196910965,15.01606153666422,26.710260680412247,Pass
SUP0045,A,2,0.0379663834450877,0.8190395112751199,13.848893459828767,38.54677079938183,Pass
SUP0045,A,3,0.03358954394904777,0.7840860467322498,15.953139712382706,33.180277392465115,Pass
SUP0045,A,4,0.035035453145390694,0.7860862949278778,14.35252461820306,38.934493187061044,Pass
SUP0045,A,5,0.025696757602391696,0.8760290860553142,22.0018584058396,21.795386447527406,Pass
SUP0045,A,6,0.03160966063482345,0.787903530640116,19.437228700013755,30.808789938078796,Pass
SUP0045,A,7,0.037221132519162085,0.9157310767993958,13.099988102517935,32.456841899680136,Pass
SUP0045,A,8,0.030410576989173654,0.7543913727368494,18.84632808370492,35.06176371888405,Pass
SUP0045,A,9,0.01698414141321531,0.7980947946185415,17.699074890225372,35.025608316616676,Pass
SUP0045,A,10,0.04104068527632254,0.8380968424298689,16.44663305234983,34.38779323083378,Pass
SUP0045,A,11,0.037933106766603206,0.8023472594536162,18.30975481546991,31.42226838923299,Pass
SUP0045,A,12,0.0317136993555434,0.7813427853386874,14.69710568559553,41.629791512043255,Pass
SUP0045,B,1,0.02901522198410444,0.7859713347596329,18.452195391975305,29.582757780721135,Pass
SUP0045,B,2,0.042425088833452244,0.8561569799363382,21.54207262129913,33.55684049761035,Fail
SUP0045,B,3,0.04302268252288538,0.8646502384973596,20.53342202643708,37.55651401660634,Pass
SUP0045,B,4,0.03162469685915194,0.8055674377637893,16.024552997484168,36.08944742824497,Pass
SUP0045,B,5,0.045643666402607606,0.8592014891914288,18.638882155027456,36.04749633877422,Pass
SUP0045,B,6,0.029518658184434828,0.7578138217445859,16.38224466551404,35.55503585714743,Pass
SUP0045,B,7,,0.8439016096627475,9.729563876301789,32.88388880386417,Pass
SUP0045,B,8,0.05103150153541314,0.8405460208176185,23.838182212648753,40.19245589076206,Pass
SUP0045,B,9,0.03663428026174105,0.8013977688663235,15.640107062663928,42.66515264895342,Pass
SUP0045,B,10,0.03173741327450764,0.8257679887339733,14.249138193693877,39.867866002181145,Pass
SUP0045,B,11,0.0562798395093487,0.7339786426321917,14.61624949588537,56.30033856918428,Pass
SUP0045,B,12,0.03770533551889417,0.7901349497506268,14.311422520208122,39.03011648684666,Pass
SUP0046,A,1,0.060138414394194484,0.6907221444621515,18.877956796388904,77.95120694514371,Pass
SUP0046,A,2,0.05329187560384568,0.6903473614502489,21.646316059361602,82.67680649412299,Fail
SUP0046,A,3,0.04648188066233959,0.6235069701104392,16.536348326828403,71.78917744555905,Pass
SUP0046,A,4,0.04136950993199785,0.6695105433009915,23.78359412225328,78.73345085339152,Pass
SUP0046,A,5,0.03770228546918591,0.7166090898007956,24.027230985097532,71.14122049974779,Pass
SUP0046,A,6,0.05039068747808798,0.646921528571428,21.324289884074254,67.71560937703974,Pass
SUP0046,A,7,0.06850279486947586,0.6137850016546986,20.341316505477863,86.58259985088286,Pass
SUP0046,A,8,0.05362941130498984,0.7086329390527434,16.982262083572802,79.03377658430479,Pass
SUP0046,A,9,0.0648830393717496,0.5509407549762863,23.730350719090936,89.16357422567881,Fail
SUP0046,A,10,0.03387644511418324,0.618644210394701,24.637365177492068,75.93473831158481,Fail
SUP0046,A,11,0.05666583959666677,0.6588591073220154,11.554546154984799,77.06114487309567,Pass
SUP0046,A,12,0.051336047211827315,0.6936512687723088,20.807445726739065,80.6642142674359,Pass
SUP0046,C,1,0.04540957049361526,0.6199380340292892,21.60421622612033,78.6129751799856,Pass
SUP0046,C,2,0.047371180993840994,0.6220577080998398,15.89539398462064,74.79926979500655,Pass
SUP0046,C,3,0.045982060118063536,0.6051951546227625,17.800320160565725,76.8946838157159,Pass
SUP0046,C,4,0.06051112891294872,0.6162973443462293,15.657118480402797,79.81283144007055,Fail
SUP0046,C,5,0.0832962746492648,0.6354747907842359,16.61673427450588,76.15690069221318,Fail
SUP0046,C,6,0.05658564552395965,0.6199207395994465,17.65927676194067,74.83240464881786,Pass
SUP0046,C,7,0.057077335634412155,0.6458108007061967,21.176472033216854,76.78949149252587,Pass
SUP0046,C,8,0.056928345861741295,0.6750955414800934,20.416925971309592,72.72386953286336,Pass
SUP0046,C,9,0.059154028929316246,0.6790636654170776,13.820494255646686,69.60600689256125,Pass
SUP0046,C,10,0.06364891853009798,0.6387020941777575,17.708574517467934,84.01998504265497,Pass
SUP0046,C,11,0.06627218329871885,0.5930843594872744,14.304834564565047,77.9359600793725,Pass
SUP0046,C,12,0.057061539688605584,0.6533075763962782,16.53182586394857,82.93794669350805,Fail
SUP0047,A,1,0.030474836982231128,0.8112783446650429,18.21841846770651,38.54973870365382,Pass
SUP0047,A,2,0.10366613397158098,0.8432150413874712,29.23429454126707,34.22255666350366,Fail
SUP0047,A,3,0.03145798986130275,0.791097813932351,17.43501211997825,36.715735437139266,Pass
SUP0047,A,4,0.032365255551043755,0.8785508192548177,16.008223565070917,40.42521576580994,Pass
SUP0047,A,5,0.035398655053728446,0.7987052902684401,11.785426553527595,44.06767721455864,Pass
SUP0047,A,6,0.03956735542471796,0.7790043521840682,16.680511156591685,42.97289165256204,Pass
SUP0047,A,7,0.023604331257120748,0.7880655980406699,8.856857906054756,35.99685199715573,Pass
SUP0047,A,8,0.03428107646642524,0.8353585805337059,8.895943580085653,38.80977778769196,Pass
SUP0047,A,9,0.03841793023585763,0.6951039517084312,19.0432411526191,56.95307696410379,Pass
SUP0047,A,10,0.04108507699200362,0.7666518407534157,21.27569966589857,41.40663687174921,Pass
SUP0047,A,11,0.030353760252243782,0.7986859228868975,13.799025883204095,30.678817886773132,Pass
SUP0047,A,12,0.0342029227807509,0.7769075199852647,20.70803754162884,51.52036737538425,Pass
SUP0047,C,1,0.04789488772309423,0.7087685770716718,16.22220870068117,47.58941394226249,Pass
SUP0047,C,2,0.0499624758119383,0.7865344983208302,13.284777822642496,40.529044441448846,Pass
SUP0047,C,3,0.052977580181627064,0.7008554152311628,20.15973335673385,41.07781937001446,Pass
SUP0047,C,4,0.037100157859393024,0.7588143945002597,14.740475362008029,45.82212701241401,Pass
SUP0047,C,5,0.042893066261703736,0.7981216136015022,15.06735533285929,44.525306443548814,Pass
SUP0047,C,6,0.04615515311983547,0.7959175585863748,17.766062065901316,45.78067493799319,Pass
SUP0047,C,7,0.03246987157288272,0.8290229503474877,20.035311528158285,39.128974131636014,Pass
SUP0047,C,8,0.04623664332374419,0.7465032296130991,16.19526766461562,34.22243756127767,Pass
SUP0047,C,9,0.05103900198158176,0.746761234796959,12.461848974573154,44.61940414335887,Pass
SUP0047,C,10,0.038509029857572485,0.726964616721605,17.863243671050544,48.42617332467568,Pass
SUP0047,C,11,0.06302988546863582,0.7826119012756747,12.278588045799632,46.93658325684974,Pass
SUP0047,C,12,0.0614508191569553,0.7416982841254289,15.021061300243419,57.06346184741863,Pass
SUP0048,D,1,0.04550308231259521,0.7621587317735704,9.993114722968047,31.12127298149752,Pass
SUP0048,D,2,0.04477490338315241,0.8223885456258971,24.63189178116383,39.31706122251472,Pass
SUP0048,D,3,0.035635087674704545,0.7716287402499254,13.411579815252281,36.84522697427798,Pass
SUP0048,D,4,0.0609807711391675,0.7362740016472072,13.134444953785636,47.29693933631336,Pass
SUP0048,D,5,0.05759851579756863,0.7599925038733272,13.285204098942774,41.40802842280358,Pass
SUP0048,D,6,0.0326462920461257,0.8474596707999908,19.455950045225624,36.95732199223767,Fail
SUP0048,D,7,0.02354408884233466,0.7692200882495012,16.241190273063115,38.80269323692894,Fail
SUP0048,D,8,0.04612440790630965,0.7432965079244475,15.749279082762731,51.328814737936256,Pass
SUP0048,D,9,0.038108404996296016,0.7975279730849074,18.866152609950802,49.70450037707782,Pass
SUP0048,D,10,0.042667246356804904,0.746206692413453,15.799987596183804,49.36829045761497,Pass
SUP0048,D,11,,0.7750500784555514,15.638294972013485,42.55888028339092,Pass
SUP0048,D,12,0.04973372315935479,0.7238608860876484,17.089411605255133,44.36386352901994,Pass
SUP0049,D,1,0.036445150678387,0.7587313515545066,16.243665125493077,42.889928856304564,Pass
SUP0049,D,2,0.04658868929069193,0.7599026305839329,16.46040288818952,48.1811360314991,Pass
SUP0049,D,3,0.04942324775127751,0.6883190492852459,16.78752512380779,44.45776858255171,Pass
SUP0049,D,4,0.04316350996058104,0.675923509598856,18.052890480969683,51.14040555639189,Pass
SUP0049,D,5,0.03059185582950929,0.7581152771427908,20.360837438988035,52.77907158426605,Pass
SUP0049,D,6,0.048056359277541205,0.7115481313537377,15.570848941083625,51.35739265475604,Pass
SUP0049,D,7,0.056437794356148284,0.7046656181299212,21.901245014873687,58.87064224503897,Fail
SUP0049,D,8,0.043222293591052854,0.7431444892457773,11.998641022807384,51.88224733803344,Pass
SUP0049,D,9,0.047821730035792806,0.7378150679932196,22.61261227086685,47.095184606186166,Pass
SUP0049,D,10,0.062396407116383654,0.7302142619203617,17.200638387325895,55.00277798684568,Pass
SUP0049,D,11,0.04636230360873478,0.7464353656731303,19.009042439202247,59.22904178245389,Pass
SUP0049,D,12,0.05501307693001156,0.7751266376054311,17.972126196229226,54.130563015122796,Pass
SUP0049,B,1,0.04314318251169155,0.69915501061562,20.845150078146713,55.75791538114537,Pass
SUP0049,B,2,0.042087576960323815,0.751964966778785,21.533301051487207,53.12284550385537,Pass
SUP0049,B,3,0.04209249674769661,0.6920182876216042,19.05791164487723,54.32843391038302,Pass
SUP0049,B,4,0.0390904940424629,0.7603617311246852,11.910102569921904,47.90678803793784,Fail
SUP0049,B,5,0.04004052149329664,0.7516157875280072,19.317593353572153,48.23325457830682,Pass
SUP0049,B,6,0.045334675039091006,0.7538650819085928,22.51954018425354,55.23470291488518,Pass
SUP0049,B,7,0.037631386997807256,0.7704031438009864,17.178861700112478,51.34324659633186,Pass
SUP0049,B,8,,0.7566635114974706,17.55019634858287,50.719695994948154,Pass
SUP0049,B,9,0.0397574570008413,0.7220502655534861,21.222141906365657,46.40625154392279,Pass
SUP0049,B,10,0.026488643458965157,0.7418631387284877,9.299281305290046,44.5190876594933,Pass
SUP0049,B,11,0.053050768715352706,0.7167639037485974,13.60099538105283,53.65786102835169,Pass
SUP0049,B,12,0.0518070652470915,0.7422592497367952,19.868615878092157,66.91777094721115,Pass
SUP0049,C,1,0.06186015087780476,0.7831341696374295,18.302061150922974,47.32868833249235,Pass
SUP0049,C,2,0.060488028321138844,0.7834067699640209,11.198035556113139,48.304202050894524,Pass
SUP0049,C,3,0.05651642459661757,0.7425273012893865,18.566322196315507,57.061528980032534,Pass
SUP0049,C,4,0.04888136204217547,0.7045726019782669,15.41863325933248,55.261866073229925,Pass
SUP0049,C,5,0.05688234180219309,0.782367751268682,16.28648456629029,51.409743017719094,Pass
SUP0049,C,6,0.050383819203277794,0.6305670546885956,10.945136522731406,61.484599413506544,Pass
SUP0049,C,7,0.03741124728019676,0.7365637470348778,13.592507640971775,51.17685606453426,Pass
SUP0049,C,8,0.0604665494859128,0.7412526061017903,12.112258354517397,62.81355818867837,Pass
SUP0049,C,9,0.039291136678092885,0.7542707614576932,14.95007313362239,52.532269024056,Pass
SUP0049,C,10,0.04346968033777508,0.7351580782088708,19.18428526998092,58.20250081520086,Pass
SUP0049,C,11,0.0492423412521137,0.7322368737558478,19.582370356909628,52.76020942846113,Pass
SUP0049,C,12,0.05754292031479303,0.7199397502431579,27.44281521661243,66.34214832771981,Pass
SUP0050,A,1,0.04555805779683679,0.7850277717618215,16.275429719093612,54.00821407913651,Pass
SUP0050,A,2,0.044968067644214425,0.7269956245768261,18.52274543091834,66.19491310476243,Fail
SUP0050,A,3,0.05074423315211039,0.7598355995770277,19.180755806917198,67.26508904282485,Pass
SUP0050,A,4,0.04912409448253201,0.7121138406345059,23.51934606297548,56.44808352123637,Pass
SUP0050,A,5,0.03942855852188832,0.7454384545724921,19.11559631631666,56.70759557981558,Pass
SUP0050,A,6,0.04372673657167171,0.7322230095527515,12.247491403537293,63.792552361698924,Pass
SUP0050,A,7,0.0374203482117124,0.7409898522437083,21.070706698910143,61.34920166586342,Pass
SUP0050,A,8,0.04394315841918454,0.6800060412744635,20.086225457465236,64.24829421256118,Pass
SUP0050,A,9,0.0413530371856023,0.7613809076424668,15.167025923955537,48.149344704882225,Pass
SUP0050,A,10,0.04220646663469184,0.7445722941765347,18.769093272892572,53.78843377066729,Pass
SUP0050,A,11,0.03581609699864607,0.7576293681013097,17.452971879836056,54.462984653193324,Pass
SUP0050,A,12,0.04747918726147595,0.6733285050570478,17.122631344331523,59.57360562928825,Fail
SUP0051,A,1,0.032207259599789595,0.796062735080371,14.669146210796558,50.71952527981042,Pass
SUP0051,A,2,0.04550906175519858,0.7984161213486094,17.53235772486949,38.20033085525451,Pass
SUP0051,A,3,0.05213375683602095,0.7389032151224632,14.370446995331063,50.80594245276733,Pass
SUP0051,A,4,0.04911591924130154,0.7604730911757321,16.031196162524257,45.23244226102752,Pass
SUP0051,A,5,0.04820576341218553,0.7488685053167008,15.613010198457578,46.54127836205646,Pass
SUP0051,A,6,0.04559886135064176,0.7369190477834018,18.415900500642934,51.988278695391244,Pass
SUP0051,A,7,0.030406607234704175,0.7868161273151035,15.327722542050827,48.338262614210585,Pass
SUP0051,A,8,0.029739764404497097,0.81321399445397,13.049803497210306,50.53683700482848,Pass
SUP0051,A,9,0.04597225431908439,0.7108094613995105,21.730931549777488,51.92166863345487,Fail
SUP0051,A,10,0.05143051459678776,0.7659380829333343,16.8257554203887,56.8968773603325,Pass
SUP0051,A,11,0.046363560179960635,0.7253265412739738,7.845037168266235,55.22563171767398,Fail
SUP0051,A,12,0.045862129934536776,0.8105444696816938,20.80308794741932,46.02911299920771,Pass
SUP0052,D,1,0.016551474264262196,0.7941948372089496,13.003129230538388,34.43040484876897,Pass
SUP0052,D,2,0.02776652481059822,0.831456021953299,8.350598291376091,25.24611379675447,Pass
SUP0052,D,3,0.03621645783704174,0.8527792092012519,17.84922396767432,35.80659238731189,Pass
SUP0052,D,4,0.026183779264502757,0.8044831846870495,14.334791318485877,21.960639260503648,Pass
SUP0052,D,5,0.042447944840437735,0.8301294404136963,21.864849253948456,31.19561599997499,Pass
SUP0052,D,6,0.03981555339505719,0.840075380214784,9.463735383504673,25.92025927432951,Pass
SUP0052,D,7,0.03160149450152544,0.837989204228633,16.83454222717179,33.776499695460444,Pass
SUP0052,D,8,0.03578082081939113,0.877842300382175,12.607672377508983,27.79263211278021,Pass
SUP0052,D,9,0.03550437618807962,0.7464186576676612,3.1102455657440142,35.16452999708072,Pass
SUP0052,D,10,0.03381169388185463,0.727477046120718,11.086926946589363,45.4750903576768,Pass
SUP0052,D,11,0.04264437697085229,0.7914241349638554,10.113519337836747,36.877291706436054,Pass
SUP0052,D,12,0.020931187627270822,0.767939249460305,16.25413300967219,34.000299459732105,Pass
SUP0053,B,1,0.038307755185362155,0.7939021713143618,15.802897200770083,34.83789822176723,Pass
SUP0053,B,2,,0.8556212352295933,16.13115555182402,36.9036062069101,Pass
SUP0053,B,3,0.03567901623894817,0.7880992050070768,19.790846907614704,27.466349684572005,Pass
SUP0053,B,4,0.025258815004964137,0.877219876480024,16.515727805335402,20.9222160928325,Pass
SUP0053,B,5,0.05149685092886047,0.7598504496007362,11.223887531264548,37.196566285741106,Pass
SUP0053,B,6,,0.780706191998592,12.741598490078584,34.144551342080796,Pass
SUP0053,B,7,0.039456565203513476,0.7742933687740569,25.50672523867134,39.074898725136435,Pass
SUP0053,B,8,0.04268386561578855,0.8110367473429708,18.209543436192064,32.45486819202127,Pass
SUP0053,B,9,0.044447619059166985,0.8233735427097743,13.27978543162446,35.948650410464225,Pass
SUP0053,B,10,,0.7748140085481248,18.212362388321765,37.58403525333538,Pass
SUP0053,B,11,0.049589442247230726,0.7506158210328587,9.801363296550507,39.40357962284787,Pass
SUP0053,B,12,0.05091853488064145,0.8018110658055633,12.625979182670815,49.17452563765203,Pass
SUP0053,D,1,0.029063115754778143,0.8046806755945832,14.113976737006027,38.55221901737069,Pass
SUP0053,D,2,0.03898816368483744,0.7870038831370407,10.58478840110835,28.649223696187562,Pass
SUP0053,D,3,0.024546852245607258,0.7607069541090492,19.867927720443358,41.01071671084689,Pass
SUP0053,D,4,0.047605545843002084,0.7403523925416664,14.731515157682344,45.98124661761978,Pass
SUP0053,D,5,0.038674085948093344,0.7699957511658372,20.018484775235624,45.6464836891655,Pass
SUP0053,D,6,0.03721120126369477,0.777000611219507,14.673138616206753,36.421558957624974,Pass
SUP0053,D,7,0.044512222788134714,0.804177909712614,11.33672345470227,33.69782489443013,Fail
SUP0053,D,8,0.049269041243548264,0.7496178243958295,15.539781290157823,42.71862277864293,Pass
SUP0053,D,9,0.03708352720458162,0.8147811543605213,18.232271791746278,41.62629641133884,Pass
SUP0053,D,10,0.042915467881431975,0.77243624397003,14.316239586302665,41.632924807126784,Pass
SUP0053,D,11,0.04196205997426469,0.7737937257482772,18.63766695545079,38.25614887330268,Pass
SUP0053,D,12,0.043211372261812715,0.7007851518558196,19.54409858642065,47.95918394199784,Pass
SUP0054,B,1,0.05901042450468177,0.6529772430932979,12.343186514452386,81.29612958016222,Fail
SUP0054,B,2,0.06576981218183056,0.611961499673872,25.032415321801867,81.90861104437174,Fail
SUP0054,B,3,0.06962391131475493,0.720202177832065,21.885059019175152,79.23977281162357,Pass
SUP0054,B,4,0.053010224094073265,0.6276193899615382,27.671644490587568,72.91382608798035,Pass
SUP0054,B,5,0.05739408117542684,0.6809595108612018,21.163588152670954,68.50696475182242,Pass
SUP0054,B,6,0.059769575093887764,0.6450741878357819,20.59175843460731,87.27488903373812,Fail
SUP0054,B,7,0.04951069446638516,0.6508140023803819,20.768481578333855,70.43835917046115,Pass
SUP0054,B,8,0.06690017610378579,0.6745232103405181,22.429160971738632,72.92724097667177,Pass
SUP0054,B,9,0.049629604894516226,0.726799579434329,23.3082866116303,77.21818542885649,Pass
SUP0054,B,10,0.053925714808393956,0.6664503739669765,22.354975842846407,86.59515396368481,Pass
SUP0054,B,11,0.056855813126317066,0.6492801044531108,21.918534852937793,77.67219007503881,Pass
SUP0054,B,12,0.05925433282982364,0.686916409113215,16.11214380308441,79.0315196199505,Fail
SUP0055,C,1,0.06516625584589243,0.6021567330429075,18.40329818841124,86.84268133051599,Fail
SUP0055,C,2,0.05313077492895762,0.6503683199721425,25.036558566915225,78.6825613648005,Pass
SUP0055,C,3,0.07087143779299891,0.5814368440765223,24.04691141605425,75.6631657164914,Pass
SUP0055,C,4,0.06716876206416486,0.6046750501175073,25.113891753519646,80.98698624486079,Fail
SUP0055,C,5,0.06013571411384004,0.6133033018351329,16.100349391801924,86.18735150993756,Fail
SUP0055,C,6,0.07039760953632349,0.7326045804059163,21.312507826946636,80.86733023137357,Fail
SUP0055,C,7,0.06912952333577967,0.6497996441969399,25.633715064976766,83.70804189962865,Fail
SUP0055,C,8,0.05176853246120608,0.6612274241796647,16.42192305576355,75.85814379262189,Pass
SUP0055,C,9,0.06223614480134632,0.6383827488524609,21.169631452784547,76.12982315373898,Pass
SUP0055,C,10,0.057103598305882804,0.557412182671383,16.21773282948252,85.0006395448339,Pass
SUP0055,C,11,0.07834123985356693,0.6465788802392738,21.46932425728015,81.16560683879173,Pass
SUP0055,C,12,0.059152293368900044,0.6271226064668438,21.684850390801113,75.25505021764323,Pass
SUP0056,B,1,0.022215169734448478,0.9413868979097686,22.9282784018801,15.240715467774706,
SUP0056,B,2,0.02301376655307801,0.8543281583540377,12.553990705669708,13.93029722852318,Pass
SUP0056,B,3,0.03744150008372894,0.7820360751614566,16.546663821570355,25.754121123116477,Pass
SUP0056,B,4,0.022299657281810634,0.8424833178091317,13.563371192799886,22.560851047039893,Pass
SUP0056,B,5,0.031700491207149045,0.7730638386319896,15.932149963554565,20.493395436152436,Fail
SUP0056,B,6,0.025987658434657137,0.8298560967337812,12.629414563899777,25.50127572475289,
SUP0056,B,7,0.03386455342252702,0.8248234472908103,18.75248874342108,26.823498688480882,Fail
SUP0056,B,8,0.035706076711519555,0.7189427100286457,23.963522575152027,40.2364990370758,Pass
SUP0056,B,9,0.04071858718271061,0.7490918222467758,18.77329801671202,25.8490644110855,Fail
SUP0056,B,10,0.021513546355895787,0.8021550357143157,10.811549503731685,31.25438684524734,Pass
SUP0056,B,11,0.022942791154344014,0.801835597334004,10.005954692367599,25.81985312267998,Fail
SUP0056,B,12,0.03078612844464685,0.787516327246796,13.635098215948782,32.94864011588754,Pass
SUP0056,C,1,0.04038966173314632,0.8496009229196411,10.638141601176503,30.873432253438665,Fail
SUP0056,C,2,0.032634331822603425,0.825508800834606,16.832113782674462,31.96833289171772,Fail
SUP0056,C,3,0.010237692262308223,0.9039000608409659,13.174045257591233,15.608894038608884,Fail
SUP0056,C,4,0.05156156158128898,0.8304005178055152,16.99773398716403,34.62187312062514,Pass
SUP0056,C,5,0.029676953961571297,0.8592218811810138,19.479624054501844,20.7540577530884,Pass
SUP0056,C,6,0.0200426144760903,0.8872879959767945,13.692688309629334,17.858158153511894,Pass
SUP0056,C,7,0.04446683471093774,0.8431020805342899,8.078641638632067,34.75544124509726,Pass
SUP0056,C,8,0.024510831964902318,0.8683932632439297,13.678309304810725,25.273292168037106,Pass
SUP0056,C,9,0.014733584746852813,0.7839215127190974,13.311852274257342,28.514042751195372,Pass
SUP0056,C,10,0.04260548734541799,0.7886606753956994,15.838242146696887,40.57621473902682,Pass
SUP0056,C,11,0.03831425254850085,0.8443822589349212,8.995028401319995,20.98871257593236,
SUP0056,C,12,0.03014544460923196,0.7683763410601935,16.858086216393392,32.96340143150946,Pass
SUP0057,B,1,0.05495403253174627,0.7885508272470683,16.577580594605212,43.452583325483644,Pass
SUP0057,B,2,0.021505644954081832,0.795023552030002,14.52822562402365,38.538221169018335,Pass
SUP0057,B,3,0.0371898987486772,0.7421758080951706,12.171967749207136,39.62748552766525,Pass
SUP0057,B,4,0.022889879623820057,0.7849245138199251,19.852730327796696,45.01536643281876,Pass
SUP0057,B,5,0.04863300867535999,0.6840263505537423,16.747563495957646,54.06291379373704,Pass
SUP0057,B,6,0.03159032821791866,0.7170475475319832,17.553829501802163,49.358372868172545,Pass
SUP0057,B,7,0.12539861041111833,0.7864441137600142,28.392655169344827,43.595035191756836,Pass
SUP0057,B,8,0.04676574203744599,0.7096342242562573,14.156545363606897,56.18933450937866,Pass
SUP0057,B,9,0.030658122764896843,0.840697564982578,14.164389320009622,38.71675872082554,Pass
SUP0057,B,10,0.04828649347184533,0.7474107045204547,18.59143535030798,52.768432611655236,Pass
SUP0057,B,11,0.05188285138875725,0.7920291305827536,17.315937995408042,49.37044225002934,Fail
SUP0057,B,12,0.02733219349290099,0.7574012689805399,18.297585565025017,55.34120897980492,Pass
SUP0057,D,1,0.031201212144828565,0.8233118959169664,11.286369337854008,33.70502585682396,Pass
SUP0057,D,2,0.05150161459381088,0.762052358132416,17.997898519296864,42.58764491249614,Pass
SUP0057,D,3,0.0281272176941501,0.7127911496725752,11.324603318245329,36.31105483149634,Pass
SUP0057,D,4,0.04059707929151361,0.7694810451875332,18.14960967537873,46.07535598693466,Pass
SUP0057,D,5,0.0371511427975747,0.7242862150224681,14.024797629810685,53.80983735045708,Pass
SUP0057,D,6,0.050419036607246996,0.7649776913388006,16.347240689217767,54.99576363444579,Fail
SUP0057,D,7,0.04261345240154356,0.7868897246014726,18.595978675962204,49.29772147154566,Pass
SUP0057,D,8,0.04489539778948748,0.8051288658404876,18.655044801839836,52.6108757393321,Pass
SUP0057,D,9,0.044340921024817896,0.7602290974569546,17.286238947821946,47.8630236758834,Pass
SUP0057,D,10,0.04141341418781673,0.7399055544188783,22.13762884562741,51.61626050760362,Pass
SUP0057,D,11,0.044485553805745086,0.7460501152439333,20.78233733515389,49.42410399060437,Pass
SUP0057,D,12,0.03694421795913946,0.7693814767804192,23.225340995155854,53.5940846038787,Pass
SUP0058,A,1,0.053886625170119454,0.7151367909156814,19.728508310953053,63.597003249946184,Pass
SUP0058,A,2,0.03422872379063214,0.7390040248437194,15.709952289786553,57.12654544730438,Pass
SUP0058,A,3,0.03688418116664681,0.7293435843363353,18.434919706425372,60.24672016949766,Pass
SUP0058,A,4,0.05085344203302415,0.7698549096253704,18.19565693054718,62.10666885869627,Pass
SUP0058,A,5,0.04770112195487919,0.7046387891972217,20.891436521386744,63.07143951524998,Pass
SUP0058,A,6,0.03649542298456604,0.894753128521221,22.029999402520442,53.271304741820416,Pass
SUP0058,A,7,0.04255477559436882,0.6231528549930866,20.124228663198732,70.32886858228851,Pass
SUP0058,A,8,0.039969248503142686,0.6711993607829573,13.62678463811714,58.27019150256385,Pass
SUP0058,A,9,0.04279160722630626,0.7346005684273835,18.549454796759306,57.92932268058053,Pass
SUP0058,A,10,0.0486191385795551,0.7063097060254433,19.927603761362057,63.77005121554403,Pass
SUP0058,A,11,0.04700938312349161,0.6234652794349714,16.246917697042985,65.22013695665068,
SUP0058,A,12,0.060271076787481094,0.6133596185867967,20.779559541814038,74.6682952363179,Pass
SUP0059,A,1,0.034671358813604086,0.786849445697257,11.523196531275472,29.165996534923032,Pass
SUP0059,A,2,0.02802547159369162,0.8004453892833222,15.8382685788969,33.684829336690626,Pass
SUP0059,A,3,0.02566759590333308,0.8719914462586498,11.581943392860747,30.62127383436636,Pass
SUP0059,A,4,0.03569728718118107,0.7933128899241173,23.13161674126335,43.930541250408,Pass
SUP0059,A,5,0.034470619988037465,0.8008994759369171,17.072105961423933,37.333467363793375,Pass
SUP0059,A,6,0.032294882205805134,0.7607089900287488,14.935657527120107,31.193185075760468,Pass
SUP0059,A,7,0.04545026560362624,0.8376244355900614,13.128645092911635,48.17713643759525,Pass
SUP0059,A,8,0.03494842169578611,0.8184460535051231,16.356936473523763,41.47551366529,Pass
SUP0059,A,9,0.028816163189977727,0.8008293779045709,10.882210754644943,35.83537535515334,Pass
SUP0059,A,10,0.034115360784259835,0.8160588951553714,14.208931733338709,44.48072938556324,
SUP0059,A,11,0.02747459046384807,0.7159185473002642,14.88837973731244,38.324823862404116,Pass
SUP0059,A,12,0.03392677960344681,0.7748642761543516,25.1065942606626,39.25330708633101,Pass
SUP0059,C,1,0.04683361305945369,0.8142260884751359,18.39553303138617,48.28528889064407,Pass
SUP0059,C,2,0.022393299559996367,0.7924655307719346,15.643723485671574,29.39090554577046,
SUP0059,C,3,0.04234219392327241,0.743887819751673,19.79560727761659,44.7121516300021,Pass
SUP0059,C,4,0.0311471935886557,0.7425217992191449,17.663488871769072,36.7133748583325,Pass
SUP0059,C,5,0.0488061499641158,0.7594103459588524,11.551479769592005,39.330400222660096,Pass
SUP0059,C,6,0.05172158749659053,0.7584248636366643,18.11358443618239,41.64891649405472,Pass
SUP0059,C,7,0.048215351037439624,0.7989148676282689,9.475287699674078,31.62842459045686,Fail
SUP0059,C,8,0.04426498204253106,0.8290393679402028,16.6167563166964,34.70272834570569,Pass
SUP0059,C,9,0.03803050665381142,0.7938972020405236,11.981469061688042,39.40398941559133,Pass
SUP0059,C,10,0.047250414201929936,0.8136691503461675,18.31854365909497,59.3029783266825,Pass
SUP0059,C,11,0.042966357910479376,0.779186201858529,17.96336137742548,37.698781151388815,Pass
SUP0059,C,12,0.043085005954379293,0.7758139675741272,11.70476493609992,52.836200917355455,Pass
SUP0060,A,1,0.028066790149747597,0.7670916644921999,15.508600380286694,45.56384227884416,Pass
SUP0060,A,2,0.028580518370077572,0.7576062085593964,18.542246691793604,42.5010250025968,Pass
SUP0060,A,3,0.03428457925856089,0.7925976523302233,17.053328202778516,47.14590823167256,Pass
SUP0060,A,4,0.04186037425903531,0.7934927929389277,19.47044005616943,48.76184329045629,
SUP0060,A,5,0.04249935587671763,0.8111947963666122,21.96891755586286,45.210586874663875,Pass
SUP0060,A,6,0.03323545729922865,0.7841587845469986,16.71316061097718,39.21588366455671,Pass
SUP0060,A,7,0.04547093504296091,0.7222360394858957,19.394813358100308,54.92395640359218,Pass
SUP0060,A,8,0.03747658543480836,0.7126478103181633,20.827554057647475,56.119599762013586,Pass
SUP0060,A,9,0.059986565899381485,0.7556222018727579,16.686039138785812,50.354057617734526,Pass
SUP0060,A,10,0.0278979878838305,0.693615805677635,16.8965632370466,48.873055136458,Pass
SUP0060,A,11,0.03520963502310315,0.7534112524333652,16.309152739260192,50.564301045851586,Pass
SUP0060,A,12,0.04820959707748933,0.680842080676549,19.02832647910837,66.27043234192759,Pass
SUP0060,B,1,0.031211135590032794,0.7304855792221906,18.119079128828343,42.18136743364176,Pass
SUP0060,B,2,0.05767182834081386,0.7558784505744701,21.536290792978868,49.22127231918428,Pass
SUP0060,B,3,0.036605023187535675,0.7755173137699211,18.44035104974912,50.27020335198379,Pass
SUP0060,B,4,0.06321522085971265,0.7564439916230579,18.31218843459047,44.63422448287296,Pass
SUP0060,B,5,0.04824539002204241,0.7662873088839903,17.944424306531626,50.09527874159437,Fail
SUP0060,B,6,0.04610675221222678,0.7149656281501386,13.302174016151955,55.310866632039954,Pass
SUP0060,B,7,0.037144176565834866,0.7149176530558765,18.378503227104943,58.531553691981316,Pass
SUP0060,B,8,0.04097198342685305,0.7602704067299499,14.935203364134182,48.26997642001266,Pass
SUP0060,B,9,0.03841712519841545,0.6968619378059673,13.944987527274115,55.76901100164156,Pass
SUP0060,B,10,0.02981197295743642,0.7641392077018566,18.496543117824675,46.864133386983575,Pass
SUP0060,B,11,0.026978963066703276,0.8079393182901872,12.769334841863019,36.14650999026583,Pass
SUP0060,B,12,0.050261885524440456,0.7796803375486121,17.50233749668512,52.627745410007726,Pass
SUP0061,B,1,0.0388545708659345,0.7579632671030428,17.16336690776605,33.91091742559143,Pass
SUP0061,B,2,0.029292315408830854,0.8356189589924271,12.532313359952221,31.600667283979288,Pass
SUP0061,B,3,0.04276426755346943,0.772391739188503,23.364575217578277,33.6997831800034,Pass
SUP0061,B,4,0.01073104801508028,0.8390554853839448,13.651485624144755,33.05248903428375,Pass
SUP0061,B,5,0.04009472742129601,0.8069279572198853,11.56817616844733,25.170436416842087,Pass
SUP0061,B,6,0.03531562113047225,0.7074743269343717,19.59473661677554,45.59157455917559,Pass
SUP0061,B,7,0.028129738839359975,0.8263498915841055,13.213755255207523,34.52212515991639,Pass
SUP0061,B,8,0.04017655598810777,0.7653391017654188,13.489311638006464,32.66260628322165,Pass
SUP0061,B,9,0.037069487545796545,0.8179959736601128,18.200483883019757,31.92318416680638,Pass
SUP0061,B,10,0.025092946108601584,0.8070942629937804,12.788628548201899,35.166615977899475,Pass
SUP0061,B,11,0.05250416177905581,0.7482359661664177,16.979607442404678,48.52625525456586,Pass
SUP0061,B,12,0.04111123132166003,0.8223123659150408,17.00418985876218,34.66081949755981,Pass
SUP0061,C,1,0.0503420334814291,0.8194777489238297,14.939794502385256,31.39193296494317,Pass
SUP0061,C,2,0.03379936308985088,0.8123401765010464,15.393244341665016,28.526965051337232,Pass
SUP0061,C,3,0.029228661393051,0.7836825622039322,16.990914162676802,32.949025986317366,Pass
SUP0061,C,4,0.03147392335935483,0.7999042264188132,9.047889787472117,30.457435387879855,Pass
SUP0061,C,5,0.026257433623548626,0.7992295283834209,13.66699856394846,29.169646167822563,Pass
SUP0061,C,6,0.03602350229936928,0.7994517823063945,17.87956232271803,30.506006334628843,Pass
SUP0061,C,7,0.026873469585073962,0.8115630664532272,17.366633479258557,29.189885924012437,Pass
SUP0061,C,8,0.03880500031808932,0.8702708043529669,16.794369918881483,26.714687495079733,Pass
SUP0061,C,9,0.04542862586790855,0.8084533904734504,23.08892472973308,28.573339201256005,Pass
SUP0061,C,10,0.038534624580086496,0.775494044466597,21.192720693108107,34.30361367827947,Pass
SUP0061,C,11,,0.7406088666935736,9.952526589114242,45.28995957007835,Pass
SUP0061,C,12,,0.767054832068296,26.632019807533236,38.936155931701244,Pass
SUP0062,A,1,0.028611162415138534,0.7938132058016656,12.146425849173,27.052768822898905,Pass
SUP0062,A,2,0.029282621585231813,0.8195862958462057,15.742077531106345,34.454481142357935,Pass
SUP0062,A,3,0.04062265185288629,0.7330818163472406,17.259787900810068,48.87321822449581,Pass
SUP0062,A,4,0.03985807091694148,0.8046548120773551,13.38291552156968,36.7625832643743,Pass
SUP0062,A,5,0.053360931685502926,0.7815422246522763,16.32054321686273,44.117091451719155,Pass
SUP0062,A,6,0.03624043523767799,0.7833267346124537,15.734291409430414,44.70073847406619,Pass
SUP0062,A,7,0.034655241540616596,0.7366104372733135,19.456507043967935,50.99349026741267,Pass
SUP0062,A,8,0.03967397017573528,0.7377620222405493,14.787914251960585,46.03608032487057,Pass
SUP0062,A,9,0.03884070223871419,0.7858481709637439,17.720140803688068,55.778191523834785,Pass
SUP0062,A,10,0.0420847383718056,0.7620128522493048,18.876307541980655,50.79861119101811,Pass
SUP0062,A,11,0.03449438826552959,0.7245876874376145,21.295179887692402,56.18842595918959,Pass
SUP0062,A,12,0.030951610449174164,0.7769339620485869,12.912172991624434,42.66857221872779,Pass
SUP0062,B,1,0.042558464010789575,0.7866564206441439,16.756500071962613,48.91303417831423,Pass
SUP0062,B,2,0.0467616210312689,0.7769657128688328,19.753910233015077,46.43089254906285,Pass
SUP0062,B,3,0.035160500997730104,0.7886401284923641,16.353538235081317,40.58543149388756,Pass
SUP0062,B,4,0.04317286379698887,0.7568276600207272,11.146646320231262,47.80617158497793,Pass
SUP0062,B,5,0.036733111272714,0.7788033329475034,18.56520186890166,44.86554955397872,Pass
SUP0062,B,6,0.02112185130169933,0.787075622307489,13.49613726641282,45.10594754889251,Pass
SUP0062,B,7,0.031171154514609736,0.7547090825353284,13.15318360144849,48.824173702315385,Pass
SUP0062,B,8,0.04946750702499775,0.7447117609589712,16.466631512042607,49.355659266950795,Pass
SUP0062,B,9,0.05212096465524947,0.8174970097684494,10.35673286254999,49.28930138226887,Pass
SUP0062,B,10,0.026198833916223983,0.70790093257442,14.636331822659287,44.714411994385955,Pass
SUP0062,B,11,0.030564977760862012,0.7652307172985287,16.893628732243346,51.08466970109171,Pass
SUP0062,B,12,0.05076940980774648,0.7197059329154911,13.175318971242541,46.59579363322362,Pass
SUP0063,A,1,0.037898808045877606,0.6732968529475353,19.090778154365413,77.47998982217322,Pass
SUP0063,A,2,0.06531024152163227,0.6258589568079829,22.004101108773703,79.06631628283007,Fail
SUP0063,A,3,0.06512847620299252,0.6183682023861887,18.112454248730785,88.60002026543813,Fail
SUP0063,A,4,0.0707109574477489,0.6227084468890903,15.754825538763408,81.32072432075721,Pass
SUP0063,A,5,0.046627464689894246,0.7297970969848716,14.853210819304344,73.83864917146882,Pass
SUP0063,A,6,0.04877709311998367,0.6240194092600801,28.24634784324154,79.49381101068667,Fail
SUP0063,A,7,0.04366213651019932,0.700325505543863,22.38271788684727,76.41867433055623,Pass
SUP0063,A,8,0.05620910092815324,0.6203616235551411,19.82390826107886,82.85237593434869,Fail
SUP0063,A,9,0.06191463599471941,0.6011633137656236,18.062284802577825,86.42221060559943,Pass
SUP0063,A,10,0.05934872137230744,0.6462735819732376,18.53550191651714,78.37305875124696,Fail
SUP0063,A,11,0.06485703630945674,0.6774351599437577,20.784724901222134,82.92857651295269,Pass
SUP0063,A,12,0.0584376836926269,0.69636007416026,14.398552928059349,82.13938724822734,Fail
SUP0064,B,1,0.04185806856741645,0.7177084536035824,16.130237267834808,50.61414432286792,Pass
SUP0064,B,2,0.039738154020888615,0.7810580328751248,22.5447827692567,47.33393853729961,Pass
SUP0064,B,3,0.051246226829574665,0.7479202283050201,18.706707650407395,49.253407863102545,Pass
SUP0064,B,4,0.045090223378430716,0.7296222944084991,14.539213895052185,54.55441702879572,Pass
SUP0064,B,5,0.03543013376472203,0.7667416961529062,22.172501850709267,46.652418951599124,Pass
SUP0064,B,6,0.04707364163357787,0.7229583906791006,21.685062682747056,51.32356479947115,Pass
SUP0064,B,7,0.03126369461071723,0.7638705169564093,17.27793677294579,49.5886873735284,Pass
SUP0064,B,8,0.03838374748875816,0.8261591320854406,17.726604394558223,44.81972418571944,Pass
SUP0064,B,9,0.057410400196993026,0.7627405961138174,19.652958445302453,59.58601909109172,Pass
SUP0064,B,10,0.04614197959916364,0.7750168413992239,16.019439516067397,61.40456327099466,Pass
SUP0064,B,11,0.04654822061526212,0.6973142426247604,27.53385244280966,59.94976886011075,Pass
SUP0064,B,12,0.04504140287062484,0.733548421190544,12.835010791301077,59.48915912852311,Fail
SUP0065,A,1,0.041029939167012766,0.8488806658791548,14.883744891499953,35.48146308629317,Pass
SUP0065,A,2,0.048397353946519034,0.8257976796984273,16.947890831817787,33.55634382913798,Fail
SUP0065,A,3,0.03826690467329954,0.8156228065465427,19.587987870936406,34.53237646239745,Pass
SUP0065,A,4,0.019677514356122458,0.7763423532719131,16.255863311981734,38.23948200937284,Pass
SUP0065,A,5,0.038187793542565726,0.7727889465264529,15.665839089569683,38.293867512077895,Pass
SUP0065,A,6,0.04297138978501264,0.7877420058232409,11.921959981111208,44.38856741168115,Pass
SUP0065,A,7,0.03527643063019968,0.8004122262511877,17.87412190657193,42.55871421505172,Pass
SUP0065,A,8,0.030113922967939265,0.8457603934057695,15.185873114843316,40.751365557467054,Pass
SUP0065,A,9,0.044127727586084124,0.720708825428877,19.426831306560107,39.44652148068504,Pass
SUP0065,A,10,0.04844285556956999,0.7645658473069216,18.650861840359433,43.74557653215104,Pass
SUP0065,A,11,0.029995931657943224,0.7315432960284564,14.087243106280326,43.63083085701305,Pass
SUP0065,A,12,0.04573301230612678,0.789200487521076,13.949561727364115,42.68863826625344,Pass
SUP0065,D,1,0.05965955980852111,0.7353034879003635,14.383908197639688,40.06814624005833,Pass
SUP0065,D,2,0.029006297246213023,0.8574263738712533,9.20322399680462,34.58793624566503,Pass
SUP0065,D,3,0.04169638355269276,0.8676418346591912,16.44791382510832,44.54538509645264,Pass
SUP0065,D,4,0.0230575362910384,0.8108727508260595,18.823909021851797,32.16125460102177,Pass
SUP0065,D,5,0.026148278365284335,0.8558797299059852,13.701521206336764,39.55554506529631,Pass
SUP0065,D,6,0.037618691863977045,0.7226640837268125,16.83453078492341,43.059512673800945,Pass
SUP0065,D,7,0.04988103297297408,0.7874328269623921,16.84690444478317,39.41889624063679,Pass
SUP0065,D,8,0.03659043930385514,0.7946466457595651,20.56478502766274,43.711550041457414,Pass
SUP0065,D,9,0.056590059873164164,0.7902960877409636,15.719920126496966,43.18931393933867,Pass
SUP0065,D,10,0.051940249477140696,0.8234784906670212,11.906588064321632,51.75720569210155,Pass
SUP0065,D,11,0.0428154367861369,0.7446152693445098,16.861404008907158,45.28595360340833,Pass
SUP0065,D,12,0.0397175541814672,0.6829541726104278,25.9194145309186,48.44916810106072,Pass
SUP0066,A,1,0.05029541341684428,0.7511405758937677,18.272332182455063,46.97186741881529,Pass
SUP0066,A,2,0.04611857435981556,0.7268644603732469,12.930814553172404,53.58225989012503,Pass
SUP0066,A,3,0.03352544062773141,0.7598804027442339,13.906696002551925,56.73539956192597,Pass
SUP0066,A,4,0.04210759852264077,0.7881785865292305,14.73395658153252,41.28176564669577,Pass
SUP0066,A,5,0.039295441149699226,0.7453160404819726,12.190080707080444,49.76749416427009,Pass
SUP0066,A,6,0.04972070150214263,0.7788262187616324,19.944186500554828,54.80841625181829,Pass
SUP0066,A,7,0.054588984391404666,0.7313856044690341,16.381465349001424,56.92628357785692,Pass
SUP0066,A,8,0.025007328133344275,0.7986702517601775,20.104940292393252,42.40286039194791,Pass
SUP0066,A,9,0.0592703977596754,0.7731603769683985,12.79208694018093,55.86585524785912,Pass
SUP0066,A,10,0.05091455825860171,0.7394169356636263,17.117092787275872,66.29483115772206,Pass
SUP0066,A,11,0.14250557551495463,0.8279132558335133,30.258900621478407,53.355689879388315,Pass
SUP0066,A,12,0.043116115863890234,0.709587141487461,16.031035098104795,60.31723881242637,Pass
SUP0066,B,1,0.049559329553162515,0.7507853926972731,14.289854360924128,60.95018769507708,Pass
SUP0066,B,2,0.04151310547675457,0.6732329850475891,20.55970163557605,56.36640335704234,Pass
SUP0066,B,3,0.01822421076624291,0.7684919266285483,14.622141017809698,48.896782541577245,Pass
SUP0066,B,4,0.05326075445162649,0.6729847022484547,14.432338650298359,60.644803612668014,Pass
SUP0066,B,5,0.05153827184822743,0.6988752745881961,17.0421814301306,57.60682658077561,Pass
SUP0066,B,6,0.01929525276165402,0.7835524427398071,16.280475556749277,50.87515279075773,Fail
SUP0066,B,7,0.047742454247285765,0.701451751546507,18.250375079822348,50.894020932135305,Pass
SUP0066,B,8,0.04033760212015447,0.7059874606450134,15.281079692874131,52.16565500265911,Pass
SUP0066,B,9,0.03480689681969004,0.6848636552299187,10.931378316490544,59.32513201625301,Pass
SUP0066,B,10,0.0450288870187171,0.6702347573616332,17.241219463566637,59.71882759710886,Pass
SUP0066,B,11,0.03615372133615871,0.7230174304444856,15.83628564857786,58.523498161203364,Pass
SUP0066,B,12,0.05700731931590999,0.7659371218029118,16.435403439651814,59.707658096249794,Pass
SUP0066,D,1,0.048279942266065475,0.7314375689902738,22.15139320334036,56.75898547434068,Pass
SUP0066,D,2,0.040223521879175064,0.7431455089180713,17.22459078430793,56.95111520216596,Pass
SUP0066,D,3,0.03984231273796785,0.7450597650519577,17.931291680440793,53.576407630060615,Pass
SUP0066,D,4,0.03620346464062267,0.7569151266130542,12.729744662041002,53.34763560108587,Fail
SUP0066,D,5,0.05568037434247515,0.80206085173189,12.918205262229968,58.59169227445227,Pass
SUP0066,D,6,0.06227245528665938,0.6633725566752485,15.119464952668643,66.1258566950161,
SUP0066,D,7,0.05276285407199037,0.7038570833133754,15.104999600636248,55.33551955320584,Pass
SUP0066,D,8,0.049682040243127265,0.7333085650118072,18.644302400635393,58.02466604797435,Pass
SUP0066,D,9,0.04325346481835901,0.7802824086865576,18.396780796558474,52.56928900418494,Fail
SUP0066,D,10,0.056331459148400376,0.7688853934293733,15.084444489911387,54.37054523851003,Pass
SUP0066,D,11,0.05289686183538085,0.7412954323587783,12.145862161198984,72.29997085856996,Pass
SUP0066,D,12,0.04851575983970176,0.825370058304466,19.728251578203007,49.6787347744112,Pass
SUP0067,A,1,0.03519734836756567,0.7306582377381053,15.419992679050866,38.63587872788521,Pass
SUP0067,A,2,0.030839827104709245,0.7581398736400687,17.48014591520612,43.83266022938198,Pass
SUP0067,A,3,,0.7217935332785226,11.349856519151254,46.7087610359308,Pass
SUP0067,A,4,0.027725707570577237,0.847571272735546,13.710891427333657,27.864721082399942,Pass
SUP0067,A,5,0.0436376860247242,0.7864015086470696,16.820718514882046,45.031299724121105,Pass
SUP0067,A,6,0.04324729363029518,0.794622578993631,16.61613124846934,46.143683009712554,Pass
SUP0067,A,7,,0.8278795454479799,20.209674814617905,39.44145365766056,Fail
SUP0067,A,8,0.047270234592433465,0.7555669565699982,20.827101787042306,51.54723499773376,Pass
SUP0067,A,9,0.04088221497501611,0.7444743623223717,16.450801392517498,46.07044424471052,Pass
SUP0067,A,10,0.045575746833418904,0.6996436979521985,17.142240813798217,54.111805690941864,Pass
SUP0067,A,11,0.03160776843728638,0.7317375934580477,19.404001586677175,46.85079710781052,Pass
SUP0067,A,12,0.046557224215649444,0.7734098649121918,18.40990612947243,50.027153946580256,Pass
SUP0067,B,1,0.027624192157519982,0.7341366398710167,13.887073204315,38.89398640325458,Pass
SUP0067,B,2,0.035940859774543414,0.8103678685110862,24.031243084473648,41.409739111684466,Pass
SUP0067,B,3,0.03865590858866756,0.7815080768813111,22.35458631942681,48.576316625735544,Pass
SUP0067,B,4,0.03779162597657819,0.7858108772110877,16.52973031844541,44.46730727423407,Pass
SUP0067,B,5,0.04340392412613827,0.7729224240156982,16.934573815989797,34.68993220597871,Fail
SUP0067,B,6,0.03651636616492265,0.7151025025680194,15.103988160499492,49.684760842749185,Fail
SUP0067,B,7,0.039442964640881296,0.8015153103245494,15.21872979974339,42.67107463484978,Pass
SUP0067,B,8,0.035475815006085286,0.7433907792230151,14.696101686485985,53.17196431641715,Pass
SUP0067,B,9,0.05033977641325451,0.6941279888547996,17.280775874765563,56.208366326515076,Pass
SUP0067,B,10,0.04273544541153701,0.7932691390984068,14.617992093136408,40.68651747270824,Pass
SUP0067,B,11,0.06238148304019409,0.7743494987506815,7.448311890937433,48.14687704063991,Pass
SUP0067,B,12,0.030107557470842008,0.7531517941181946,18.653008739099878,47.12243786771807,Pass
SUP0068,B,1,0.0308490281334514,0.7936080788330476,18.872845781427195,45.44758539486216,Pass
SUP0068,B,2,0.0455153429541939,0.7442054587477963,23.78638830720334,63.83373511149943,
SUP0068,B,3,0.15181456808248558,0.7480806944814061,45.58718719298245,63.947302353029905,Pass
SUP0068,B,4,0.04772613875968977,0.6807402943424088,23.422623855862994,61.00109775634184,Pass
SUP0068,B,5,0.03298139821537761,0.7138830327550845,14.33223212768338,59.945460700116556,
SUP0068,B,6,0.06414723998456875,0.6701314694360859,11.476539208084132,66.91544784457487,Pass
SUP0068,B,7,0.04579252247924546,0.6862564360905207,16.02065381257521,59.0506038693302,Pass
SUP0068,B,8,0.02976552770168303,0.7239675812569305,10.923108375872898,57.90239428876825,Pass
SUP0068,B,9,0.03927302975019584,0.710034305964869,16.408251762255027,61.8859267765622,Pass
SUP0068,B,10,0.04766318989800713,0.7456121603486864,13.32386561662923,57.80234143685489,Pass
SUP0068,B,11,0.05738634895345207,0.653419203347191,23.39897753400685,70.12451052664355,Pass
SUP0068,B,12,0.033706404148981406,0.6843725957986616,22.04103630887812,66.49711297809947,Pass
SUP0069,B,1,0.05580092750491056,0.6782454647704771,15.59081042604414,67.33118635759583,Pass
SUP0069,B,2,0.03854405228077047,0.6451926066820013,17.670280647184367,56.97672381185647,Pass
SUP0069,B,3,0.05383248909431295,0.7248328243875866,19.255148007540527,65.6416956412629,Pass
SUP0069,B,4,0.04661676416182947,0.6688090137809469,21.146622583563275,69.65732115572477,Pass
SUP0069,B,5,0.06418320926574973,0.7156734576688719,18.28878749220859,78.37052983787667,Fail
SUP0069,B,6,0.05076929742821072,0.7411063293702101,13.216803336684793,58.26145924622929,Pass
SUP0069,B,7,0.05981634669518129,0.7142552163523648,22.920673529251335,74.42423175974963,Pass
SUP0069,B,8,0.05853392453238941,0.6785185600845779,20.415332151157887,74.14736026847613,Pass
SUP0069,B,9,0.0488405956280389,0.7107442190325785,15.540297258390138,64.69427515346192,Pass
SUP0069,B,10,0.061775612329314604,0.6611928530011472,19.899945136132086,83.75979003353933,Pass
SUP0069,B,11,0.052191743766437454,0.724570619075372,16.94360243450674,72.26432215716778,Pass
SUP0069,B,12,0.05243308599367625,0.7012995510397766,21.49813312436615,72.00937651239562,Pass
SUP0069,C,1,0.061859568397009346,0.6706528879676136,21.605391989253768,77.08812219247828,Pass
SUP0069,C,2,0.054045041801385044,0.7416814162127584,17.80503625521148,58.25516295265929,Pass
SUP0069,C,3,0.05562443813517625,0.6920776215100503,15.309847484427708,72.05864725856279,Pass
SUP0069,C,4,0.051026128618044043,0.6539875062794634,17.200568548085222,68.92324335060299,Pass
SUP0069,C,5,0.06026685457093897,0.6727245329986516,21.50633718276102,81.76129000483847,Fail
SUP0069,C,6,0.06664203111490269,0.6418120060585895,21.832294874411286,83.32456933475869,Pass
SUP0069,C,7,0.054258920732341384,0.6810038865445883,21.362905037573352,78.31508025985171,Fail
SUP0069,C,8,0.05825567210493227,0.6611616241403774,18.29988010646976,76.133904572123,Pass
SUP0069,C,9,0.05322625588190428,0.6792468398776081,23.09123609072597,80.54801454735579,Pass
SUP0069,C,10,0.06214736612523639,0.6581656026872309,22.499548581777855,76.97393731822572,Pass
SUP0069,C,11,0.06579412056227729,0.5610228655996579,17.490562002989176,87.4254574928089,Fail
SUP0069,C,12,0.05574376266221809,0.6561440162027835,18.95095435573429,79.18365403656911,
SUP0070,C,1,0.04115880946520826,0.804079358454986,14.741286957529368,22.759052012381424,Pass
SUP0070,C,2,0.03429174656345408,0.8406097780829304,21.680040771241778,25.36613340821889,Pass
SUP0070,C,3,0.04395782549112257,0.8094743072447323,19.659956009828242,30.923065230883907,Pass
SUP0070,C,4,0.014846250967264323,0.7837800437031385,15.855819220874007,27.65015921443592,Pass
SUP0070,C,5,0.04343102201123566,0.8341204062674461,17.922040116433934,26.186154688080197,Pass
SUP0070,C,6,0.028569679525802322,0.8633571199774912,16.561091961188094,19.447213237934715,Pass
SUP0070,C,7,0.04989948120563183,0.8729336546998808,11.425358463657915,27.54227994779438,Pass
SUP0070,C,8,0.031741196040142715,0.789183210348353,18.361318087188906,29.914302660397773,Pass
SUP0070,C,9,0.03918727145290323,0.804130969052748,14.746146243166093,39.90553648285554,Fail
SUP0070,C,10,,0.8486183404932522,18.49994510099663,31.37974139147569,Pass
SUP0070,C,11,0.02063160515038323,0.8188580076510061,19.050542451279487,30.659631963660775,Pass
SUP0070,C,12,0.05619644398755505,0.733644827194138,16.596015537193576,46.42244668128977,Pass
SUP0070,D,1,0.030138500728928257,0.8670707669599149,17.583421274328188,15.138197371073929,Pass
SUP0070,D,2,0.028115149777528856,0.7977264925912583,12.291665644166715,25.60664184077311,Pass
SUP0070,D,3,0.025373896912930412,0.7556352146662831,13.983482028828018,28.351393144163715,Pass
SUP0070,D,4,0.03308225330340027,0.8954607956766019,10.251189425288553,22.886113039585727,Pass
SUP0070,D,5,0.02664572097464336,0.8690170695982583,12.9202383814561,23.389249695063956,Pass
SUP0070,D,6,0.035091551437726326,0.7681132815863164,18.97751390819824,36.19884818934749,Pass
SUP0070,D,7,0.02179915355903598,0.8151977543888776,15.816696627523978,29.803249371704933,Pass
SUP0070,D,8,0.05098721299359202,0.8066119328630372,15.656663144161334,36.332125653721036,Pass
SUP0070,D,9,0.040986014604177744,0.8339252082914204,16.05284477146597,38.069256135682714,Pass
SUP0070,D,10,0.00704927872062654,0.8068222919496415,17.72738671150658,38.503426907167714,Pass
SUP0070,D,11,0.04606071644160253,0.8506862055496311,19.347456053079103,30.350542800381174,Pass
SUP0070,D,12,0.039575839219595135,0.862714228166357,22.010402350360014,38.56684259851757,Pass
SUP0071,A,1,0.029508495176847987,0.7621931026786742,14.28716346398536,39.31771779508991,Pass
SUP0071,A,2,0.02863699539500489,0.7601136748021898,18.870020417605527,40.814893050425255,Pass
SUP0071,A,3,0.06019693660044416,0.7788811261131873,12.993780365429998,45.1166220582391,Pass
SUP0071,A,4,0.03604924543664537,0.7430930453373037,18.43252088655062,44.022364079664754,Pass
SUP0071,A,5,0.03655405338676397,0.7684528602650195,15.398226380781896,43.88884913425098,Pass
SUP0071,A,6,0.056197388050469844,0.7880759787764012,16.374717256614602,49.19578714461608,Pass
SUP0071,A,7,0.03366871246677474,0.7772705155104402,17.824395202373267,36.0332254875782,Pass
SUP0071,A,8,0.028903527294310408,0.7267927316899232,19.804118388586502,51.41813629282567,Pass
SUP0071,A,9,0.04220152297308491,0.8035606958830417,16.832224156161313,37.05824124037512,Pass
SUP0071,A,10,0.03837322324796604,0.7958001959829802,16.405174291665272,37.02374284872643,Pass
SUP0071,A,11,0.04849009061259671,0.7839403040971771,19.124574717990193,48.15455995315707,Pass
SUP0071,A,12,0.02815458585291336,0.747277203831188,16.649328791816654,50.05551166595109,Pass
SUP0071,C,1,0.036082478988227515,0.8174348657130773,21.560133708525008,40.641661199050205,Pass
SUP0071,C,2,0.028838169131665314,0.8264660139376964,6.4128799661788385,39.15159886392603,Pass
SUP0071,C,3,0.1281683070952419,0.7792378326050946,23.886228938418213,39.82688157429364,Pass
SUP0071,C,4,0.05576348237526937,0.7163852930859077,15.810888388036282,50.16309480075654,Fail
SUP0071,C,5,0.048746624852726045,0.7791534470698903,25.595572903717184,54.39948725471385,Pass
SUP0071,C,6,0.052189896504896666,0.7931262920129601,18.95658298207129,37.977260426956484,Pass
SUP0071,C,7,0.04676227522878322,0.7608145954115617,12.924872258754338,43.939985298628855,Pass
SUP0071,C,8,0.051486616780676425,0.7942998657201931,22.894953163627314,50.908515270616775,Pass
SUP0071,C,9,0.04768002053236304,0.7418371508624692,11.487002278890003,47.75396975443431,Pass
SUP0071,C,10,0.040738294638362794,0.8279319679894888,20.457505403296057,37.686857633546765,Pass
SUP0071,C,11,0.042290680774701855,0.732096824366718,19.147939220576376,47.02336560990769,Pass
SUP0071,C,12,0.049934480986364056,0.7104840259693793,14.513668166907538,51.680243179730354,Pass
SUP0072,C,1,0.047104757779545495,0.6837534289878032,15.20875629769632,84.06398797076096,Fail
SUP0072,C,2,0.05129929606463823,0.6500998159430784,17.212610490220918,83.89155364597353,Fail
SUP0072,C,3,0.07443592322692213,0.5925611854993676,23.224184044810343,86.82334333033064,Fail
SUP0072,C,4,0.06298406201637642,0.6718152547057799,24.481419742166267,82.99771035985874,Pass
SUP0072,C,5,0.06869423423825724,0.642220447306366,18.3112793302166,88.92964593121643,Fail
SUP0072,C,6,0.07273685122455775,0.6010896944686258,22.46943738888446,90.76895124791793,Pass
SUP0072,C,7,0.06113259042628388,0.686966809920842,20.329861003860252,91.65401115806019,Pass
SUP0072,C,8,0.06508943958226147,0.5744093598766048,20.448143675359816,80.10539205499414,Fail
SUP0072,C,9,0.06366640719073369,0.6271913650481741,19.868451047936944,78.18155949418826,Pass
SUP0072,C,10,0.06063443376031864,0.6058113361050314,22.128690969118693,88.14706684357125,Pass
SUP0072,C,11,0.06747402234771208,0.6505632748725607,20.29978695107079,92.7694482411669,Fail
SUP0072,C,12,0.050446784106527386,0.6475714153188099,19.689760760521583,86.79212445904152,Pass
SUP0072,B,1,0.04395754466346549,0.5815456903831663,18.0240324302724,74.52746667996306,Pass
SUP0072,B,2,0.05608108920934756,0.640364334695389,27.52939089710165,80.93925381583226,Pass
SUP0072,B,3,0.06247016228535089,0.561379075421753,20.435966389002864,81.53139720394111,Pass
SUP0072,B,4,0.058551916597042335,0.5906400391930832,23.0549222706129,77.23782291913986,Pass
SUP0072,B,5,0.06854682932374925,0.6199948872445761,22.445514350162856,91.62917791903892,Pass
SUP0072,B,6,0.050379245467329095,0.6544248045830036,21.633668399822017,85.90079755626749,Fail
SUP0072,B,7,0.06641384502456144,0.6006114732343514,18.813069412582553,87.43546596665291,Pass
SUP0072,B,8,0.0635336285075198,0.624040729793836,22.245232743835906,79.24342586245334,Pass
SUP0072,B,9,0.061017342043802054,0.55,19.730425551402767,83.46886543656723,Fail
SUP0072,B,10,0.05337727823111147,0.7038542279101122,21.820092876640846,74.63654322272451,Pass
SUP0072,B,11,0.06797492282882321,0.6136102731561134,23.47238072355015,92.39965124945753,Fail
SUP0072,B,12,0.07008205372280546,0.6296395400584799,18.93491567422847,81.22356417351848,Pass
SUP0072,D,1,0.06620894011756351,0.5777108195789319,22.167894176163337,86.32169380078004,Pass
SUP0072,D,2,0.051915116229611424,0.646867045019248,24.696436910810203,77.58631751227874,
SUP0072,D,3,0.06283823269079301,0.6560636877790786,19.189426472978102,86.94429372932147,Fail
SUP0072,D,4,0.04633175710073453,0.6824675384795859,17.211512336742526,78.43312336363951,Fail
SUP0072,D,5,0.046492166618395475,0.6282148261769477,18.45759730441348,76.84824101270155,Pass
SUP0072,D,6,0.052902995434334105,0.5501740075436383,17.42174530942677,93.59786607812262,Fail
SUP0072,D,7,0.07378095188856644,0.5924263836197537,22.44791279489036,92.41540740255905,Pass
SUP0072,D,8,0.05624650019406048,0.6363468424324291,23.96329828765377,79.95671705615301,Pass
SUP0072,D,9,0.05499567668973339,0.6404416727034496,23.673100964339966,88.73317230224859,Pass
SUP0072,D,10,0.051513802707385856,0.6397606536012324,20.863642083311653,88.0414180200723,Fail
SUP0072,D,11,0.0637769033587832,0.6405039554985535,14.371293457931184,85.40033882675453,Fail
SUP0072,D,12,0.06389585295300965,0.55,27.42035499811414,94.37642140974073,Pass
SUP0073,C,1,0.03582907934453241,0.7384071327996254,22.221864257816975,42.475721211111804,Pass
SUP0073,C,2,0.04223505273752633,0.7769850678784822,18.41345677626011,38.84068998100465,Pass
SUP0073,C,3,0.034582295611860034,0.7996301050260984,20.576984209830947,29.90595496936065,Pass
SUP0073,C,4,0.05059623059396197,0.8711248178118772,15.148995413934855,34.62149467977559,Pass
SUP0073,C,5,0.038830270056726617,0.8151863315312432,13.533777698759991,40.01529516116304,Pass
SUP0073,C,6,0.050681220780060085,0.780950184864343,16.07727875863215,46.10207496897598,Pass
SUP0073,C,7,0.05276137767173951,0.7924984105820538,11.25242508566008,41.83267380988648,Pass
SUP0073,C,8,0.04724040326425627,0.8089213184935783,16.135863643433662,49.88449717401986,Pass
SUP0073,C,9,0.038353546874077375,0.7715631604272015,15.518102707543738,53.04671189683138,Fail
SUP0073,C,10,0.032911905260141344,0.8165687580251569,20.242436290619736,41.52654951083137,Pass
SUP0073,C,11,0.04488605713356078,0.7590670180259399,13.407692532619063,40.84782679141624,Pass
SUP0073,C,12,0.028147225545173314,0.8411158732680574,16.375522665692767,39.26276040983967,Pass
SUP0073,D,1,0.050519948644809194,0.8074906110934632,10.260210248213813,20.8032302818273,Pass
SUP0073,D,2,0.0469041547067947,0.7359238728775589,14.641100941585021,37.650830649727624,Pass
SUP0073,D,3,0.044649147249758124,0.7309558615845956,13.607230848390445,41.974078316448555,Pass
SUP0073,D,4,0.028774419764800368,0.7919567566987512,17.217403203262258,39.16670140862861,Pass
SUP0073,D,5,0.05532244305499185,0.8362567226454029,13.262401437376319,39.82822226240946,Pass
SUP0073,D,6,0.035652854744494956,0.8077430308101695,17.409048683907034,37.395956746393026,Pass
SUP0073,D,7,0.03408911100912469,0.6974476600442048,12.434025250104195,41.268924054246874,Pass
SUP0073,D,8,0.05088216990560095,0.7622037023082893,19.44224510251276,41.42166884925895,Pass
SUP0073,D,9,0.02816570239595611,0.7698924037684218,18.906473659437065,32.9299121392843,Pass
SUP0073,D,10,0.05764193109937954,0.7386443721357403,17.025216821621743,54.90136929508834,Pass
SUP0073,D,11,0.045662227848223394,0.6745341327974663,15.51341921669371,55.05428044125361,Pass
SUP0073,D,12,0.03491891684404951,0.7474419432063906,20.092098127385604,49.00047163678712,Pass
SUP0074,C,1,0.062082949744132775,0.7140621679164993,19.83647048855571,77.23785069642041,Pass
SUP0074,C,2,,0.5872248932180694,19.479403266809424,87.23277409401746,Fail
SUP0074,C,3,0.053605493310889624,0.6654001307512065,22.88615228761669,89.20712915139887,Pass
SUP0074,C,4,0.07556168903044694,0.6267039074169767,14.895822233434645,71.07623947192764,Pass
SUP0074,C,5,0.05958032540735539,0.6272834503174911,18.315826155321574,83.94257017054089,Fail
SUP0074,C,6,0.06778569204991022,0.6492020892646768,17.783460197509974,77.46880815715676,Pass
SUP0074,C,7,0.062171410108108144,0.6323365483034001,23.548325186801566,81.5232935967337,Pass
SUP0074,C,8,0.07768022253404117,0.6941371789692374,23.104140120573128,92.66374159946899,Fail
SUP0074,C,9,0.05345010935181515,0.640811061383347,20.52205315939614,80.97475497045093,Fail
SUP0074,C,10,0.06697347553363546,0.6840507105498803,21.678071059343544,89.24999882429333,Fail
SUP0074,C,11,0.07045452175405063,0.6364877211087139,16.871745413162518,98.48813002948128,Pass
SUP0074,C,12,0.06196121389885377,0.6836729958574985,18.860709770808093,83.64588324208248,Pass
SUP0075,C,1,0.06832927630625532,0.686077450188819,17.47227195421327,66.76526383232795,Pass
SUP0075,C,2,0.0601225430094633,0.6922217439316034,16.138648778200814,62.782100323384704,Fail
SUP0075,C,3,0.06414349953853023,0.6365211097851569,17.610128556275473,73.50137986991508,Pass
SUP0075,C,4,0.04607886247213539,0.7239732253774067,20.125437929046072,64.7455549866767,Fail
SUP0075,C,5,0.0610069322965039,0.6954998587982606,21.386259232498865,64.57854596200197,Pass
SUP0075,C,6,0.050877608683115486,0.7068583464879311,16.7904610161112,67.38151487889974,Pass
SUP0075,C,7,0.055979700021941664,0.7546229708731719,23.698406216613844,59.13093224078795,Pass
SUP0075,C,8,0.06230424570940168,0.6876865650817912,21.61849654049365,75.62382473966122,Pass
SUP0075,C,9,0.057233804925721665,0.7761446473986974,21.9354453913094,59.97655537027869,Pass
SUP0075,C,10,0.053568588237718213,0.7008473963771114,20.21280391776901,60.329749376678336,Pass
SUP0075,C,11,0.04757415309183174,0.6922528152907128,20.894377302512442,66.06086586111469,Pass
SUP0075,C,12,0.05488568580566561,0.6479561277671201,22.409360668028395,70.46753856418546,Pass
SUP0076,C,1,0.051228768212478216,0.6210488398476584,21.9157980278681,75.48303198008145,Pass
SUP0076,C,2,0.05513749193996757,0.6141506467181428,22.278220425621644,76.05731135006845,Pass
SUP0076,C,3,0.05587478745895644,0.6913511352972534,18.539998241725893,77.84388953276473,Pass
SUP0076,C,4,0.07887412783227342,0.6495465527030619,24.304894606113223,87.83690236325484,Fail
SUP0076,C,5,0.0690010399175494,0.6438376208256108,20.044450119632188,80.51093437639018,Fail
SUP0076,C,6,0.05989738465403988,0.6558318736374587,21.315637851954236,75.92271732203541,Pass
SUP0076,C,7,0.06082616496808432,0.7248618328597632,22.55678427875048,63.78617087963437,Pass
SUP0076,C,8,0.06242165671370939,0.689159395541656,23.30499763372588,76.70824104493559,Pass
SUP0076,C,9,0.07902578725540793,0.6705004465620037,20.473583929619988,89.7938266006044,Fail
SUP0076,C,10,0.05290445240471967,0.6958547258380566,20.95012996327107,82.99394694124241,Fail
SUP0076,C,11,0.05687678678820084,0.6206808317728184,15.39481515156822,82.4595434954729,Fail
SUP0076,C,12,0.06749276489449339,0.6027857530570083,22.669552993151157,88.85992344304992,Fail
SUP0077,D,1,0.05478677809595309,0.6911613771759689,14.453546015104976,63.982392023957246,Pass
SUP0077,D,2,0.06116945077521601,0.7305196630743068,17.7312392438599,66.93875058263305,Pass
SUP0077,D,3,0.04588758296720062,0.7488964130124596,19.721905132744592,65.95249185906779,Pass
SUP0077,D,4,0.05731493859756507,0.7122036234893352,16.93869915523432,69.25299084408638,Pass
SUP0077,D,5,,0.6613910521307012,21.46532019212906,67.05402409426569,Pass
SUP0077,D,6,0.05732199890728674,0.7154741829229534,17.40944734390727,64.83858016072746,
SUP0077,D,7,0.053006571510829534,0.7099917942308259,19.792263082729328,76.77888387399402,Pass
SUP0077,D,8,0.06631997905692505,0.6493983095627067,16.72372936208208,71.44288398125558,Pass
SUP0077,D,9,0.05798446460773013,0.6660886733259576,26.707442098058287,80.48606646361462,Pass
SUP0077,D,10,0.053488974822242255,0.6417177788737515,21.680471897587832,69.18764484088224,Pass
SUP0077,D,11,0.05289256652226395,0.6737997514225339,21.360077616551457,73.71118282443523,Pass
SUP0077,D,12,0.055653265566677955,0.6918495007179365,19.03589952020551,77.36742205628826,Pass
SUP0077,C,1,0.050883470150812134,0.7291122682651235,20.09573680341744,69.30840678500604,Pass
SUP0077,C,2,0.046691092304501296,0.6593218096353037,16.62144076176956,75.28749844911756,Pass
SUP0077,C,3,0.052958043259792933,0.7190817162919289,14.60429367353057,65.38256434714644,Pass
SUP0077,C,4,0.049720893368883426,0.7604154053831634,18.41763784737844,73.06432658389961,Fail
SUP0077,C,5,0.06370657474875938,0.5985090939169372,23.219611726335998,81.00701977597299,Pass
SUP0077,C,6,0.050657699795221334,0.6886631893941997,20.799755961546573,67.39844641561032,Pass
SUP0077,C,7,0.0685160322706077,0.6434714730411613,20.41010454719451,79.4353328105085,Pass
SUP0077,C,8,0.05999759141941875,0.7593911628142019,16.718610559154133,72.89751095994461,Pass
SUP0077,C,9,0.05620430019414026,0.7414829996225148,18.480512442265876,78.91607713871143,Pass
SUP0077,C,10,0.05427834313052968,0.55,16.927684902028766,81.37212088080072,Fail
SUP0077,C,11,0.04778773891749644,0.6508966525898463,20.3759030088215,69.04663651742665,Pass
SUP0077,C,12,0.06402596513137668,0.7027360806944475,17.794321975303557,73.7097706461523,Pass
SUP0078,C,1,0.04293070103432062,0.6949762618575437,14.419240648902656,46.500681778045504,Pass
SUP0078,C,2,0.03688983301696859,0.7479717992210749,16.885293279351473,42.39480541804875,Pass
SUP0078,C,3,0.04971995170977036,0.7829036092584065,17.381650887011464,43.824710252625444,Pass
SUP0078,C,4,0.04748386305556342,0.7335339801923172,20.4328209643989,64.66272940901106,Pass
SUP0078,C,5,0.049050683065255764,0.6766382179303712,19.786979090080308,56.80044924267052,Pass
SUP0078,C,6,,0.7458053468253145,14.558990593167096,57.59213214852934,Pass
SUP0078,C,7,0.06506330314943208,0.7160267978094852,21.694341981926037,62.261004641526355,Pass
SUP0078,C,8,0.03856399226070363,0.7415453308330269,19.703579100397867,57.54325586241394,Pass
SUP0078,C,9,0.04278327575426643,0.6971910201027735,10.183369012510909,50.43559762906638,Pass
SUP0078,C,10,0.05157599611950527,0.852244525466536,20.125717068499196,50.501436305229284,Pass
SUP0078,C,11,0.053117379466119954,0.7299685883871276,18.913126887875922,58.45698991674533,Pass
SUP0078,C,12,0.049849279723628834,0.7312898435815597,21.764480255642066,53.82324091309827,Pass
SUP0079,A,1,0.03529284923116478,0.7933555921021971,21.95527879006489,52.70628561464819,Pass
SUP0079,A,2,0.04650102618647906,0.7123191665748123,22.857892551904207,63.24396677571677,Pass
SUP0079,A,3,0.052417762877791624,0.7116111612438761,8.685475488016154,48.0175928151882,Pass
SUP0079,A,4,0.049092274623241144,0.7199503136182389,16.878826948354455,59.55916538672864,Fail
SUP0079,A,5,,0.7388545480328801,16.03425335894162,50.582005867722096,Pass
SUP0079,A,6,0.06131588904472984,0.787012107594424,11.647996628221042,58.78731497504715,Pass
SUP0079,A,7,0.05605801630151548,0.7057453081808029,13.704546648850002,60.33392744580576,Fail
SUP0079,A,8,0.05373337300001497,0.6874840890979099,12.640625042271378,59.080999594984156,Pass
SUP0079,A,9,0.035834079263175,0.7220301931031781,16.09058524048168,50.01157869486856,Pass
SUP0079,A,10,0.039623307589455245,0.7759090384196589,20.129326708185154,64.73751270482485,Pass
SUP0079,A,11,0.042384995495352414,0.8022106420792058,16.173893972622302,52.18294448406694,Pass
SUP0079,A,12,0.05104017979735892,0.7206696678491157,20.92696669420201,63.874787648746235,Pass
SUP0079,B,1,0.04185264736162415,0.7528217386542333,15.9501239995839,54.65915384293254,Pass
SUP0079,B,2,0.03908428735065505,0.6785561839903653,24.034429451707123,50.75670429902426,
SUP0079,B,3,0.04711979953315587,0.7370708038008561,16.34851137958649,58.969789605054515,Pass
SUP0079,B,4,0.057943515444511456,0.7586272902214161,12.79254043922531,60.8166333821614,Pass
SUP0079,B,5,0.04809473541262126,0.6794178340978899,23.115856013775684,63.96951026155931,Pass
SUP0079,B,6,0.04964950131762312,0.7211218075038807,20.21537110818007,56.90126135904327,Fail
SUP0079,B,7,0.036155113414015325,0.7872377195729272,15.870857752067927,45.66288495332699,Pass
SUP0079,B,8,0.0447481970331644,0.8012305809636996,15.92371241669935,54.050090058818405,Fail
SUP0079,B,9,0.0451884039765999,0.7104259000805145,16.58483641020374,48.62588920280911,Pass
SUP0079,B,10,0.054115743672222334,0.6338529408775457,17.465373685794862,69.5018765089673,Pass
SUP0079,B,11,0.053058638446411344,0.6976476565225088,21.609545300612343,70.176791534229,Pass
SUP0079,B,12,0.03115123436383279,0.7607243246750023,17.888736675521834,59.19381158810533,Pass
SUP0080,B,1,0.046240512962794425,0.7944454614165573,15.657900854621372,53.093035500263795,Fail
SUP0080,B,2,0.04011412843823994,0.778797756224498,17.625943697415018,43.840697582832505,Pass
SUP0080,B,3,,0.7655979416634408,21.166331236758968,47.17388005533199,Pass
SUP0080,B,4,0.045106660004181454,0.6943824141010176,16.449927484167294,58.490683230440574,Pass
SUP0080,B,5,0.03962538827755314,0.7122835946924362,16.815440185316366,62.681637017748436,Pass
SUP0080,B,6,0.04857707171049099,0.7148358119262628,17.50059155952671,53.059245378625135,Pass
SUP0080,B,7,0.05226334369977032,0.73239242149869,13.017504403752834,59.7296669135995,Pass
SUP0080,B,8,0.05404599099153949,0.6772252553285378,18.60446811595192,66.08967111416523,Pass
SUP0080,B,9,0.02572256958522614,0.7631438927533948,20.15210001342179,49.85961225051485,Pass
SUP0080,B,10,,0.6771718538764301,21.22935840985637,65.78164004358783,Pass
SUP0080,B,11,0.04719381760863521,0.6327456395025205,12.178361354176607,71.04962565831707,Pass
SUP0080,B,12,0.04402079795925723,0.7558567353113897,16.641566934672074,51.63682973345658,Pass
SUP0080,D,1,0.0459319344842232,0.7095596297293404,14.232635774561755,56.39196172816589,Pass
SUP0080,D,2,0.030202444550379917,0.7934501952527823,19.534358217536536,41.260372634838134,Fail
SUP0080,D,3,0.04885514001532356,0.7359433069302369,20.643900293575392,50.69625384260978,Pass
SUP0080,D,4,0.05609719894942971,0.6760342832118433,20.48005701006188,64.96510491489192,Pass
SUP0080,D,5,0.04747832048179913,0.7883083338815842,22.828355882538645,58.063667322490616,Fail
SUP0080,D,6,0.05841745156741637,0.7481546899286609,19.689633883117352,62.73029065456698,Pass
SUP0080,D,7,0.030570731922390085,0.7328433605447129,13.605320484036401,55.16181653941914,Pass
SUP0080,D,8,0.04606530498086081,0.7180234870743751,19.879764236704116,51.22111453001432,
SUP0080,D,9,0.05263624801277915,0.7209670334169715,21.03485289746309,58.844454741428976,Pass
SUP0080,D,10,0.04941747470145993,0.702543691556966,22.608700559688906,54.9373478891621,Pass
SUP0080,D,11,0.049960470751651255,0.7729491529805295,19.46711737210257,56.58827076317134,Pass
SUP0080,D,12,0.05552695655144651,0.6634581615892907,15.764865750215906,59.47546675106841,Pass
SUP0081,A,1,0.02952616038690352,0.8746580632686801,17.882083846875307,22.678904233554736,Pass
SUP0081,A,2,0.03363306362397305,0.7821713824533008,20.61025210539227,27.5708007473603,Pass
SUP0081,A,3,0.02300531187935206,0.7974464094696161,19.18063339074564,24.482182616529222,Pass
SUP0081,A,4,0.016234544674791875,0.7574115772579627,15.693494900282728,26.292845936983866,Pass
SUP0081,A,5,0.052800982746355474,0.7905669651790502,21.150467118363782,41.87880801515516,Pass
SUP0081,A,6,0.02715229179093495,0.8209573285086552,12.325075601465972,30.463990860869746,Pass
SUP0081,A,7,0.03194978306958197,0.8432897975851268,18.245796220499834,36.68306553726361,Pass
SUP0081,A,8,0.051506482839322826,0.7204617634540005,15.525324306848027,51.123892557866334,Pass
SUP0081,A,9,0.026525783359612906,0.7403474343240761,11.049917345608897,42.88457481355054,Pass
SUP0081,A,10,0.029465725912735965,0.7875413931600261,21.37949719641952,36.45898443850011,Pass
SUP0081,A,11,0.16554613403659815,0.8476940743243804,19.907113186661267,35.96572301398641,Pass
SUP0081,A,12,0.031429316367129326,0.768701021501514,16.39779669235452,42.569446340601296,Pass
SUP0081,B,1,0.024428257738874616,0.7409151411304691,14.340329181579854,38.69170405421002,Pass
SUP0081,B,2,0.03935218763275197,0.8132690412165788,10.349432604010701,33.73745776540626,Pass
SUP0081,B,3,0.023468490907726167,0.7814448111877195,11.93267073220802,34.12517997195435,Pass
SUP0081,B,4,0.040716788427301316,0.7909923179586933,13.179907740459287,32.390151942801225,Pass
SUP0081,B,5,0.03468611129269703,0.8100193669869935,13.642491598391972,38.65975009533045,Pass
SUP0081,B,6,0.032508192573566685,0.7381220409093354,12.717593768863761,41.39155878908191,Pass
SUP0081,B,7,0.04239331552300857,0.7871515188493503,18.04396272197497,41.7400120421804,Pass
SUP0081,B,8,0.033009169111876686,0.7448051357236783,12.73940054160489,43.480526751365815,Pass
SUP0081,B,9,0.036873788554551284,0.7928840259947528,13.521746723324739,44.68268843635181,Pass
SUP0081,B,10,0.04635324151438393,0.7791817390351745,10.555419342013602,40.245398561928674,Pass
SUP0081,B,11,0.0429329272187995,0.8536134737432968,18.559026222447557,38.38491983555636,Pass
SUP0081,B,12,0.021292289538441582,0.8754520144705848,13.046123818648235,28.72056168598906,Pass
SUP0082,A,1,0.05776196965152769,0.6496104657528116,13.36638352245289,69.84495824613906,Pass
SUP0082,A,2,0.05351600110436022,0.63753097526287,18.842287227283574,72.45737177179942,Pass
SUP0082,A,3,0.06487962825072825,0.7119909224024645,25.462678007008527,71.10568184189592,Pass
SUP0082,A,4,0.04393391456278023,0.7076507226005283,19.31085901198495,67.85804569648461,Pass
SUP0082,A,5,0.04270120888350817,0.6999501985699441,22.334443761986392,65.65409639874771,Pass
SUP0082,A,6,0.06020097884918202,0.6852410722686664,18.021987527324054,67.95622059183742,
SUP0082,A,7,0.04594697879098734,0.6805892111855152,20.465144600950712,70.82342238743446,Pass
SUP0082,A,8,0.05540364825314539,0.6977832405672477,18.064432980020953,68.70076250883706,Pass
SUP0082,A,9,0.0597379845830931,0.8006570584321357,19.984936415486665,67.3571098113258,Pass
SUP0082,A,10,0.060586318125382996,0.6983480160140454,16.830230334084103,73.95425347562892,Pass
SUP0082,A,11,0.04422734860575357,0.7084310084555051,19.481247210975827,62.832737188981525,
SUP0082,A,12,0.05472114715464529,0.6434924096743937,16.97600668732672,78.671449785921,Pass
SUP0082,B,1,0.06513308639765827,0.7711993207765309,21.419890814509237,69.518374278824,Pass
SUP0082,B,2,0.03813918928194161,0.70036546349268,16.39785026129216,63.805666953988485,Pass
SUP0082,B,3,0.063762968698536,0.7485583084565613,17.57600337591356,71.58410204545281,Pass
SUP0082,B,4,0.03852946493528353,0.6609208431308047,13.93716390754195,67.57315751695438,Pass
SUP0082,B,5,0.03675515340840256,0.7270899017201502,21.871376743012075,51.123792832053894,Pass
SUP0082,B,6,0.04838101153286848,0.7017576966586733,16.680558866716844,77.06379533880438,Pass
SUP0082,B,7,0.04493978640392382,0.7204187453453422,17.237713593156204,64.54767436918259,Pass
SUP0082,B,8,0.04664715223084704,0.6684221928920233,17.91910566978359,66.95036710960481,Pass
SUP0082,B,9,,0.6853196618881942,24.3576946814397,61.816547370453506,Pass
SUP0082,B,10,0.17797482257198477,0.6962872976340765,35.370725305736144,67.69981675011609,Pass
SUP0082,B,11,0.05117360949111768,0.6888767426820215,19.879340332840936,74.80747110068955,Pass
SUP0082,B,12,0.05866198529649151,0.7063052349118407,22.742808306156554,70.00301455224727,Pass
SUP0082,C,1,0.06546659034111353,0.7636113142312151,14.237398444219687,77.20810136775384,Pass
SUP0082,C,2,0.058072864330593076,0.6488687758414802,22.243361709066328,73.18126465917261,Pass
SUP0082,C,3,0.06473398014211672,0.6664791094897462,24.976970117772712,69.1642499814294,Pass
SUP0082,C,4,0.04789718271024855,0.6621137185877949,22.35663083920774,80.5273712808503,Fail
SUP0082,C,5,0.05071867730541904,0.6934335773566875,15.501414557933876,69.98112124632777,Pass
SUP0082,C,6,0.05490509602917408,0.6744038211577745,15.848349697992525,75.39038001270666,Fail
SUP0082,C,7,0.055346832968777314,0.7092040242780319,15.00013380765059,75.22193648746159,Pass
SUP0082,C,8,0.05858352061131828,0.6767075943080105,20.505031821021085,73.28065247621431,Pass
SUP0082,C,9,0.0611240030146178,0.7026815607915509,24.583882417021872,82.78899739549882,Pass
SUP0082,C,10,0.05723761836973369,0.7444072798222885,20.276405943402793,61.57432784750159,Pass
SUP0082,C,11,0.049817755901306354,0.6761643688695863,17.56396687794695,60.385098935918734,Pass
SUP0082,C,12,0.049878181315507045,0.6491190967844455,23.512321023550353,75.68697147798524,Pass
SUP0083,C,1,0.057305294824123255,0.7403263068095314,13.214899451291355,52.220634169385505,Pass
SUP0083,C,2,0.05689184768430046,0.7401774853201015,12.750108750824262,45.19746428172161,Pass
SUP0083,C,3,0.04240649596089384,0.6866762108686575,18.16515572741423,50.04293035268707,Pass
SUP0083,C,4,0.05756580774440715,0.7570448309077968,13.540489591641093,45.502624528694426,Fail
SUP0083,C,5,0.047201997801106135,0.7777157983854895,16.317158187535956,47.68044187050076,Pass
SUP0083,C,6,0.04935992582273057,0.7454580337338164,11.638768766783725,52.248421221705875,Pass
SUP0083,C,7,0.04813632792969215,0.8199322493518091,11.868216240052048,35.77307987575068,Pass
SUP0083,C,8,0.029002578709590814,0.7762486616416383,16.331445312242828,47.692794243637344,Pass
SUP0083,C,9,0.043756473531392864,0.7324432122504336,13.940887789821197,52.826794753489835,Pass
SUP0083,C,10,0.05350270759664463,0.7468320573524927,19.573734165232157,51.23530554512379,Pass
SUP0083,C,11,0.050930794463494244,0.7646732677889427,22.51164900277831,42.78220852861527,Pass
SUP0083,C,12,0.05031780797130013,0.7919158829553251,17.82068583034205,58.80891205537,Pass
SUP0083,B,1,0.046274662802248845,0.7695076808154592,17.24460885403561,40.18595895139562,Pass
SUP0083,B,2,0.03214540825279394,0.7656398702685676,16.824803711660838,41.89702930652613,Pass
SUP0083,B,3,0.04190307399853729,0.6978113774817295,13.64084181500618,43.42799015521812,Pass
SUP0083,B,4,0.04267625233748974,0.7514744301886246,16.687812099297684,47.10826071845936,Fail
SUP0083,B,5,0.05054063570626899,0.8284637286009426,17.203324376294653,46.80129888572038,Pass
SUP0083,B,6,0.03606238797230083,0.8308220702281401,15.794105819208268,38.81365549604581,Pass
SUP0083,B,7,0.05027085102442307,0.7579111609356798,13.067555262321395,51.64541839913824,Pass
SUP0083,B,8,0.025797517464410332,0.7922443341772326,18.319737347358192,48.19401901986791,Pass
SUP0083,B,9,0.03556153748405193,0.8023919891557701,17.40033464174066,50.032059465673505,Pass
SUP0083,B,10,0.047763801638708095,0.7759870261121534,15.355598003510757,54.45012383350619,Pass
SUP0083,B,11,0.03007509216918073,0.7578236594309891,10.358576680678219,49.04376332751667,Pass
SUP0083,B,12,0.052561523346449375,0.7362838082657948,15.361042320513137,49.20296743212497,Pass
SUP0083,D,1,,0.8262790295290829,19.042943260927533,39.21359106366506,Pass
SUP0083,D,2,0.037281289493098,0.7419406165540191,14.820756528263825,43.82613711824053,Pass
SUP0083,D,3,0.031032447608838824,0.844034417116331,13.69784897796453,39.05538796746615,Pass
SUP0083,D,4,,0.7492166372256996,14.029692679645917,53.78286237573549,Fail
SUP0083,D,5,0.04325151252631763,0.7865938921234351,18.538113367418024,39.51445792690634,Pass
SUP0083,D,6,0.04639504630362447,0.7969193104038018,18.111340125343833,49.31507301567995,Pass
SUP0083,D,7,0.05368364227757703,0.7804404179913866,13.042234274852376,46.401761032269576,Pass
SUP0083,D,8,,0.725795145767224,16.996807068638493,44.71560646505395,Pass
SUP0083,D,9,0.05005712579528572,0.8150351090762777,19.062428100444354,45.98110500742116,Pass
SUP0083,D,10,0.02755496953109453,0.7567811912681768,12.183320984299773,50.06954694561807,Pass
SUP0083,D,11,0.045533355535885785,0.7404756323203848,17.81594202015991,60.16660165725722,Pass
SUP0083,D,12,0.03548417435804656,0.716754090940224,22.033863005609266,53.955228616234756,Pass
SUP0084,A,1,0.05807897475021654,0.655224807860827,24.455893786828085,88.18625511818713,Pass
SUP0084,A,2,0.05613653060478602,0.6290786032702321,17.403091699386415,97.65242005761174,Pass
SUP0084,A,3,0.06311014522592844,0.6601999154473575,28.517314550902512,88.26322600181659,Pass
SUP0084,A,4,0.05353890570518996,0.6310930900021907,22.27553885384828,92.21278954632761,Pass
SUP0084,A,5,0.07750391375934458,0.5910367203997405,24.07241875866209,90.32188541496686,Fail
SUP0084,A,6,0.04878010465806029,0.6127702070194203,19.862300694880428,91.43217933911174,Pass
SUP0084,A,7,0.059119193631701795,0.6212123967339984,18.265878189395405,96.88942630779758,Fail
SUP0084,A,8,0.061396760329274755,0.55,18.157510667967053,98.02870257491294,Pass
SUP0084,A,9,0.05363302331483677,0.55,17.923161339351708,99.0,Fail
SUP0084,A,10,,0.55,27.52864340373656,99.0,Fail
SUP0084,A,11,0.06388328478060587,0.6779831919478081,22.10587189656792,95.86737486924049,Fail
SUP0084,A,12,0.057041107895393454,0.6240122906322132,27.680316044933093,95.1874789488131,Fail
SUP0084,D,1,0.07005616102623854,0.5597523068779134,20.445025016778175,99.0,Pass
SUP0084,D,2,0.07340624520011554,0.5554770853474557,20.945864901749164,91.83852527814103,Pass
SUP0084,D,3,0.07360375224789051,0.5782590272122599,18.366301773251266,91.54322791577347,Fail
SUP0084,D,4,0.06604058636323032,0.6410117906404336,27.6536912397655,95.14002241025295,Fail
SUP0084,D,5,0.07057102470276201,0.6067837194578701,23.549587861805676,97.8080915237168,Fail
SUP0084,D,6,0.07128867516428207,0.5923371209728818,25.622364007921565,93.06417452974794,Fail
SUP0084,D,7,0.07319294114950169,0.5726618638143522,15.823298125174475,98.01811871457484,Pass
SUP0084,D,8,0.06577946726385402,0.55,25.747531342235117,99.0,Fail
SUP0084,D,9,0.05637855238434561,0.576389445321039,28.031848788430704,99.0,Pass
SUP0084,D,10,0.08352134320339474,0.6561592349229378,21.10720133835268,93.70625766318757,Fail
SUP0084,D,11,0.061878441810249256,0.5900123287775576,21.400587016214217,96.75215268071995,Fail
SUP0084,D,12,0.06684065815825797,0.597293375309858,19.40856160312167,94.20190753328615,Fail
SUP0085,B,1,0.054252662257427635,0.7248974555763817,15.754245362937946,54.229939722188895,Pass
SUP0085,B,2,0.041895602922223905,0.6935438069386255,20.594588048716773,59.17394853164493,Fail
SUP0085,B,3,0.0478429669821768,0.6707390856869835,14.557988972924237,62.38114524248018,Pass
SUP0085,B,4,0.039287196003438246,0.7230536520362136,13.620994618250034,53.94695954952945,Fail
SUP0085,B,5,0.0503352700201984,0.7873145224967504,14.946477658948254,55.487650194533956,Pass
SUP0085,B,6,0.06568028348170883,0.7439190536039273,22.97001252379697,67.30691908166045,Pass
SUP0085,B,7,0.047169132150902,0.6787236392623526,20.40151742241265,57.256123729519096,Pass
SUP0085,B,8,0.05712164159456007,0.623372402990672,21.80631610282616,75.86930753408812,Pass
SUP0085,B,9,0.039175768869524674,0.7421750508561452,19.798743768794058,65.44280662042613,Pass
SUP0085,B,10,0.062367106154509626,0.72650532785476,15.38875423901581,58.916254274502336,Pass
SUP0085,B,11,0.04148815787305258,0.6909683952837748,20.874503102826573,65.5324151894827,Pass
SUP0085,B,12,0.05086557445713994,0.6974925889866195,22.3241095696301,69.98051017954694,Pass
SUP0086,B,1,0.05490501075168466,0.697174810864175,13.540970389195994,64.31172684347808,Pass
SUP0086,B,2,0.05815960822148971,0.7127553179198446,18.525746807166833,60.583319671043554,Pass
SUP0086,B,3,0.05963261694050617,0.674226172454442,25.90054738067294,77.43444375032684,Pass
SUP0086,B,4,0.05732442772710015,0.686721109312362,15.33471770180935,65.22362127076983,
SUP0086,B,5,0.04988922221260483,0.6907655885249987,17.57521273600966,67.05075260228854,Pass
SUP0086,B,6,0.04889952218606762,0.7189881543298072,16.79724648310537,72.50362196962672,Pass
SUP0086,B,7,0.05571310633384054,0.7141188106501571,14.598018095562024,65.171777944281,Pass
SUP0086,B,8,0.05497873314248081,0.6544340446985886,19.500152682742,72.84732698675708,Pass
SUP0086,B,9,0.06837492985623278,0.6461339551778476,16.74241895079415,72.715873941835,Pass
SUP0086,B,10,0.04977014983048984,0.7460288862030344,21.152541181150433,67.54170119129186,Pass
SUP0086,B,11,0.037077972610366605,0.6279317820740133,18.506136437145503,74.6252528168754,Pass
SUP0086,B,12,0.05393401848013268,0.7418177211005939,18.02892140783846,75.85856346898947,Pass
SUP0086,C,1,0.04579872792431475,0.6979094506685845,12.23302512260458,66.99811891174201,Pass
SUP0086,C,2,0.05101382757830053,0.6458744539606198,17.353962464999853,64.95594205878311,Fail
SUP0086,C,3,0.06170347028853816,0.6230573426830799,22.47366439009914,71.09932094672962,Pass
SUP0086,C,4,0.07236370649699204,0.704600362676471,17.94394749575327,75.66058859015384,Pass
SUP0086,C,5,0.06249234038914861,0.5980548595853825,24.268695378269513,79.58645046982909,Fail
SUP0086,C,6,0.048900882866928265,0.6518541155772339,17.05170030966869,72.19312423188549,Pass
SUP0086,C,7,0.051946591750757484,0.7535410088198595,20.345343559063632,65.85942164376752,Pass
SUP0086,C,8,0.060276185985562385,0.6126093604785334,27.667263267092324,74.64496358033887,Pass
SUP0086,C,9,0.055073016066900356,0.6260294652151478,19.29776567401743,79.8480561188361,Fail
SUP0086,C,10,0.05380036109757737,0.6866313333391395,18.2361022192402,73.00528547736715,Pass
SUP0086,C,11,0.06209340360676108,0.6861400332271286,18.287662092941183,76.89281639100926,Pass
SUP0086,C,12,,0.7623511971510701,20.140617918366722,64.50599691955284,Pass
SUP0087,D,1,0.035346526289702584,0.8017047307377517,15.561357843142272,47.55085194459898,Pass
SUP0087,D,2,0.03574948854876356,0.8013250244132345,23.793560245374557,47.88889120693885,Pass
SUP0087,D,3,0.05785854230399695,0.6989774995316093,21.458024529735603,54.45760342363922,Pass
SUP0087,D,4,0.025657014742764144,0.7333939907243199,21.273331450877876,52.63344268616774,Pass
SUP0087,D,5,0.06510558094072456,0.7374254583743772,21.1676175636714,54.87657655738102,Pass
SUP0087,D,6,0.03068269419226374,0.815026957836268,14.924773490945435,38.46433159889632,Pass
SUP0087,D,7,0.04024325017016742,0.7834039203678415,19.338942604958596,50.10124352032365,Pass
SUP0087,D,8,0.0580307958153958,0.7590687792314864,9.688576027869082,51.09437755416355,Pass
SUP0087,D,9,0.03169358710760828,0.7689989846917747,11.658647713699313,49.52293374757233,Pass
SUP0087,D,10,0.038528222228150305,0.7715195057925542,15.865451182393949,53.349836421645854,
SUP0087,D,11,0.061078365840507895,0.7104331894465685,18.936223747826546,58.44973244385763,Pass
SUP0087,D,12,0.05232350341535705,0.7109411658761347,18.8859315493279,55.00566517339461,Pass
SUP0087,B,1,0.04826237116576626,0.7449104573328951,16.80969364067593,43.06524189663044,Pass
SUP0087,B,2,0.04706238835250097,0.7906755424547005,17.346874721196237,54.15616547458073,Pass
SUP0087,B,3,0.05630426182212841,0.6878666141532236,15.644014705603432,46.18130693386978,Pass
SUP0087,B,4,0.053013158980131085,0.6655369559510644,15.331771092891579,55.87533707144216,Pass
SUP0087,B,5,0.04481591086200246,0.7680366444692365,22.968639311641567,46.55905877463996,Pass
SUP0087,B,6,0.03482567225069154,0.7412714205219614,19.209689704002546,43.25125468858797,Pass
SUP0087,B,7,0.03773019545590413,0.7460552910556938,12.175910649687468,48.19159286299415,Pass
SUP0087,B,8,0.04400619899129509,0.7974547992439239,18.776149191464814,45.778400096366006,Pass
SUP0087,B,9,0.04392193675395364,0.7903016616229369,18.055317114228323,47.87242006437305,Pass
SUP0087,B,10,0.03309020457605021,0.8176428109590697,19.5154187739444,46.86286646884785,Pass
SUP0087,B,11,0.05490577024305664,0.7951751582815052,13.091120421793928,55.69123581030059,Pass
SUP0087,B,12,0.04074404113549387,0.7687925163333439,18.319772110698988,49.20037060879227,Pass
SUP0087,C,1,0.03564084502401643,0.739291895984198,18.84868757211728,54.385438793280784,Pass
SUP0087,C,2,0.04815730364165859,0.784640059606587,17.384270193867934,54.87611312235256,Pass
SUP0087,C,3,0.04479394399209327,0.776813544578285,17.99347613464189,48.057695758461456,Pass
SUP0087,C,4,0.052712335021954944,0.7827367047408624,17.286579212057738,57.26356898499015,Pass
SUP0087,C,5,0.044210503790135566,0.7511567928185359,15.42652807025454,51.251842805297144,Pass
SUP0087,C,6,0.0501881322023967,0.7863033577520241,19.12369323864317,41.45014118495245,Pass
SUP0087,C,7,0.05753404724256653,0.7063783029313364,18.19488546792904,53.514676686214884,Pass
SUP0087,C,8,0.05207977373000267,0.8474486852355833,16.59551971225959,42.066254247086206,Pass
SUP0087,C,9,0.0556899811956982,0.7920488909088658,18.701768305137062,51.00173783335999,Pass
SUP0087,C,10,0.03702995497263541,0.7305649581656479,13.54354281146168,53.08344677038528,Pass
SUP0087,C,11,0.055475848922805965,0.7528683273273662,19.36262034056506,53.24887846693521,Fail
SUP0087,C,12,0.0503960255017505,0.7419468948231935,19.377532382983723,57.62488720917654,Pass
SUP0088,A,1,0.06554086315690036,0.6819152264003363,10.329398221155834,82.54011286947869,Fail
SUP0088,A,2,0.06170921663599507,0.7345873842636851,18.574096443455776,79.90942482750766,Fail
SUP0088,A,3,0.06732233599827707,0.682377685604882,18.326731010646146,84.50663683717548,Fail
SUP0088,A,4,0.06800026508864566,0.636356753508165,17.335863477463278,75.50526513715393,Pass
SUP0088,A,5,0.05444078955021041,0.6501974464153187,22.896895623656594,76.44218973101896,Pass
SUP0088,A,6,0.05501580976031951,0.7014592127975011,17.656855453357352,77.99894293581738,Pass
SUP0088,A,7,0.06979136227012572,0.6168652175575925,14.70427431644319,97.65647982465518,Fail
SUP0088,A,8,0.053946181174374414,0.6438327583569363,21.245344455114854,83.97634654772992,Fail
SUP0088,A,9,0.07225976199834608,0.6990553676253556,14.521394168289929,82.14157547352819,Pass
SUP0088,A,10,0.04606293443363567,0.6957687845531079,16.808460888547522,83.14898333503184,Pass
SUP0088,A,11,0.05579979573506932,0.6246879453933306,24.685206876248188,85.38457878000503,
SUP0088,A,12,0.05612001164208758,0.6905629021466188,17.548407724330332,86.65117194929955,Fail
SUP0088,B,1,0.07019283070742777,0.6349291570280453,15.66327585244605,79.5912178993522,Fail
SUP0088,B,2,0.051171795631452965,0.6243759655690051,19.66549788230607,77.61455893333255,Pass
SUP0088,B,3,0.06322567543152631,0.6632486635648888,20.55001215883191,80.77218890727077,Pass
SUP0088,B,4,0.04346164893930758,0.7398346757345102,22.499308539663193,82.47375618023108,Fail
SUP0088,B,5,0.058892760143979116,0.6648048408333567,21.687890243567676,88.60855699890583,Pass
SUP0088,B,6,0.0649672913376021,0.6130176948613975,20.090654188591493,87.46562328857763,Fail
SUP0088,B,7,0.07084325888217426,0.573822297427725,20.539557894331203,86.4824092680266,Fail
SUP0088,B,8,0.06015040941183046,0.5932389222054187,16.394800759562933,88.65670355499293,Fail
SUP0088,B,9,0.0654746060546433,0.6163856518855996,18.267751687269797,86.40442907722321,Fail
SUP0088,B,10,0.06223205663367541,0.6624703111800925,22.038748840845706,77.24303201605917,Pass
SUP0088,B,11,0.06886548800680065,0.7053659909162817,23.86352205780003,84.08174934497596,Pass
SUP0088,B,12,0.05588204373241115,0.6294936275277413,25.870337276197098,85.25607454292975,Fail
SUP0089,A,1,0.04257763518736828,0.7506970496478754,13.972240734588341,55.954312582548795,Pass
SUP0089,A,2,0.034824414886629636,0.7916410415035185,18.373775992200265,55.360919737199175,Pass
SUP0089,A,3,0.06178817060807359,0.7315024852358197,10.131415561599518,64.73572063008231,Pass
SUP0089,A,4,0.04088435016779263,0.7123870807896043,19.436079151239365,53.68517977140493,Pass
SUP0089,A,5,0.045899883756493544,0.7255200274398804,19.62006375650474,50.63319020905452,Pass
SUP0089,A,6,0.03667631435103334,0.7469799882223394,18.06731116766188,58.2318716828855,Fail
SUP0089,A,7,0.06087028856816276,0.7456859173449957,17.243697457732914,66.70376775737532,Pass
SUP0089,A,8,0.03757844069264757,0.6970512854164711,22.616578470453316,59.497013161610504,Pass
SUP0089,A,9,0.040347649405798935,0.7593140447602855,22.942486660216062,57.23650262705921,Pass
SUP0089,A,10,0.06312148374288268,0.68545006720403,20.0902787537211,72.70287788837405,Pass
SUP0089,A,11,0.05981491454554727,0.7553486327558993,17.014553176318575,58.171358509159376,Pass
SUP0089,A,12,0.06583415455697178,0.7742328816728794,18.558621654271633,48.744210172740964,Pass
SUP0090,A,1,0.0525081679742139,0.7322788933207257,15.19742187487858,60.99453033317175,Pass
SUP0090,A,2,0.04046714864802805,0.7583829800792053,13.273240061222118,54.87081790795916,Pass
SUP0090,A,3,0.051621565958183666,0.6705892362145182,15.595252924706239,63.25291472027976,Pass
SUP0090,A,4,0.054296032328058706,0.747542581522318,19.446759138045994,63.00797323625045,Pass
SUP0090,A,5,0.03564517810232781,0.7753639599696054,13.910977889627212,48.597498109772076,Pass
SUP0090,A,6,0.04309835695548828,0.741971676915856,16.287239988069377,60.669321621331626,Pass
SUP0090,A,7,0.04331115271109189,0.6683073965374232,18.19409223226294,58.92010361094458,Pass
SUP0090,A,8,0.03310274059357032,0.6979415040960683,17.661076217598144,66.54127007365405,Pass
SUP0090,A,9,0.05918511714056181,0.6631808817279455,30.282068614161354,73.57663243581761,Pass
SUP0090,A,10,0.06256398109023897,0.7235800887347557,18.376797721765474,67.19142460701451,Pass
SUP0090,A,11,0.04589979591631025,0.6616202990991249,18.557129763555682,65.21329952184347,Pass
SUP0090,A,12,0.05900227999831621,0.7451956090437515,18.787335990984904,63.85771386780179,Pass
SUP0090,B,1,0.058344077360917554,0.6957268459745364,14.610865395609457,63.1753823180998,Pass
SUP0090,B,2,,0.7886617911848631,9.159147584473313,50.65459668934463,Pass
SUP0090,B,3,0.05043636482395312,0.7588581191531929,22.694154227347486,61.736807835635204,Pass
SUP0090,B,4,0.04582737632078577,0.7127221789594095,18.391608825117856,60.416673230831854,Fail
SUP0090,B,5,0.06515140657931662,0.7035930660112598,17.081447801304478,59.545263519215446,
SUP0090,B,6,0.05306272778532936,0.7400248524236857,17.04255405929552,60.370470886115335,Pass
SUP0090,B,7,0.03950215661386482,0.744537015687781,15.80886237665842,54.24346001343423,Pass
SUP0090,B,8,0.0439285547802066,0.7011163137976464,19.506064527882966,66.71123068891461,Pass
SUP0090,B,9,0.06432558419961742,0.6539817719532499,20.607870563437313,64.7411461044237,Pass
SUP0090,B,10,0.028873068671929205,0.759066498516604,13.928895055617847,52.89564234010922,Pass
SUP0090,B,11,0.05511884597158643,0.6947137991233963,13.961428009081942,65.63501719134281,Pass
SUP0090,B,12,0.0395096033558125,0.7209760131183323,19.294280118181778,60.684472343736175,Pass
SUP0091,A,1,0.07727490454144692,0.55,20.2025019633578,99.0,Pass
SUP0091,A,2,0.07401514949786873,0.5575406387353515,27.286736107419042,96.90991016266639,Fail
SUP0091,A,3,0.05730080134852124,0.6291264291140084,22.953517538262545,90.25712599137468,Fail
SUP0091,A,4,0.05249541461761174,0.6278730651374415,20.461046542841864,87.21529893677278,Pass
SUP0091,A,5,0.05518158669554253,0.5580506667225822,21.1051757999401,99.0,Fail
SUP0091,A,6,0.05384629522629459,0.6456084510823988,21.292911366575733,96.56654960126168,Fail
SUP0091,A,7,0.06411082465741,0.5762695959171823,23.480220011896176,99.0,Pass
SUP0091,A,8,0.05889266286429624,0.6721751435739516,26.25187008806742,82.55677553105927,Pass
SUP0091,A,9,0.05856030908917276,0.6092176042782286,19.822494876007653,93.55817969559914,Fail
SUP0091,A,10,0.06971239188115236,0.6777383919067742,24.900758259541487,88.4315079544525,Fail
SUP0091,A,11,0.06758135067193446,0.686443845274892,23.68008555526773,99.0,Fail
SUP0091,A,12,0.047897865920379715,0.6195841911224063,23.20699119552436,97.91961801212588,Fail
SUP0091,B,1,0.07183236517103087,0.6363271953572613,17.047471944919153,96.76822564503354,Fail
SUP0091,B,2,0.07314169319296963,0.6336929226287157,18.316496575006745,95.94418895725181,Fail
SUP0091,B,3,0.07618835838237772,0.6600110092085554,17.798454202745425,90.51668898983134,Fail
SUP0091,B,4,0.05321075482096786,0.55,20.70650873234774,95.79256226888873,Fail
SUP0091,B,5,0.06853732521086565,0.6583632639536867,22.325802909874163,97.35626702310392,Fail
SUP0091,B,6,0.0692156512482282,0.5718180806890185,18.478213843735386,96.35252990764924,Fail
SUP0091,B,7,0.054356820335962355,0.5828041338739675,22.077591543956967,95.30723573726925,Pass
SUP0091,B,8,0.06972912418166549,0.6524571158710711,28.250906699722893,99.0,Pass
SUP0091,B,9,0.07869221857485295,0.5943070394876642,27.553985296448463,99.0,
SUP0091,B,10,0.08521123768192312,0.5948073971199557,22.29658980646612,98.20103105553183,Pass
SUP0091,B,11,0.07265332327727296,0.6527408395814169,23.31408320697771,97.43571973070199,Pass
SUP0091,B,12,0.05675879816393731,0.6332175447832451,22.032170054472306,97.91787952074029,Pass
SUP0092,C,1,0.044239990007413306,0.8153631140950675,19.89918781053848,36.40426575578757,Pass
SUP0092,C,2,0.045667401452620875,0.8353478031850493,14.93475408567967,31.920591378645724,Pass
SUP0092,C,3,0.03134141842442241,0.8068858902509227,18.254866466552798,31.32767580997548,Pass
SUP0092,C,4,0.027514893753764258,0.7815156867244931,16.709748673064734,40.53708264720205,Pass
SUP0092,C,5,0.037540727234721065,0.8441145591397361,18.661812616524333,38.310771062428074,Pass
SUP0092,C,6,0.037405672772275946,0.7992035531253089,12.463549563718104,31.600647011857475,Pass
SUP0092,C,7,0.0482355620163308,0.7793786616231424,13.229584485639677,44.694520277125896,Pass
SUP0092,C,8,0.044176704061453645,0.7628526382249265,10.878960408103337,43.08122549379978,Pass
SUP0092,C,9,0.04769291717498589,0.8223381292340743,13.372501289135847,45.62655657061977,Pass
SUP0092,C,10,0.04021452656643749,0.7634315980265682,12.637900044343148,29.38588513486534,Fail
SUP0092,C,11,0.05677267885642734,0.7139958296847261,16.5401712417752,43.95693562373107,Pass
SUP0092,C,12,0.039054581438415115,0.668758314640408,15.575467810554633,47.405058587120436,Pass
SUP0092,D,1,0.041202875393063346,0.8244847214262206,11.551914670410508,37.200534047791905,
SUP0092,D,2,0.025611484291327972,0.8922823913041554,15.497836596685804,22.15206681540748,Pass
SUP0092,D,3,0.04256311593279781,0.8026250571035185,14.546236803728661,29.337507486579103,
SUP0092,D,4,0.03940774049863484,0.8158908144311438,19.730419723501786,37.722433051179074,Pass
SUP0092,D,5,0.02595202534983503,0.8096992333052203,18.85557572833476,27.093727216201778,Pass
SUP0092,D,6,0.04236860986193106,0.6875474941816745,19.632149647507525,38.59424292763541,Pass
SUP0092,D,7,0.0305897014519731,0.8559558321308721,17.573954770153875,36.76925502050048,Pass
SUP0092,D,8,0.039068125102372606,0.7170760625525505,10.892019263788114,46.744523778291104,Pass
SUP0092,D,9,0.1572870062181389,0.7959960934701644,31.856864421453995,50.285825907266165,Pass
SUP0092,D,10,0.039465466823174776,0.7169277597950658,18.60058937517395,47.54295896622251,Pass
SUP0092,D,11,0.03239586327393305,0.7793103837463566,19.083327687054638,33.77106012147689,Pass
SUP0092,D,12,0.03319136803002215,0.7606646702435883,16.07691346732382,45.239106028926464,Pass
SUP0093,A,1,0.05404769628284663,0.6987379553403126,20.167415192668027,68.7557991966307,Fail
SUP0093,A,2,0.0222289770207261,0.7821116958081653,17.08168552813176,48.069883564356,Pass
SUP0093,A,3,0.05892630370413956,0.7460672629477885,17.76067231321157,59.15215256329519,Pass
SUP0093,A,4,0.047673134846627246,0.6670705362632402,14.380840693358579,65.42653693983861,Pass
SUP0093,A,5,0.05177416046378453,0.6549711275738758,15.465868115711109,63.3422086131242,Pass
SUP0093,A,6,0.058494688149447215,0.7812968579495654,20.175411304038086,52.22034546244627,Pass
SUP0093,A,7,0.039951659946847504,0.6624116075102491,20.203308624453285,61.148870493706966,Pass
SUP0093,A,8,0.07180623895739674,0.7078356981742793,21.099469395098115,80.72458960922057,Fail
SUP0093,A,9,0.04644024189994332,0.6769108475555641,15.78632920456189,67.93356948463126,Pass
SUP0093,A,10,0.05023976554155204,0.7135648278408737,19.21660752750463,70.74739571547757,Pass
SUP0093,A,11,0.05905127501723672,0.6145573015420406,22.133653606850764,69.84894320493385,Pass
SUP0093,A,12,0.03907950421043531,0.744028051348668,15.839394486720604,56.70283729212847,Fail
SUP0094,B,1,0.0353778826480114,0.7825779901108438,20.907579703404593,32.14399859654506,Pass
SUP0094,B,2,0.035085999740050895,0.8416944458613647,14.454035728470089,29.51254473903156,Pass
SUP0094,B,3,0.027654304412107488,0.7372362982469902,19.542350084444823,41.68049376447112,Pass
SUP0094,B,4,0.04067876579913359,0.8242840672585474,11.462582241093301,40.06949264191287,Pass
SUP0094,B,5,0.03580818662652875,0.7769098380472647,16.822872010261758,41.613261978218986,Pass
SUP0094,B,6,0.03323867561762963,0.8101048426285393,21.081580988480823,32.75857104271539,Pass
SUP0094,B,7,0.045240425504682866,0.7736211307196454,9.691576240195747,30.964309328845765,Pass
SUP0094,B,8,0.03552366078519841,0.844930327973035,19.337824866808774,37.85441664532931,Pass
SUP0094,B,9,0.04094503491847098,0.7570261866115205,17.657926157488802,36.2574858377018,Pass
SUP0094,B,10,,0.8012626046338986,16.629701382793744,35.73400237136831,Fail
SUP0094,B,11,0.04838714209640173,0.850861017497428,16.947403766222426,41.038734498701544,Pass
SUP0094,B,12,0.02772836267030701,0.8511142342538112,19.268762187010534,46.40250948435812,Pass
SUP0095,A,1,0.05531457111733811,0.7371591154742634,16.57670566466028,66.69778655462203,Pass
SUP0095,A,2,0.24011273066162694,0.6894166209036741,45.634385681690006,63.403378352934325,Pass
SUP0095,A,3,0.04925415908615757,0.6959551933350531,24.796736949784,64.0322923835634,Pass
SUP0095,A,4,0.048909522167787454,0.7502140366782969,21.563781477134953,68.03929887482214,Pass
SUP0095,A,5,0.19902236984680308,0.7519329631380401,33.35997904020641,59.28164940563967,Pass
SUP0095,A,6,0.03005840961382328,0.7055708108817997,15.540045694947555,64.41106951513787,Pass
SUP0095,A,7,0.050889015122545685,0.6733381102120614,20.48571366847957,71.22825542048058,Pass
SUP0095,A,8,0.0343402681858191,0.7247997272735788,16.77254320533781,61.78866177013313,Pass
SUP0095,A,9,0.037937908501693804,0.7076420145700458,16.327263418682342,67.69727366445672,Fail
SUP0095,A,10,0.06176422064406244,0.6478745765496223,12.689308810392673,67.41983208106528,Pass
SUP0095,A,11,0.049141348443086076,0.7016175412432044,15.41658438609431,60.88543944049412,Pass
SUP0095,A,12,0.04611299405666919,0.7237507746944487,15.421337479918048,67.91160419969209,Pass
SUP0096,B,1,0.049956170665879374,0.7055997198204071,12.55396105527138,52.39111627448623,Pass
SUP0096,B,2,0.03578659323414028,0.8315951394587134,13.855281955649543,41.015064217295105,Pass
SUP0096,B,3,0.03708370952172734,0.7734379081918672,17.527495980164836,52.340536605368186,Pass
SUP0096,B,4,0.04899625821838831,0.7059868515328738,17.952449802647198,60.13229023883963,Pass
SUP0096,B,5,0.045879527563961,0.6999012340329701,11.796601717229432,52.812343271616164,Pass
SUP0096,B,6,0.03331679959104602,0.7124052026711957,19.548755328902722,49.742087564665574,Pass
SUP0096,B,7,0.03491438716807942,0.7749888278306303,18.019466775093456,41.16008034407638,Pass
SUP0096,B,8,0.051500131991538384,0.7479336579390445,21.542394591553773,50.39421232063553,Fail
SUP0096,B,9,0.050995281319481986,0.7318499301986571,21.23760276922658,62.678610304729276,Pass
SUP0096,B,10,0.04150466938248957,0.7234782963877165,14.325319691457796,58.71554444247409,Pass
SUP0096,B,11,0.04116169848482715,0.7480875306157969,16.023665598207753,55.46409517554366,Pass
SUP0096,B,12,0.05068364301344951,0.7541017052921531,16.310768583668978,51.59521166025366,Pass
SUP0097,B,1,0.03094276473129354,0.6781357617930722,17.56962222102759,53.10281099097928,Fail
SUP0097,B,2,0.047011188232217914,0.7746297896566193,13.084618342994908,44.158028930964356,Fail
SUP0097,B,3,0.05024472775440746,0.7634407957650898,20.309640424759774,50.32835876249382,Pass
SUP0097,B,4,0.054281008980588415,0.7110574901378263,15.890349127305146,51.6825849025732,Pass
SUP0097,B,5,0.029213643783725186,0.7447523901280388,14.929565152594027,52.76027511762888,Pass
SUP0097,B,6,0.033988738187405644,0.828840938962633,15.5990310394741,48.104852727833475,Pass
SUP0097,B,7,0.040838291991908734,0.7336958143595728,16.83778994134282,38.581900483244695,Fail
SUP0097,B,8,0.04589758778423973,0.7600092857833435,15.24727516016365,53.20607173143628,Pass
SUP0097,B,9,0.04625557162257882,0.7868767370726132,9.20440972976565,49.642027526332434,Pass
SUP0097,B,10,0.0432799385444859,0.8218216544411585,23.12046870478023,46.68344526712841,Pass
SUP0097,B,11,0.034193391492482725,0.7454016112028621,13.012227552403324,49.57893151823412,Pass
SUP0097,B,12,0.030622341151776908,0.7415917832487482,17.7790040734514,43.19806012591535,Pass
SUP0098,C,1,0.04446169664502331,0.8521133678660845,16.77374475757383,33.29625362533354,Pass
SUP0098,C,2,,0.7309782055109462,8.73674139234273,36.148143616859294,Pass
SUP0098,C,3,0.04210809485881666,0.8587768471200602,14.43993492657829,29.14968307177126,Pass
SUP0098,C,4,0.0411863117079686,0.7574099255474332,13.206020644577084,34.13321420286733,Pass
SUP0098,C,5,0.028430823078336033,0.8760901612038651,15.390963086622799,25.18645880635455,Pass
SUP0098,C,6,0.03127422516785716,0.7826619477405633,17.492734804046773,35.81433538824438,Pass
SUP0098,C,7,0.04784573953555139,0.8451755696394078,12.026385225619713,31.6239967960499,Pass
SUP0098,C,8,0.04050200040349308,0.7304857851011343,17.451515168788163,42.0571057465594,Pass
SUP0098,C,9,0.017422159095967515,0.8128482098400164,10.1651577559168,29.207138966772323,Pass
SUP0098,C,10,0.042905118545723556,0.7774609727928429,20.85175865940629,37.696472934913196,Pass
SUP0098,C,11,0.03338278470011845,0.8539851366540738,13.704435190872637,25.604523844676425,Pass
SUP0098,C,12,0.028345286823510257,0.7366171235654728,13.188638560363025,42.10046564489978,Pass
SUP0099,D,1,0.0449091760610508,0.7852987181391395,14.854593964477687,41.5941946875364,Pass
SUP0099,D,2,0.0390034268682642,0.7526664773933802,15.80525563557988,45.97421517887932,Pass
SUP0099,D,3,0.03553600101780967,0.7494718338370381,12.453238622668529,45.51383333712153,Pass
SUP0099,D,4,0.047923389116999573,0.7439957769558121,13.125708333151767,43.523984393547494,Pass
SUP0099,D,5,0.03648511062644489,0.7993041250378614,12.589225527784087,42.12138105186765,Fail
SUP0099,D,6,0.053801454237712515,0.7017407244199065,16.669109266733987,58.55817585213835,Pass
SUP0099,D,7,0.03906190188990295,0.8019575750745731,15.820482326267456,47.94600253869346,Pass
SUP0099,D,8,0.04750748184054615,0.781251301341962,14.048698268120978,35.60861764427107,Pass
SUP0099,D,9,0.045455626225486025,0.8378651919033019,13.610505041464009,42.37704009657479,Pass
SUP0099,D,10,0.0386605170254728,0.8258821306691828,12.872634400047605,50.59975278982226,Pass
SUP0099,D,11,0.0479528429214818,0.7456104836063489,19.724837150953324,46.714294699927,Pass
SUP0099,D,12,0.035957383791943166,0.7491363436246523,17.33471919377338,52.9454893766549,Pass
SUP0100,A,1,0.036581473072842534,0.720879940229161,18.271035970334786,53.03200641252159,Pass
SUP0100,A,2,0.044548483830303125,0.7756946332832878,22.89001855898765,56.71498205095237,Pass
SUP0100,A,3,0.05926534381232626,0.7299727444029125,21.53812901535056,64.10253238783946,Pass
SUP0100,A,4,0.04029203888224754,0.6825888327470668,15.909086846567227,60.79362229695752,Fail
SUP0100,A,5,0.061012065239113254,0.6975388095452514,19.287833881283756,68.43542064068204,Pass
SUP0100,A,6,0.03245024885298513,0.7291495457471933,24.411774700600414,64.44776086762828,Pass
SUP0100,A,7,0.048486562408942835,0.7616399897006774,16.546796070038596,56.02974638882475,Pass
SUP0100,A,8,0.028365999228944953,0.7028868665182637,16.8510800031302,57.32041929697891,Pass
SUP0100,A,9,0.031508033569510444,0.7362763218414264,12.096927764119416,66.41927277397556,Fail
SUP0100,A,10,0.04190736372406907,0.6621892635608451,22.837751171743136,62.016601901347634,Fail
SUP0100,A,11,0.045824731477517346,0.7243068776794886,19.13155199097244,58.113131781651894,Pass
SUP0100,A,12,0.06175052584058417,0.7732300521978842,20.673663243431914,64.29190605049658,Pass
SUP0100,B,1,0.050346336663345245,0.7252024204216935,20.81545204003981,62.402655986035825,Pass
SUP0100,B,2,0.05901910249514074,0.7274097067967858,23.388740202696958,62.87709035889104,Pass
SUP0100,B,3,0.032229666187066595,0.7134659724019553,20.104283942701695,58.249461656335576,Pass
SUP0100,B,4,0.055170154884123884,0.6953905470358589,17.335752654996497,68.08014728450172,Pass
SUP0100,B,5,0.045697630630237795,0.7955609317346547,18.278129046316,58.241113637483274,Pass
SUP0100,B,6,0.05839353003247552,0.646546948732255,20.733336745791348,68.75583493368183,Pass
SUP0100,B,7,0.045271837018225035,0.6912491858250793,23.12523055768129,66.92092790986892,Pass
SUP0100,B,8,0.04049133314674213,0.7821922700050774,22.465870945162393,72.84158508550522,Pass
SUP0100,B,9,0.048044184548528615,0.7408066470693901,21.367984380673313,60.872561357288006,Pass
SUP0100,B,10,0.042464234899247645,0.7450210332729746,13.380298273141518,57.878724606582075,Pass
SUP0100,B,11,0.044710993771540225,0.7245985738872818,12.360796332631732,72.97139625102467,Pass
SUP0100,B,12,0.05494748374503483,0.6516728681609882,19.178779513353593,75.7878086903292,Pass
SUP0101,D,1,0.040303647971492516,0.7908643355819078,14.351184639380328,52.35299717043014,Pass
SUP0101,D,2,0.039975729418782344,0.7806332189015074,20.59772550330804,51.235850191819836,Fail
SUP0101,D,3,0.05387565068736233,0.7401382568024961,17.59560396640888,58.823023815217276,Pass
SUP0101,D,4,0.04181742844954939,0.7345014869293524,20.83985463313705,56.519612967349765,Fail
SUP0101,D,5,0.05462534941896924,0.734021393997233,20.03385464576899,57.583044393127096,Pass
SUP0101,D,6,0.05553784882293987,0.61909224277005,20.523148366554285,72.80557449366067,Pass
SUP0101,D,7,0.05198350120208503,0.6870541236798344,17.9708515973633,63.4495014069221,Pass
SUP0101,D,8,0.05123571132490509,0.6745839321620352,20.98634560929479,61.6613319747973,Pass
SUP0101,D,9,0.061621095399582014,0.6977428100841061,25.718217394530466,71.93895401242528,Pass
SUP0101,D,10,0.055666411051502614,0.7199169097266571,22.437818299011667,64.35410157538779,
SUP0101,D,11,0.039999638450388196,0.792384913521891,19.207483886449143,57.296090014765575,Fail
SUP0101,D,12,0.06951500251280349,0.6372978051532018,17.608738338434158,79.23416558448733,Fail
SUP0101,B,1,0.034387416597866594,0.7829488579784408,17.022203566291203,56.04543724224522,Pass
SUP0101,B,2,0.05208603745468294,0.7716740197992957,24.575358408090786,56.81952481785265,Fail
SUP0101,B,3,0.0339940602909042,0.6829159592009487,16.212988216261138,62.388686981455095,Pass
SUP0101,B,4,0.06461089773280831,0.6261308156660832,26.151654987051145,67.31361048122835,Pass
SUP0101,B,5,0.03273887553431891,0.6998056701083752,15.21257181408163,60.41769598920454,Pass
SUP0101,B,6,0.05148741207405033,0.7071565617028883,21.51058281168234,63.09424358804111,Pass
SUP0101,B,7,0.046784326497893346,0.7456966907829162,19.897655726561332,61.05930028107665,Pass
SUP0101,B,8,0.05561993908355335,0.6839682006671308,23.228270181835832,67.4262126454031,Pass
SUP0101,B,9,0.050100758560169656,0.6792528104209691,15.746927463006458,69.10615744344518,Pass
SUP0101,B,10,0.046697902131602194,0.6906701936367137,16.496590907078257,69.88451418946515,Pass
SUP0101,B,11,0.03587406220742134,0.7460622962220841,23.17880661200077,60.75180452906987,Pass
SUP0101,B,12,0.05022095237340093,0.7891833721386405,20.436124542414486,65.82165762149958,Fail
SUP0101,C,1,0.04857300435796489,0.6907604799218262,16.640755341570408,61.075256579308316,Pass
SUP0101,C,2,0.05119564937849721,0.7044806818437906,21.20397544680154,61.70029772374779,Pass
SUP0101,C,3,0.04822071105414679,0.6666321958406228,18.384726037111314,65.27730920346515,Pass
SUP0101,C,4,0.06442532998237571,0.6144147285207978,25.136788860902556,66.23114376862858,Pass
SUP0101,C,5,0.04984376996857087,0.705966407476575,17.822869311265087,72.08613619046673,Fail
SUP0101,C,6,0.06886174878929162,0.76882242532838,23.275115045129485,73.27377967281966,Pass
SUP0101,C,7,,0.7790853103091055,16.464535498521933,54.922023062647426,Pass
SUP0101,C,8,0.05299052623750948,0.7039154408904832,19.693902453962046,58.986070297159074,Pass
SUP0101,C,9,0.056593675001956716,0.7031705682075331,18.2953910575703,65.25249700136857,Pass
SUP0101,C,10,0.07148197310654808,0.6163733673755429,21.2327220611502,81.72982656269217,Pass
SUP0101,C,11,0.05726992970207209,0.715282700797472,19.593146680108234,67.0593568890355,Fail
SUP0101,C,12,0.054066097164157924,0.6094015971790842,16.145325566906706,74.01751184999395,
SUP0102,A,1,0.02606143371098614,0.7903045283355865,12.425095258994718,39.90857741751826,Fail
SUP0102,A,2,0.031520732066402074,0.7876566252480854,13.637284543268844,42.40861321748048,Pass
SUP0102,A,3,0.035566267509890545,0.7876505657953492,14.811159638289134,45.30170432496653,Fail
SUP0102,A,4,0.03530229409958552,0.7830303339583902,10.38368716794855,32.028881093771865,Pass
SUP0102,A,5,0.0497180460980488,0.8346481769577783,21.409129768306368,32.878266867696965,Pass
SUP0102,A,6,0.037508268446367496,0.7813761367709516,13.01471490030185,42.11580289463667,Pass
SUP0102,A,7,0.022290419091361702,0.7668292794187872,14.624589758021198,36.491031591645736,Fail
SUP0102,A,8,0.03141578150401765,0.753218718763994,20.406110119651025,37.48076006616452,Pass
SUP0102,A,9,0.025232271131047358,0.8459576287029376,12.615721431144127,38.43040187818005,
SUP0102,A,10,0.04406597910345357,0.7447078117177746,20.884311533264015,51.48576513710478,Pass
SUP0102,A,11,0.041480028026607114,0.8425595945762219,10.539477532531038,41.03797344683325,Pass
SUP0102,A,12,0.03637232380400977,0.7621633676817403,18.31335067736603,42.19690660594874,Pass
SUP0103,A,1,0.062043031253266163,0.6320343236777283,17.180118241279825,68.74505237414894,Pass
SUP0103,A,2,0.04486875436909212,0.6890102397243829,14.51231537943303,64.9107216887921,Fail
SUP0103,A,3,0.059365011542306154,0.6804018051450981,15.91249679920262,64.38212192503356,Pass
SUP0103,A,4,0.05267427936985113,0.7334533760349998,20.105334045102595,71.43564817947326,Pass
SUP0103,A,5,0.0512598133879024,0.6706302550625746,16.425109176040266,61.54306371617966,Pass
SUP0103,A,6,0.06431010050773825,0.6907079720293525,20.678751250873415,76.89121701406758,Pass
SUP0103,A,7,0.06051951547416405,0.6884132019821148,17.2939938170808,66.21728572214683,Pass
SUP0103,A,8,0.055529341544509614,0.6678469233460339,18.480124598979792,78.96118767899739,Fail
SUP0103,A,9,0.03620459750214503,0.7401622695311825,20.810964389915924,64.30681480250973,Pass
SUP0103,A,10,0.04440194432640015,0.7210831374358967,20.422532422122266,58.68369744073564,Pass
SUP0103,A,11,0.0618468006439581,0.6502052761491807,18.648782230054515,83.68183329292538,Fail
SUP0103,A,12,0.06014998607879073,0.6177052220439628,17.969581890962353,74.03160488770935,Pass
SUP0103,D,1,0.04652536565932559,0.6624922334863161,21.808815231089685,67.80407909756636,Pass
SUP0103,D,2,0.048818960781199225,0.6177444075077698,23.07277090849197,80.67094534085183,Fail
SUP0103,D,3,0.05860519163886888,0.730686265099358,18.84346073103972,71.69573130574324,Pass
SUP0103,D,4,0.061676606002027866,0.6923874085329318,25.622411649424038,75.91826610212898,Pass
SUP0103,D,5,0.05479834041546237,0.7477308149015486,19.57796936711042,56.14590599880107,Pass
SUP0103,D,6,0.057677700282232444,0.6793780053905615,15.997033651472186,70.35777307381693,Pass
SUP0103,D,7,0.058041446638449165,0.6724319883001408,21.413860756720435,76.66102568155584,Pass
SUP0103,D,8,0.06045489823969679,0.6730270230131098,17.692931654915558,73.23319931945649,Pass
SUP0103,D,9,0.06082475477664312,0.6300859419114639,17.41963039679122,66.28916546296774,Fail
SUP0103,D,10,0.05857166658279275,0.7584999970031646,28.324119583147105,71.9935756335141,Pass
SUP0103,D,11,0.03970712847914297,0.6873636673327412,15.175558117072462,68.40975880780417,Pass
SUP0103,D,12,0.06555246724534565,0.6220215476802766,24.868821335492317,78.34611076519288,Fail
SUP0104,A,1,0.032859315525727295,0.7765094180276458,18.889755878907028,49.34586408141875,Pass
SUP0104,A,2,0.030272487078255993,0.7083288582719457,21.036755315445156,49.045985897318204,Pass
SUP0104,A,3,0.03839717554387952,0.8003768057666608,22.485898832140503,46.58863646209096,Pass
SUP0104,A,4,0.039833567735272836,0.7044881448227334,17.195689737827916,55.078522104074885,Pass
SUP0104,A,5,0.0338792868968357,0.6519611683161918,20.70113803076872,69.91127935597456,Pass
SUP0104,A,6,0.029659319419496812,0.7853727865880233,16.70252536563856,49.216651129390506,Pass
SUP0104,A,7,0.04650043368697157,0.7927787762793786,18.45750688028287,55.20509971755678,Pass
SUP0104,A,8,0.050192375762385555,0.73925450369325,22.36688526599111,58.82815658637274,Pass
SUP0104,A,9,0.05164495787460467,0.73889909897042,14.139666305670918,60.602821453981925,Pass
SUP0104,A,10,0.055348936968448226,0.8308178278969902,18.275393659440343,49.489778201817714,Pass
SUP0104,A,11,0.05897430747663538,0.7061514594711582,17.822947013188376,57.29816925989553,Pass
SUP0104,A,12,0.05425075270726305,0.7524946380281278,15.497095962333546,52.315584786136434,Pass
SUP0104,B,1,0.027756868282329823,0.7445292664209907,21.44171502667671,57.70817035866402,Pass
SUP0104,B,2,0.03989846370080177,0.7418323899114725,19.075807151527815,59.67952991725541,Pass
SUP0104,B,3,0.04113328973911179,0.7346908165564463,13.764691899693346,59.642146577158286,Pass
SUP0104,B,4,0.021766893563315813,0.7534346529399081,16.81752406473201,47.650827305217874,Pass
SUP0104,B,5,0.06554485235234961,0.7752935850523668,17.361180863300948,62.211417966889194,Fail
SUP0104,B,6,0.036773529201143615,0.7323100327291221,15.152171779586528,49.85716892399059,Pass
SUP0104,B,7,0.05120916133006166,0.7349381998495134,15.404632074930086,53.929898901523224,Pass
SUP0104,B,8,0.051589357709019346,0.6861157260237649,20.44538813276504,62.097771202148934,Fail
SUP0104,B,9,0.039909998293496216,0.6867988831988887,15.723828809272803,64.89575437542163,Pass
SUP0104,B,10,0.0328631810618742,0.7748695887278199,18.65504186472009,57.70077703996159,Pass
SUP0104,B,11,0.05415854599759674,0.7717452727667344,7.649049617739518,51.35425043636535,Pass
SUP0104,B,12,0.05813366811382404,0.7475753947888898,19.18687862569393,68.60594547377934,Pass
SUP0104,D,1,0.038400089912689575,0.7414196946071082,17.76898393172383,45.737866019361924,Pass
SUP0104,D,2,0.027458726462357766,0.7491338404796308,20.100866013245557,41.361621051404605,Pass
SUP0104,D,3,0.058156428248104006,0.7980473959908737,15.791054394502648,51.14364195233195,Pass
SUP0104,D,4,0.042573372153507295,0.6956906797423862,22.110807239184503,53.1488410089305,Pass
SUP0104,D,5,0.06742995814040677,0.7639151976748354,16.81107757953313,59.573779351596535,Pass
SUP0104,D,6,0.03720448475607466,0.787926777816022,11.177257265508677,49.881640777019705,Pass
SUP0104,D,7,0.04072236625048336,0.7860573285646828,19.51760302743318,47.972120347274895,Pass
SUP0104,D,8,0.05302413861931937,0.75323365323596,22.442603911234965,56.92780831069111,Pass
SUP0104,D,9,0.04608485146373803,0.7490232905545489,15.167212867614747,55.54235964012391,Pass
SUP0104,D,10,0.06021048810887055,0.7346024008256622,21.797692509866952,68.04964899693957,Pass
SUP0104,D,11,0.04947915275973523,0.666181896984517,16.94085619954294,60.03441334813425,Pass
SUP0104,D,12,0.050787486482280424,0.7059976816706466,23.512833451776743,78.49117184704517,Pass
SUP0105,A,1,0.04150142940054336,0.7059640397839451,21.031047239148666,75.35960487351636,Pass
SUP0105,A,2,0.045640028611535675,0.7543796468801461,18.68695502588358,74.88339519750015,Pass
SUP0105,A,3,0.06576516985669777,0.6568307422894029,21.40236080580101,70.61952588355517,Pass
SUP0105,A,4,0.07755025587729464,0.6702789681911435,22.4030343885236,90.2035097179648,Fail
SUP0105,A,5,0.055070352247668736,0.7019434753255577,19.36838892165255,68.51429045563192,Fail
SUP0105,A,6,0.054588296522792255,0.6236195667806801,18.035798796712214,79.62261856040647,Fail
SUP0105,A,7,0.05323512711628984,0.656489157601558,19.81651572510087,84.2913617680521,Fail
SUP0105,A,8,0.06255830173167719,0.7275847975840265,17.80810187649314,70.56228149397695,Pass
SUP0105,A,9,0.04216489301071663,0.6715856656143006,16.565021424446222,82.71277844935337,Fail
SUP0105,A,10,0.06489985935714013,0.6262000773675589,17.103812358033217,76.9998390795711,Pass
SUP0105,A,11,0.06585149552560579,0.6181037841558517,22.408008719824924,85.34402820285091,Pass
SUP0105,A,12,0.057209871135450216,0.6567052802904956,21.3255170346535,76.354400158446,Pass
SUP0106,A,1,0.0486428812093304,0.7962925447006085,12.33834210901042,38.27440061244295,Pass
SUP0106,A,2,0.051970287783002625,0.7829597272875255,15.210611631907831,55.35575254074675,Pass
SUP0106,A,3,0.0272380789227318,0.8213595264544891,16.5035474950635,37.46914500657816,Pass
SUP0106,A,4,0.03817063720944202,0.8038717978773329,23.62446020709031,45.390838401107686,Pass
SUP0106,A,5,0.032070770523872784,0.8258548525786343,20.066153138355247,36.50361176875518,Pass
SUP0106,A,6,0.04199502986166181,0.7182548914206179,14.198184241325606,51.687039390655634,Pass
SUP0106,A,7,0.0314197097151935,0.7342624779723148,12.626291505393468,42.3453367762001,Fail
SUP0106,A,8,0.05784664702677564,0.7700139783289359,19.620876340103784,53.10603980654963,Pass
SUP0106,A,9,0.043148554103888404,0.8279450219018881,15.34228852243998,40.47439533889938,Pass
SUP0106,A,10,0.034918655907845236,0.7465499410355596,18.384728496817903,58.85243625968511,Pass
SUP0106,A,11,0.023117851187865045,0.7332226387139219,16.697665911321334,46.62277464160695,Pass
SUP0106,A,12,0.04008880930898334,0.7107707036722712,19.85476585088398,51.186762721318736,Pass
SUP0106,C,1,0.04787480934187688,0.7698520734988868,16.138501691649545,47.637833316337954,Pass
SUP0106,C,2,0.042641338212125686,0.7617366685356743,15.49962528442916,44.61014665128341,Pass
SUP0106,C,3,0.05741196144779281,0.7835717990967614,24.208153789426397,56.74178326796376,Fail
SUP0106,C,4,0.035557911583930416,0.7482662350605356,18.798711682179466,57.76750007661613,Pass
SUP0106,C,5,0.0425131250155043,0.8223261844353783,17.463844107873992,40.792981562819506,Pass
SUP0106,C,6,0.04925619934905974,0.7957616528440373,14.346906714649604,44.52279476022947,Pass
SUP0106,C,7,0.04494582051885657,0.7454775354902745,23.0423810376557,50.285315488173154,Pass
SUP0106,C,8,0.06619039276086787,0.773847739056422,17.19426470357705,45.826996979982795,Pass
SUP0106,C,9,0.04906797007905206,0.8334552363018728,19.967175796392794,51.66674838274305,Pass
SUP0106,C,10,,0.6564368212180272,21.763512787167027,60.80830772291271,Pass
SUP0106,C,11,0.041022489378295585,0.8164689808590079,16.49889149906132,46.12446850085618,Pass
SUP0106,C,12,0.05280082631720786,0.7368708690208303,19.949745096263058,54.51523610534848,Pass
SUP0107,C,1,0.0366197224449091,0.8949616888982306,18.034689935720984,43.404798873742,Pass
SUP0107,C,2,0.041686151725728995,0.7400406175200448,16.57347631138687,40.05819946576415,Fail
SUP0107,C,3,0.04802649392321055,0.8370293507988724,16.514717679464084,40.65442688200993,Pass
SUP0107,C,4,0.05094764568118683,0.7505914025523208,17.331552710265107,56.10520906193259,Pass
SUP0107,C,5,0.0383074395204476,0.7479048887655588,10.771568467907988,45.264753615717424,Pass
SUP0107,C,6,0.056905583669239826,0.779130807414144,26.041953371625773,56.74301848641896,Pass
SUP0107,C,7,0.04958448172689327,0.7784205160333982,19.956722163699833,43.47205111205341,Pass
SUP0107,C,8,0.04786853308522763,0.7234766985854139,17.096340776693207,45.85453961859029,Pass
SUP0107,C,9,0.03436756902565979,0.7565286848954517,16.034318629915706,53.866348428904836,Pass
SUP0107,C,10,0.03494493477820319,0.7655013829211241,14.700481794936973,46.71558898151487,Pass
SUP0107,C,11,0.038513363635161654,0.7439843225870775,20.657665623367194,52.603291620184564,Pass
SUP0107,C,12,0.04680432431901599,0.7848043398311532,15.125453447668558,45.982544171001116,Pass
SUP0108,D,1,0.062208816478351865,0.6671681485647232,16.501912725046104,87.69247776781931,Fail
SUP0108,D,2,0.06723280893060576,0.6776060398695822,22.409871789481556,83.54935598621796,Fail
SUP0108,D,3,0.05567885976036861,0.7328588077633098,16.19578537140972,77.7594830558799,Pass
SUP0108,D,4,0.05185728341092412,0.6615592671303084,20.09293563935397,68.6072886587876,Fail
SUP0108,D,5,0.06863257787054827,0.5755660486639371,26.495600099909012,81.40933115674801,Pass
SUP0108,D,6,0.05803773803450715,0.6203630754107115,11.968668662493698,75.18569496808294,Pass
SUP0108,D,7,0.05348630254173897,0.6822576596724034,20.012397165121932,83.71941784932183,Fail
SUP0108,D,8,0.07326997828923819,0.6292535996186087,21.691481530794185,90.53425072861216,Fail
SUP0108,D,9,0.06383990054138297,0.6631751308182501,18.489193049903832,99.0,Fail
SUP0108,D,10,0.05665590515817801,0.6657966283209799,25.81639941867833,78.76718009304248,Pass
SUP0108,D,11,0.06739563925249548,0.5536568471606848,20.005909484559727,79.8364918203519,Fail
SUP0108,D,12,0.07014473419836928,0.6693128256322732,28.449047134157336,95.08123082938368,Pass
SUP0108,B,1,0.06707284255458512,0.6479885031775219,24.10752840442583,78.15109253861225,Fail
SUP0108,B,2,0.05149484201767899,0.6374585635175053,17.333428399008913,71.67682134491207,Pass
SUP0108,B,3,0.05837749910126839,0.5779501351362109,23.414356180237156,88.76400529412493,Fail
SUP0108,B,4,0.035815514758358605,0.6236750968423366,27.60807490685173,82.88055637663383,
SUP0108,B,5,0.05378669563546667,0.6421580287235713,24.34087196321551,82.35444841143476,Pass
SUP0108,B,6,0.054605302808339314,0.6986287989132914,21.297111035114998,72.39363336860735,Pass
SUP0108,B,7,0.0600102370581383,0.6058436451210203,16.99099357475116,80.62131527196397,Fail
SUP0108,B,8,0.06571793499427644,0.6034657603285728,18.184447726398247,86.47116351921726,Fail
SUP0108,B,9,0.06998502213337489,0.6387399887700232,24.41336898933165,83.83449924252511,Pass
SUP0108,B,10,0.056327116145324096,0.6719145212547523,14.499292157379475,69.61252841683509,Pass
SUP0108,B,11,0.04896506913952464,0.6570121155218942,18.06316834715927,79.12967353678862,Pass
SUP0108,B,12,0.04677058444648634,0.6363393252295246,21.76023357020647,84.11781302157462,Fail
SUP0108,C,1,0.05238648791551401,0.6340663262639232,19.96449894820604,83.25593492578642,Fail
SUP0108,C,2,0.07105970627910212,0.6696908927467203,27.82485249118817,81.77492376333882,Fail
SUP0108,C,3,0.04685306800364396,0.6656446490280199,21.493907896963286,75.64992372168165,Pass
SUP0108,C,4,0.07423114721842747,0.640268559552198,15.6029128871138,91.13271428481937,Fail
SUP0108,C,5,0.05960944084449511,0.716606254025825,25.92269225078314,77.87742872102753,Pass
SUP0108,C,6,0.05526978542013243,0.6687074325110254,20.24440394268622,84.21124539631306,Pass
SUP0108,C,7,0.06515500501554294,0.6605552633464694,14.315587800963513,75.01132177977838,Pass
SUP0108,C,8,0.06507456916979652,0.6031192704564811,21.06798267539832,82.91305361652695,Pass
SUP0108,C,9,0.056854023024591305,0.605748884387365,18.91568304064792,92.84531682091385,Pass
SUP0108,C,10,0.08543728982194229,0.5660433209433952,19.787781163246436,93.23944478631573,Pass
SUP0108,C,11,0.05104320559924571,0.6642165795768423,20.79585035268105,81.70244238775967,Fail
SUP0108,C,12,0.06988390404613763,0.6382761891379538,24.346284601196675,80.38431122239214,Pass
SUP0109,B,1,0.04285541171582839,0.7135249388524352,17.066411377229667,59.79237075045208,Pass
SUP0109,B,2,0.04188335982755584,0.7679873515196917,21.060296827965796,53.28759490556597,Pass
SUP0109,B,3,0.049209755181563807,0.7202998383794406,18.857637169789736,54.61194466531691,Pass
SUP0109,B,4,0.050791971233403815,0.8197727706956205,18.514940624440428,47.89480097654189,Pass
SUP0109,B,5,0.03720568459897474,0.6846344227887257,20.480874597346425,55.77370610179006,Pass
SUP0109,B,6,,0.7529162362378139,17.72521505822531,61.3144636480968,Pass
SUP0109,B,7,0.04443157746586004,0.6565649465708105,26.67310077552914,71.96609509430209,Fail
SUP0109,B,8,0.06471518748173562,0.6658438212570328,19.886966135157703,69.99393061737736,Pass
SUP0109,B,9,0.046997147164949876,0.7117956251073314,14.49425704827313,70.1036012689136,Pass
SUP0109,B,10,0.04188749589670911,0.6921677889899236,15.697071711352148,60.98743067304661,Pass
SUP0109,B,11,0.04778690869190673,0.6783072410211557,20.174478488067063,64.85354513455506,Pass
SUP0109,B,12,0.03929794568086954,0.7309921936785811,18.677366784170317,57.362250023398545,Pass
SUP0109,C,1,0.04432771227161522,0.8109931409188536,19.579912097852638,52.459621811923306,Pass
SUP0109,C,2,0.04354238393876508,0.7738512826175253,16.59345957427067,49.25042037472949,Pass
SUP0109,C,3,0.04205125694267021,0.6871033293829042,18.73824809248158,49.540190230417835,Pass
SUP0109,C,4,0.0536417597563845,0.6881284676036871,16.357265829828204,66.99115687724857,Pass
SUP0109,C,5,0.04055785624423098,0.7438107485154782,17.272711091681444,52.340008096472886,Pass
SUP0109,C,6,0.06288318421332197,0.706528265163106,22.56081767483258,74.72356367283865,Pass
SUP0109,C,7,0.04538632378570678,0.7926445291095906,23.831483884833812,50.040642891435255,Pass
SUP0109,C,8,0.05539311349896092,0.684374208291608,16.590347816664345,70.66913853524788,Pass
SUP0109,C,9,0.05248632869968117,0.7157098069981669,16.32177428720235,64.26827940895441,Pass
SUP0109,C,10,0.059107605129450506,0.6794557531012456,18.661280175726116,64.5052946893075,Pass
SUP0109,C,11,0.05795353094207327,0.6021359538541674,16.847492800214685,64.14590828670626,Pass
SUP0109,C,12,0.06126617472098879,0.7204267790377503,13.051270817146715,64.76574652956866,Pass
SUP0110,C,1,0.049168087364517575,0.7540203189587248,14.678382175365417,40.83316166895209,Pass
SUP0110,C,2,0.04613852372274004,0.778905142496321,15.291429364587485,40.08988327642307,Pass
SUP0110,C,3,0.05293420391836227,0.7376970685281002,10.535955681584669,44.18163173528423,Pass
SUP0110,C,4,0.0297884188182822,0.770700241710908,14.331420170788807,36.20523838839389,Pass
SUP0110,C,5,0.03960613688061213,0.7973627702392915,12.150774428107667,41.37939114169013,Pass
SUP0110,C,6,0.040945199958595024,0.7500005418616842,15.539732587989386,36.18310714081907,Pass
SUP0110,C,7,0.05033134691815667,0.8250032191586567,15.698601278935751,39.35101142911668,Pass
SUP0110,C,8,0.042220850265051124,0.8437366977230819,14.00816989496383,41.50354095017027,Pass
SUP0110,C,9,0.04120377774994252,0.7834845116752374,21.434147476213806,49.31372433894826,Fail
SUP0110,C,10,0.04412284665838193,0.7102226093844086,19.26323865300248,51.04930708085826,Pass
SUP0110,C,11,0.03990425562523899,0.7712083503483033,14.713572510310113,41.773317567069085,Pass
SUP0110,C,12,0.04311220999551652,0.7387366553102639,18.318234971464673,46.83959268263221,Pass
SUP0111,C,1,0.028507950539308803,0.7853244983548644,15.940788762897515,59.35221472738746,Pass
SUP0111,C,2,0.0331389127335552,0.8218033974923113,18.13723064305552,50.74625352893859,Pass
SUP0111,C,3,0.03924202980313079,0.7637336568671645,12.355751449951466,42.69801127610681,Pass
SUP0111,C,4,0.055761479289973305,0.7546726798396906,21.35710367588479,56.80894876650065,Pass
SUP0111,C,5,0.03925298187704156,0.7272727539034226,16.387079405429066,54.15235304372493,Pass
SUP0111,C,6,0.04443658365692016,0.7332500779844715,17.621351634956987,51.737136418323246,Pass
SUP0111,C,7,0.04580351153077334,0.7633691903319719,15.291878391243833,48.45277995502936,Pass
SUP0111,C,8,0.033097750323424796,0.8221646061865984,12.748636434797508,54.063447239355924,Pass
SUP0111,C,9,0.04927337711840615,0.7025610013710236,15.143439337056494,59.028321304177226,Pass
SUP0111,C,10,0.04484589376623214,0.7455751554352124,18.161957650063364,57.455588858991874,Pass
SUP0111,C,11,0.05224721934243201,0.6939226639839838,16.822021606226574,58.63747887408312,Pass
SUP0111,C,12,0.04924846805679271,0.7452775703364927,20.484026659678094,57.895724175172795,Pass
SUP0111,B,1,0.025191822194107615,0.7805957325779698,13.587464944192577,48.55683506039702,Pass
SUP0111,B,2,0.04712214876181801,0.7850026253346699,17.54176306031185,45.87437795416007,Pass
SUP0111,B,3,0.05570856965926176,0.6988373777598866,22.8607815375036,55.42084019441487,Pass
SUP0111,B,4,0.033072304435604896,0.7752609336578317,15.322565601304493,40.31793250315078,Pass
SUP0111,B,5,0.049985706095257945,0.7898240366887703,17.396714862360938,50.44813679352728,Pass
SUP0111,B,6,0.03901378637899572,0.7398866378122545,14.543419863197206,55.14699035640907,
SUP0111,B,7,0.05816582099434291,0.7011880664816927,19.250096983335986,63.234944624169806,Pass
SUP0111,B,8,0.034005583718697094,0.7468826620287192,20.79471323294717,57.32661965380823,Pass
SUP0111,B,9,0.040260189430199,0.7975431623976222,13.204499593819232,51.01229731717762,Pass
SUP0111,B,10,0.04605276534353085,0.6655975879863443,19.024235879658328,62.93803905893313,Pass
SUP0111,B,11,0.06389940630747142,0.6558599101323306,17.067463628557192,72.28484342765252,Pass
SUP0111,B,12,0.04185762396800175,0.7198142971621915,19.670443738981835,61.67476861855485,
SUP0111,D,1,0.05187641647846683,0.7516526859806176,17.214276682218195,54.49745735418467,Pass
SUP0111,D,2,0.041603690070436794,0.7453607882832364,20.92159753063583,56.81328232318661,Pass
SUP0111,D,3,0.05313790793834135,0.751125575958781,24.00775525705544,56.669608043908866,Pass
SUP0111,D,4,0.044489777288642327,0.7336173222026148,14.611164859836913,52.942277957580934,Pass
SUP0111,D,5,0.04514511930401583,0.6459127501475266,16.762595570108253,54.1970482728638,Pass
SUP0111,D,6,0.04382566365074715,0.7148607386121372,20.49097533329224,59.87364571009344,Pass
SUP0111,D,7,0.054485104091736625,0.7820069275185029,15.466341167490466,54.08966018174771,Pass
SUP0111,D,8,0.05088068935358284,0.7553902615852734,20.333010695143184,54.582825569968286,Pass
SUP0111,D,9,0.046910118466931175,0.6506120737085005,23.133484587907866,64.8873478781823,Pass
SUP0111,D,10,0.04460968200801191,0.7092438042393062,14.789602170820977,57.561703598037646,Pass
SUP0111,D,11,0.04767768855000837,0.7600286261014574,19.039828140286353,56.962117170058406,Pass
SUP0111,D,12,0.06079607281128446,0.7367268713549573,25.473464403561763,66.44004494105626,Pass
SUP0112,A,1,0.019020534516080146,0.7522227550622854,12.986764604727028,29.777585310373777,
SUP0112,A,2,0.02824996988160677,0.781772811819293,13.00018678243692,23.82614730806079,Pass
SUP0112,A,3,0.032505273436795545,0.761113800892324,15.693936285749748,37.62332264929993,Pass
SUP0112,A,4,0.01970936037350118,0.8847215120074443,16.390141892358937,15.13199541954323,Pass
SUP0112,A,5,0.016271273452288244,0.8779873642348762,13.976705340623756,28.07582347129496,Pass
SUP0112,A,6,0.032520526154517025,0.7811548908157272,14.091971607603073,32.06567758375797,Pass
SUP0112,A,7,0.03464591182282445,0.8274934553665756,12.495991337255319,27.591855399086853,Pass
SUP0112,A,8,0.03966845934303741,0.8113002516935576,13.797598190533764,34.285249268645316,Pass
SUP0112,A,9,0.020209376222254584,0.864374339003974,15.07707816139477,37.00550281219714,
SUP0112,A,10,0.018572059609660727,0.8606569050919922,15.340134934854046,28.34455044234513,Pass
SUP0112,A,11,0.031047016836802912,0.799384437384419,15.90782872245172,28.235014570112217,Pass
SUP0112,A,12,0.029709351688532615,0.8222588935725379,13.62825952599278,29.72091042156888,Pass
SUP0113,A,1,,0.689565145291283,15.646682868806483,58.68623329520583,Pass
SUP0113,A,2,0.06041984522696629,0.640502837668133,18.081598237145045,66.82996598982331,Pass
SUP0113,A,3,0.06023214527394151,0.7131230067693799,12.705740585375352,63.17815630147129,Pass
SUP0113,A,4,0.04651508857245598,0.6985108409008416,21.294964428454655,69.2598754793697,Pass
SUP0113,A,5,0.06590930187096149,0.7487731229499252,13.21505954515725,72.00172713024163,Pass
SUP0113,A,6,0.046338362483078474,0.6693863488098666,19.271308403127087,78.35743588866637,Fail
SUP0113,A,7,,0.6847788061898002,23.503495406075448,79.48209046833286,Fail
SUP0113,A,8,0.03682339440064851,0.6582687985209407,17.345352811510146,75.04662944350207,Fail
SUP0113,A,9,0.05542868337930061,0.7085387527190736,19.580723200288194,64.2868273483842,Pass
SUP0113,A,10,0.04131636956923878,0.6498779144288749,22.008043619748218,80.21118364048097,Fail
SUP0113,A,11,0.05956681343102865,0.6230552577260774,16.12426728334773,77.22725811956235,Fail
SUP0113,A,12,0.04532935165823213,0.6664320133790009,13.150962264319556,75.21723316133358,Pass
SUP0114,D,1,0.03780883298517804,0.7498685983713449,11.84443810918166,53.60299095998617,Pass
SUP0114,D,2,0.048846215258290124,0.7252730114014474,14.231602242733814,57.64322599185901,Pass
SUP0114,D,3,0.06175191525606955,0.6465068561588513,16.965361321796177,72.21709858770865,Pass
SUP0114,D,4,0.05608927704610312,0.6986678783747455,9.028919178217144,68.3246016401287,Pass
SUP0114,D,5,0.049063269837638424,0.7736820130617218,16.348530778781704,53.31916333922999,Pass
SUP0114,D,6,0.0371380631895279,0.7167999471893987,22.57380445304461,70.11835028005397,Pass
SUP0114,D,7,0.05931123361849865,0.6596673645267479,22.38199158611628,75.5359879798233,Pass
SUP0114,D,8,0.05992637845822376,0.7159813430795723,19.607091098107233,69.68657035183126,Pass
SUP0114,D,9,0.03685370421233926,0.6693296196046653,22.25890866038723,75.70061822564311,Pass
SUP0114,D,10,0.058279848567513746,0.6990133191569097,12.804406098245542,67.33648390990552,Pass
SUP0114,D,11,0.057361077746358055,0.6960193014357138,20.30341702645647,62.96320878549066,Pass
SUP0114,D,12,0.05088297752482697,0.7160387263366425,15.248333339083135,69.50990086926438,Fail
SUP0114,C,1,0.059624155771733,0.6718971575778994,19.417814831616447,66.22096480206181,Pass
SUP0114,C,2,0.25,0.7319794104381614,33.57408681753954,69.52610880086566,Pass
SUP0114,C,3,0.05315028491673767,0.7271116641197664,15.100690340802572,61.494953610317005,Pass
SUP0114,C,4,0.056509667604219695,0.6695317106838811,22.992380465457863,67.91848253352963,Pass
SUP0114,C,5,0.05137353080098052,0.7383471259709941,17.895430870398755,61.24161580621586,Pass
SUP0114,C,6,0.15181429440511182,0.6671309663445409,41.49229150954797,62.84970524415569,Fail
SUP0114,C,7,0.05262930336407524,0.7162761244670164,20.744343583858964,62.401875474870906,Pass
SUP0114,C,8,0.04914389640638194,0.6982947137205732,15.023802323649052,64.40974733469778,Pass
SUP0114,C,9,0.03981271468323572,0.6717075788789522,19.836939041422816,73.02269112684532,Pass
SUP0114,C,10,0.034321312118837044,0.7823175944379157,20.829726869559124,64.2117062452791,Pass
SUP0114,C,11,0.05890536871521943,0.699643038484186,23.91583789753007,68.76062985214418,Pass
SUP0114,C,12,0.04552761618841258,0.7267300239382798,16.63329506068216,55.19381413842187,Pass
SUP0115,C,1,0.04495401604628271,0.7523536396445061,14.756969991814467,55.16180575247171,Pass
SUP0115,C,2,0.062285948076703325,0.8183230265535761,18.034500259684183,58.48791212917524,Pass
SUP0115,C,3,0.0486389542140581,0.6897000664265444,15.708359162521143,55.18106194127854,Pass
SUP0115,C,4,0.06412120219266616,0.7198204731994146,20.51480014706418,59.44071810062797,Pass
SUP0115,C,5,0.043750067895691504,0.791318681405202,12.662176907917235,39.41179853981514,Pass
SUP0115,C,6,0.042495118283432956,0.7089389843480681,18.328692617832253,56.31799380677407,Pass
SUP0115,C,7,0.05920958063890547,0.6415783909021,24.25713202519481,61.136203905482475,Pass
SUP0115,C,8,0.03988458252241424,0.7234267721708108,21.208578393530498,56.646211314800894,Pass
SUP0115,C,9,0.04845191454236229,0.7762588455820405,15.992360620917701,49.28229060498739,Pass
SUP0115,C,10,0.048167312478949696,0.7961779575194307,11.397259888333807,56.79790461734898,Pass
SUP0115,C,11,0.04874610724305825,0.7584708035096929,15.670785166895945,58.610979450680595,Pass
SUP0115,C,12,0.0419947322140801,0.716334499846447,14.93719237263963,59.538752987010966,
SUP0115,D,1,0.03510009914705825,0.7911783033978192,16.317289115987016,46.18695070590695,Pass
SUP0115,D,2,0.04765263941869335,0.7502233008821244,16.243441772738347,53.342063132220964,Pass
SUP0115,D,3,0.04317145938104798,0.7419139014314529,12.666208454079387,53.146326094420054,Pass
SUP0115,D,4,0.050387736058086115,0.7541252697999128,17.213203166791963,47.22044503623978,Pass
SUP0115,D,5,0.02836407732791264,0.7615407015678534,21.30714411181389,54.089604141317515,Pass
SUP0115,D,6,0.04026940194171332,0.7104891472327381,17.531405453773694,53.46266371604866,Pass
SUP0115,D,7,0.036529469297551714,0.7543336435688539,11.6190337765548,51.249760956450906,Pass
SUP0115,D,8,0.03902735852041732,0.7707959242290433,15.93427977313633,46.100781138656984,Pass
SUP0115,D,9,,0.6991461102903638,20.078262170098835,63.49862259554976,Pass
SUP0115,D,10,0.041727852975175686,0.6505506368033763,18.409354330885144,54.97618183900521,Pass
SUP0115,D,11,0.0364103652128155,0.7864125914900205,12.965424563764705,49.91375754155404,Pass
SUP0115,D,12,0.05094353550967915,0.7897140955596509,27.047429636530747,61.17887347838559,Fail
SUP0116,A,1,0.058334889448099,0.7999169216147305,15.805392359049808,46.027604338077175,Pass
SUP0116,A,2,0.039311579906381657,0.8352997653275047,18.630735957370423,49.09732694738075,Pass
SUP0116,A,3,0.03143564482829548,0.7410189336748093,19.5440739232857,38.12468149212694,Pass
SUP0116,A,4,0.026923629229102387,0.8055609155145058,10.073346586642069,43.74143785608446,Pass
SUP0116,A,5,0.05308698937196529,0.8180785533784692,17.152644756228682,41.25548004621016,Pass
SUP0116,A,6,0.03416327426462587,0.7846189538785157,17.69141661459178,36.4916262282445,Pass
SUP0116,A,7,0.03433049077476411,0.6973421743092059,16.427910251911047,55.44760906930798,Pass
SUP0116,A,8,0.04728425693392812,0.6815651593829445,14.362310166403931,64.44422442251422,Pass
SUP0116,A,9,0.03480831999078147,0.7992234681315128,18.74904179277488,49.90595700695802,Pass
SUP0116,A,10,0.02389454755666782,0.7311892030830085,22.06592868204429,54.63428832754681,Pass
SUP0116,A,11,0.045064692944912506,0.7339025914923987,22.04351574303072,51.60152948423185,Fail
SUP0116,A,12,0.04759490484821847,0.8032691923017249,16.344769382335954,47.08588537562438,Pass
SUP0116,D,1,0.03665134114082139,0.714295467067766,21.19021670753721,56.63821277618504,Pass
SUP0116,D,2,0.0364724508010714,0.7563346506067051,22.24778078664402,43.00202500087924,Pass
SUP0116,D,3,0.03588347618394944,0.8176982687206195,22.125686330426834,46.46767687670925,Pass
SUP0116,D,4,0.04189819474813362,0.8148324637875783,20.35372010930554,42.16550836697817,Pass
SUP0116,D,5,0.056177259517626546,0.705195084616399,21.749965714893726,50.546181293473694,Pass
SUP0116,D,6,0.04849008585420497,0.7490303835222277,14.985384480781562,48.19002511328109,
SUP0116,D,7,0.0323589353446483,0.7587271625165162,12.628236126862483,45.613385230977194,Pass
SUP0116,D,8,0.06278451029926034,0.7379182451370307,15.773538843667591,47.82479042218957,Pass
SUP0116,D,9,0.02893179292577934,0.7067400163292089,14.783189198672922,51.78391080666801,Fail
SUP0116,D,10,0.047258461353808595,0.7872757792004951,20.43356357014288,50.79650695644577,Pass
SUP0116,D,11,0.043500569320249725,0.7544801516948481,16.596212964393853,47.74868648222084,Fail
SUP0116,D,12,0.03032776647933094,0.766690906549328,18.184185352185818,47.14263195602964,Pass
SUP0117,B,1,0.036408755118013114,0.770022992706775,15.725283760788379,34.635067620906526,Pass
SUP0117,B,2,0.040554635980223665,0.8310845682065274,8.795603682668673,29.91491220306975,Pass
SUP0117,B,3,0.035814364309012886,0.794684189806606,21.77938211805405,33.144723417370194,Pass
SUP0117,B,4,0.033190389159568415,0.7608639084330805,15.776771919189722,29.013293094648958,Pass
SUP0117,B,5,0.027647644605098068,0.7493321235092705,13.985927881120931,35.14977733745712,Fail
SUP0117,B,6,0.024117349470720965,0.7958876299703922,15.69040677866011,33.96005591433155,Pass
SUP0117,B,7,0.04887523397807124,0.8273855850548602,14.324751480546288,39.03466363243107,Pass
SUP0117,B,8,0.043714124899461373,0.7959660084444546,15.2907680388227,33.3731088913073,Pass
SUP0117,B,9,0.045002788950147005,0.8308515948997487,19.32584007120382,36.52736082044129,Pass
SUP0117,B,10,0.04158166298915046,0.7369781385582551,14.70233075388272,47.08244707893033,Pass
SUP0117,B,11,0.03189756822342883,0.8250599236351367,18.025208592325033,36.038468442567435,Pass
SUP0117,B,12,0.05006510336088971,0.8189938520818593,9.194474303986059,49.289652247708815,Pass
SUP0117,C,1,0.03334859938972163,0.7629791236326607,11.7056640845333,32.01479652209519,Pass
SUP0117,C,2,0.036029550055551814,0.83306668206159,13.43379706101305,27.689814872541707,Pass
SUP0117,C,3,0.03541514911377339,0.7779867267467903,17.746094262774054,24.045514784984935,Pass
SUP0117,C,4,0.03746705933652697,0.8186353900556469,11.70393979015789,29.11666324185866,Pass
SUP0117,C,5,0.052080120222006726,0.787817481948383,12.278075031960471,44.33720663086403,Pass
SUP0117,C,6,0.04796316880423232,0.8388542173169851,13.400313105977201,39.40717326469142,Pass
SUP0117,C,7,0.038113522769546236,0.8035965545832742,18.137532721944478,40.572443988650775,Pass
SUP0117,C,8,0.04569201273181443,0.7241002646761666,15.926955826228664,36.74655672084521,Pass
SUP0117,C,9,0.04481146950848578,0.7449397355478585,14.419167538575264,43.43547965041095,Pass
SUP0117,C,10,0.048058803675842345,0.7856591552863428,16.543164912615207,37.686035190607726,Pass
SUP0117,C,11,0.03807829917079703,0.7919904589290759,17.483868160722245,33.0519845811107,Pass
SUP0117,C,12,0.02616216962229296,0.8441316125889574,17.565069348077543,30.123293310780035,Pass
SUP0118,A,1,0.0326480929290837,0.8390758100962444,11.281947296465418,33.290858922303315,Pass
SUP0118,A,2,0.04425690656284403,0.8209260156199364,13.789168671667817,48.85887515225555,Pass
SUP0118,A,3,0.04194626893578287,0.7363652651161158,15.424802127325826,45.56964184347424,Pass
SUP0118,A,4,0.05192783898113319,0.7520646949309215,18.587329838664658,40.95878411018124,Pass
SUP0118,A,5,0.03891453077325126,0.7096423494875559,17.59525506081537,47.51938572990851,Pass
SUP0118,A,6,0.05152477315265273,0.7548614354726316,15.827269090156758,52.01013562674705,Pass
SUP0118,A,7,0.03445007587328255,0.794013826437593,22.25662450606714,52.64554871184028,Pass
SUP0118,A,8,0.03883976807125997,0.739253097494098,21.55658836093273,50.262308049140515,Pass
SUP0118,A,9,0.04447382619980572,0.6878012469567851,17.825646468673824,57.17599829496784,Pass
SUP0118,A,10,0.02508818423638742,0.7712090074584788,12.393468769491028,41.420844876744155,Pass
SUP0118,A,11,0.035173419839497566,0.7043182362287396,21.056550258451008,54.44539961733679,Pass
SUP0118,A,12,0.054351193797371966,0.6831822414242447,17.478253370090723,55.143906351314556,Pass
SUP0118,C,1,0.05040665931241862,0.7570007212156036,16.501843184160933,45.52366147980341,Fail
SUP0118,C,2,0.04379267470814916,0.769023930479211,14.794903111118865,46.71159826561554,Pass
SUP0118,C,3,0.0262057648470472,0.7499131939583992,13.136102957212293,46.864726318671565,Pass
SUP0118,C,4,0.04912259674802504,0.7749456767368196,22.03088457174389,46.160550618074154,Pass
SUP0118,C,5,0.05000594338921159,0.7055138146182013,12.979522177517161,47.61907349150735,Pass
SUP0118,C,6,0.047857124615539794,0.7016035614728827,22.03462660950241,53.59803449613886,Pass
SUP0118,C,7,0.052172776433268425,0.6893081803518668,24.078301373476805,63.101840010456975,Pass
SUP0118,C,8,0.03861182456227608,0.6986795341065444,21.52199627378356,52.23650017453527,Fail
SUP0118,C,9,0.04753927949689126,0.7012429093020368,17.616182233265057,47.99142518825974,Pass
SUP0118,C,10,0.050899599768758075,0.691421748761139,18.689108688723003,57.751156769126275,Pass
SUP0118,C,11,0.047580353954085615,0.7564695413532907,17.398224308232244,54.34029838967817,Pass
SUP0118,C,12,0.03693369020315858,0.8154904002199088,21.518116889186242,48.1317287215058,Pass
SUP0119,B,1,0.057820294315543266,0.6469757373297702,25.975052580534783,81.82830729448652,Fail
SUP0119,B,2,0.06751021984218841,0.6633609386621245,14.440540187886173,78.70582931213994,Fail
SUP0119,B,3,0.050623225734605454,0.6134944382862033,15.81180804777652,82.08520004801211,Fail
SUP0119,B,4,0.05848209161713416,0.5780272077577192,17.812118594293366,83.001412338228,Pass
SUP0119,B,5,0.06602069986406706,0.620158764014779,19.436616722151243,82.84154239457163,Fail
SUP0119,B,6,0.06288187944754325,0.5804926668946929,21.583143364565174,82.61613146190417,Pass
SUP0119,B,7,0.06351984217433702,0.6398014837345957,20.05742269664449,82.31412912260997,Pass
SUP0119,B,8,0.08029256780204878,0.6508290192331463,16.960795480394783,83.83186929420975,Pass
SUP0119,B,9,0.06909618180988703,0.587464195046717,16.88890491297678,92.53922153098547,Fail
SUP0119,B,10,0.05697206850422246,0.6669827227589202,21.345482529378444,82.70808779419691,Pass
SUP0119,B,11,0.07902134313874129,0.6641132639033932,23.486318650273404,87.9934680822637,Pass
SUP0119,B,12,0.05041512021834696,0.6539050964380246,18.03192879824909,89.12448128530438,Pass
SUP0119,C,1,0.07546167928867083,0.6078930171379895,19.865016245695973,75.96489332651987,Pass
SUP0119,C,2,0.05926120219241945,0.6650898268219884,18.160639791835912,75.22648761421843,Pass
SUP0119,C,3,0.06518553713608395,0.6807984895134236,13.476009410728357,84.12977782675647,Fail
SUP0119,C,4,0.05653906019896269,0.5920094502912508,21.540873418841503,81.47171463604981,Pass
SUP0119,C,5,0.061549261076801275,0.5878865272469407,20.75659133219525,89.83231215909912,Fail
SUP0119,C,6,0.07921133941639631,0.6169192479124797,25.937005023472114,89.10626375827822,Pass
SUP0119,C,7,0.05694483931245352,0.5872398348697071,18.411700701601596,81.8257895883184,Pass
SUP0119,C,8,0.05082837964680898,0.678437994388948,25.104843347747934,74.87928169164935,Pass
SUP0119,C,9,0.060370929540611414,0.6186378887565556,21.275382902941782,93.67662910037949,Fail
SUP0119,C,10,0.05601504271002845,0.5679118871812365,19.454968017850952,97.12514004920163,Pass
SUP0119,C,11,0.060402598258483986,0.5982275099278004,21.791254562532046,90.08578663650977,Fail
SUP0119,C,12,0.06110387214423331,0.6423982654228914,16.89520911350754,91.07219937224211,Fail
SUP0120,B,1,0.14147171475315945,0.6991620105816561,37.67719929598402,61.21625807434713,Pass
SUP0120,B,2,0.04134637323284412,0.7630063250383832,24.10472453379578,59.436478413240316,Pass
SUP0120,B,3,0.0342651284800652,0.7142746295669844,12.499156057138249,58.16603948554167,Pass
SUP0120,B,4,0.051617808738276656,0.7122854947204171,15.487060424189412,66.26823659652939,Fail
SUP0120,B,5,0.061542298470309405,0.7253847319148885,20.46738386239318,57.17236235961865,Pass
SUP0120,B,6,0.03898272794205919,0.6709010963335982,13.457619620831299,66.22768453196429,Pass
SUP0120,B,7,0.0618211132446055,0.628751650607311,21.577868293060877,69.22106969276132,Fail
SUP0120,B,8,0.05968241394468625,0.7219966423270865,21.12561858776215,56.83290324006784,Pass
SUP0120,B,9,0.05563342780689987,0.6938395671106746,22.191457306226923,56.61533148935617,Pass
SUP0120,B,10,0.05902792406062069,0.7543358839526804,17.320047765154943,60.54551498474285,Pass
SUP0120,B,11,0.03898855810261448,0.7369415249292686,21.088488039651512,64.60122910989139,Pass
SUP0120,B,12,0.05914516758272006,0.6815791738410826,19.933196692815283,71.59102924055533,Pass
SUP0121,A,1,0.04938905658431439,0.7378196178077685,17.776051567023075,62.129196680472404,Pass
SUP0121,A,2,0.042271829182064215,0.7239316067243182,20.622229074911296,59.011239717026285,Pass
SUP0121,A,3,0.03261793934287739,0.6880393976342069,19.880997275341354,55.38010406266295,Pass
SUP0121,A,4,0.04461988690891851,0.7394788989190988,14.988036009641393,50.71364657458034,Pass
SUP0121,A,5,0.04515960457345996,0.673478455015473,16.51557841017078,68.05966252660981,Fail
SUP0121,A,6,0.04802947855046013,0.7148772092337736,17.86538745407492,63.611677625167005,Pass
SUP0121,A,7,0.04823884902753696,0.7697622196308669,18.672571161541622,60.80538749988137,Fail
SUP0121,A,8,0.03477796491851937,0.7166308888129467,16.374061755377966,61.56361217186195,Pass
SUP0121,A,9,0.05783516725539806,0.7430627012340432,19.84298718110546,63.51606459534884,Pass
SUP0121,A,10,0.04109514931177526,0.7044157199639974,16.828817650048663,58.17871269775515,Pass
SUP0121,A,11,0.03305647642446666,0.7761721957371366,13.776069584683851,59.280814611994785,Pass
SUP0121,A,12,0.059683875642290475,0.7291873796397336,13.23699006606699,64.45265302034394,Pass
SUP0121,D,1,0.051173089777711823,0.7067794236358637,19.31342042590133,61.16310625885997,Pass
SUP0121,D,2,0.05188479125841861,0.6959720400387969,18.369245780316867,68.238279430232,Pass
SUP0121,D,3,0.04984636235232803,0.7074479213804407,8.841767193392277,67.6910322837361,Pass
SUP0121,D,4,0.043499367931755295,0.764482649091603,15.413642468031853,44.356998160072074,Pass
SUP0121,D,5,0.06368185194043792,0.6300946013376282,20.48586065502973,71.46419712039199,Pass
SUP0121,D,6,0.057412884336278114,0.7016498271090403,17.83679084707058,68.53203181790207,Pass
SUP0121,D,7,0.05539412006034922,0.7084868314068541,18.051658733260275,56.970638651163775,Pass
SUP0121,D,8,0.05428352175827702,0.6554725310969048,15.606006490669245,72.56097984294487,Pass
SUP0121,D,9,0.06242121270319186,0.6846594844999331,18.24468069978725,67.77780048089882,Pass
SUP0121,D,10,0.05685179051523734,0.6949679756168583,15.818908560362646,67.593355730559,Fail
SUP0121,D,11,0.05748089172195402,0.7068478814705532,18.707258608398742,58.608588539712315,Pass
SUP0121,D,12,0.06435892597132535,0.6396960252979861,18.28275582276554,69.69443994064412,Pass
SUP0121,C,1,0.05321029450843063,0.736086819226218,13.917082929156315,63.73522733302432,Pass
SUP0121,C,2,0.059467831756679045,0.730617061643464,21.321120347667698,68.3748855380649,Pass
SUP0121,C,3,0.042451250735933435,0.7648735823384344,18.169681449384,44.667033565077695,
SUP0121,C,4,0.05610051205752252,0.7451550090031979,20.27622573402943,62.795196789384285,Pass
SUP0121,C,5,0.24560537305791347,0.6916931333491897,25.885479619512495,61.98359100580021,Pass
SUP0121,C,6,0.051387687542216946,0.7236495377824131,16.80282442031413,58.14706437512544,Pass
SUP0121,C,7,0.03399965967479967,0.7484530069213502,15.892674855010409,67.06380148926603,Pass
SUP0121,C,8,0.05264360290212806,0.7088962276520188,26.911440105364974,68.48306283745242,Fail
SUP0121,C,9,0.061436310577031715,0.5961044285193262,19.617503350943174,71.80960626317359,Pass
SUP0121,C,10,0.047915823904448755,0.7166461389855379,14.399347434432721,61.71550289715446,Pass
SUP0121,C,11,0.06263874163841798,0.6813705607558544,23.30782372115604,72.0231393528822,Pass
SUP0121,C,12,0.05388700541272208,0.6788617117466611,17.758858656350803,73.71959801326959,Pass
SUP0122,C,1,0.03372962450060137,0.8059187050034256,19.105705231396403,36.0675951192561,Pass
SUP0122,C,2,0.048703274665762325,0.7229298114145564,18.72129436388535,44.280054436137455,Pass
SUP0122,C,3,0.018681525476777126,0.808546121746759,18.39531059542853,32.425604871543634,
SUP0122,C,4,0.03632238773898701,0.8442590187162301,21.865914507922042,52.21726940663882,Pass
SUP0122,C,5,0.04057916634753249,0.7222220164635234,19.881272488423537,50.17074718771008,Pass
SUP0122,C,6,0.056580812118622786,0.7647529151631182,18.972098726687715,51.28414727171214,Pass
SUP0122,C,7,0.043409847134010214,0.7454519837140305,17.252906869798093,56.630245737945486,Pass
SUP0122,C,8,0.03272610616383702,0.71051662009073,17.468709046730485,45.00296946886432,Pass
SUP0122,C,9,0.041720069261049486,0.8066212323200748,19.87915460350006,46.67061727156091,Pass
SUP0122,C,10,0.04569557964508171,0.7256353825357794,17.143018422456183,55.15072492335244,Pass
SUP0122,C,11,0.041634947331012695,0.7222419611675303,12.331150352926997,55.00837533032752,Pass
SUP0122,C,12,0.04423178474669203,0.7851852288678385,14.192967874610765,46.17591631752793,Pass
SUP0123,D,1,0.03137899388476878,0.8208118019367614,12.50062906983306,24.821599237215555,Pass
SUP0123,D,2,0.031061084519970528,0.885701518212056,13.04835028835294,14.354135099111842,Pass
SUP0123,D,3,0.03151425508583551,0.7942252992111736,20.42506482872432,29.108778481046762,Pass
SUP0123,D,4,0.03359861841346839,0.8205002465966252,12.360604203680492,34.145088477583975,Pass
SUP0123,D,5,0.030556313620044535,0.8085951047565021,19.432008866689376,33.49192388684576,Pass
SUP0123,D,6,0.041063813155144076,0.8753607163672007,16.220322335124003,33.45894021956944,Pass
SUP0123,D,7,0.08147984075309797,0.8008653276168112,25.8508623344265,20.37227481836537,Pass
SUP0123,D,8,0.02487919032718384,0.7511960701571732,16.828374753530717,34.72532876659396,Pass
SUP0123,D,9,0.03878290978461063,0.7767532270174875,14.870322083149379,34.28019569703878,Pass
SUP0123,D,10,0.04000133271816328,0.8078488093139126,17.142069183129603,34.74784162379617,Pass
SUP0123,D,11,0.030474201439692594,0.8614951496399974,16.79784754437453,26.302941641671357,Fail
SUP0123,D,12,0.04706813426015809,0.805047987458441,15.646387064852904,28.675136024853927,Pass
SUP0124,A,1,0.04294909384672363,0.7637982221785865,15.478784520004334,47.30653452882168,Pass
SUP0124,A,2,0.041846900612379424,0.7336857179389931,12.535880324798491,55.452586004833464,Pass
SUP0124,A,3,0.04859624132917274,0.8088803070154647,14.45639811655252,58.39542847601447,Pass
SUP0124,A,4,0.04132584313353646,0.6547457224444192,15.720611112836538,65.1890633983003,Pass
SUP0124,A,5,0.05412644038607932,0.6641443961646523,20.30863075514852,68.29745896682448,Pass
SUP0124,A,6,0.039863895475714284,0.7145333406335533,22.518119921332463,57.95610019295779,Pass
SUP0124,A,7,0.038448030082998054,0.695791530624052,20.35304174206942,56.81696752010216,Pass
SUP0124,A,8,0.05347065068870913,0.7067111215483827,19.124368756701656,53.207608630680724,Pass
SUP0124,A,9,0.1858672498053903,0.6869856991716046,44.30378937536882,66.7944009315265,Pass
SUP0124,A,10,0.04500289418085311,0.7674928578343313,19.451825144324616,67.19141803595448,Pass
SUP0124,A,11,0.044356210451541866,0.7282314690576633,15.836719421666238,70.48526206023051,Pass
SUP0124,A,12,0.06144555856439288,0.7027972722160762,14.106348257100045,70.07903054736036,Pass
SUP0125,B,1,0.047175232469221604,0.7232826444787718,18.692894957471765,59.78541319751278,Pass
SUP0125,B,2,,0.6739836458051395,20.0183521725905,69.43814117722661,Pass
SUP0125,B,3,0.05532974486356411,0.7692296271802425,19.915432428589018,49.9098122235021,Pass
SUP0125,B,4,0.04316165454017511,0.7223846135053186,19.923436072724137,61.58894568087347,Pass
SUP0125,B,5,0.04762359543610187,0.7828504149792678,22.324673745781944,62.40775309861104,Pass
SUP0125,B,6,0.0429368203270725,0.6470659890243238,15.458967840719147,60.74095824440488,Pass
SUP0125,B,7,0.04838992254932574,0.779145652772546,15.405423860374366,61.45773198096187,Pass
SUP0125,B,8,0.0480002382540685,0.7587943146944705,16.56244295837238,52.02687861233337,Pass
SUP0125,B,9,0.0400019356076282,0.7171449684588539,17.455775159927047,60.445521738816865,Pass
SUP0125,B,10,0.05683840487570215,0.6709043941312954,21.65136261354511,61.69211459129594,Pass
SUP0125,B,11,0.05605457522274345,0.6970980253553215,21.723944800391692,59.083316590773535,Pass
SUP0125,B,12,0.0459495558813471,0.715892481410075,18.582313310302062,65.02878123855886,Pass
SUP0125,D,1,0.04930285353693731,0.7490232818962433,19.14437303132554,58.9214605612324,Pass
SUP0125,D,2,0.057307798890208116,0.7512073955104215,24.153150597178467,62.486789298326734,Fail
SUP0125,D,3,0.049657663567087174,0.7274238925090981,18.73398378970142,60.14633090542262,Pass
SUP0125,D,4,0.050446555810611846,0.6701568417161716,23.03895759321885,53.97307720164394,Pass
SUP0125,D,5,0.05382540301196139,0.7185151788619172,14.456287344920899,63.93823588919705,Pass
SUP0125,D,6,0.035732003245677955,0.7422795791072981,21.110642153793286,53.1282729041575,Pass
SUP0125,D,7,0.05928047273260174,0.6902657975216809,18.613735962795303,68.8869825435473,Pass
SUP0125,D,8,0.0334917245135609,0.7629063474256051,16.788719045394497,66.00050447826939,Pass
SUP0125,D,9,0.04649686847322594,0.7650945501333271,18.054316329375375,69.24839529065078,Pass
SUP0125,D,10,0.052002952698897896,0.6305745089089203,18.06186757224971,73.76859820233214,Pass
SUP0125,D,11,,0.7593769749689855,17.40738511174907,56.60244210656441,Pass
SUP0125,D,12,0.04973173312878595,0.6917269442011335,20.96384601763875,67.63919450070266,Pass
SUP0126,A,1,0.044046674364987874,0.7934471672794862,14.3814014820563,45.05173760643595,Pass
SUP0126,A,2,0.04740606593493704,0.7630458175218982,17.120611210830347,40.68639887986348,Pass
SUP0126,A,3,0.04711327723955745,0.7343606835173662,16.555834147144957,55.25891765385794,Pass
SUP0126,A,4,0.030967067181647195,0.7742743548528755,17.083433084121943,37.030772681729474,Pass
SUP0126,A,5,0.057783641708964946,0.7736221147738771,15.538347446748936,49.42801363062655,Pass
SUP0126,A,6,0.022054374604575034,0.7893475424911562,15.922023558914812,46.38660913578009,Pass
SUP0126,A,7,0.049293744885918554,0.7823354791239048,20.878188928702002,51.94221784385589,Pass
SUP0126,A,8,0.050736398282856456,0.6843333504093728,20.21653906028107,64.04610035245695,Fail
SUP0126,A,9,0.05143436100594842,0.7780450999803542,14.052185023081256,51.39951692363928,Fail
SUP0126,A,10,0.05013191015922109,0.7816514819115625,19.758658545555,52.224971320669,Pass
SUP0126,A,11,0.04793802441052876,0.7414153203604555,11.935117733117561,58.73525640112226,Pass
SUP0126,A,12,0.03485145783866106,0.7153075946132463,15.880817141467233,59.68988498381846,Pass
SUP0126,C,1,0.06262959286629982,0.7294622873004093,24.262852471566415,54.35831190020951,Fail
SUP0126,C,2,0.04449288305929291,0.756250204021755,16.73199680652984,41.39570853526782,Pass
SUP0126,C,3,0.05161096665339417,0.7672194932001222,20.492240664000683,50.58291131453048,Fail
SUP0126,C,4,0.041091047847323925,0.7448304246279192,25.36379879311354,55.372868530760535,Pass
SUP0126,C,5,0.05009515715719219,0.7124261582176886,14.997003277061161,54.911470249778084,Pass
SUP0126,C,6,0.052426908249855374,0.7406289832848857,18.035363138054027,52.3502724073033,Pass
SUP0126,C,7,0.05412778684656147,0.7649738303721764,15.64870750855607,60.21875971478703,Pass
SUP0126,C,8,0.03835492959828876,0.7727043556025556,17.65247228524631,60.744911619947295,Pass
SUP0126,C,9,0.05859538804678125,0.7433422940081398,15.93223618885718,58.29622193156197,Pass
SUP0126,C,10,0.0347414826002147,0.7321346638228361,15.964206132820253,52.47626021476157,Pass
SUP0126,C,11,0.049834289548359736,0.838561745546228,16.502663084628715,50.55972209826264,Pass
SUP0126,C,12,0.04832598116262982,0.8252119971593566,15.892100834910668,50.71123893610812,Pass
SUP0127,C,1,0.03366301072525852,0.8173854249300646,15.599861113841365,23.24322065157275,Pass
SUP0127,C,2,0.020159167938354157,0.8046343200342302,17.9712945088873,25.61629591135178,Pass
SUP0127,C,3,0.04092452328314617,0.8580801532242706,20.25946966712939,22.36277237348709,Fail
SUP0127,C,4,0.05117806344727322,0.8886140640672913,15.373432859972699,21.182025487408918,Pass
SUP0127,C,5,0.02867970956567811,0.8230589547811795,17.608490042471196,19.231460034116903,Pass
SUP0127,C,6,0.022808681617748832,0.9103192396244149,8.029303746379647,18.882029060848083,Pass
SUP0127,C,7,0.03929722254203288,0.8598043067023402,12.161896548885581,18.187011876367094,Pass
SUP0127,C,8,0.030019371076470555,0.7808168841922828,13.88624360093464,35.075465831511835,Pass
SUP0127,C,9,0.02850335917481542,0.8092909441938881,18.35670940335467,22.719608138012887,Pass
SUP0127,C,10,0.03587892136778462,0.8271760635885057,17.56122683243982,27.09540057147054,Pass
SUP0127,C,11,0.03162764150902005,0.8241670724094033,9.885739232355157,27.436415622476574,Pass
SUP0127,C,12,0.04806153809790557,0.8314591410990325,19.447725881794007,25.685675871164428,Pass
SUP0128,A,1,0.07061570065963554,0.6111275393107308,22.698124987482952,99.0,Fail
SUP0128,A,2,0.0645445772445488,0.6592073710887301,27.62144983977358,88.61910912372291,Fail
SUP0128,A,3,0.0746941327580912,0.6468108043811007,22.777376598050807,94.38509568962215,
SUP0128,A,4,0.0657179288050884,0.5692302090072138,27.35995692413374,84.51585609144638,Fail
SUP0128,A,5,0.06435742949930119,0.615877145155834,18.59290737998917,97.77915812038607,Pass
SUP0128,A,6,0.07786872431323538,0.6617482687259817,18.56291289975309,92.81192541103916,Fail
SUP0128,A,7,0.05098796777152122,0.5840469534176245,16.262688381964853,88.71555033386812,Fail
SUP0128,A,8,,0.614027530713583,18.786376315383592,88.49102892200317,Fail
SUP0128,A,9,0.06729848699933728,0.5813450899297212,21.21047430771622,99.0,Pass
SUP0128,A,10,0.05928121300438643,0.6019324616581255,25.142402274480084,93.94506071728297,Fail
SUP0128,A,11,0.07388606918305597,0.5556398940829214,26.342133563535562,98.76401714922817,Pass
SUP0128,A,12,0.05707648129942336,0.6216812064353254,22.00103426917221,97.3790564509031,Pass
SUP0128,B,1,0.07979040810790887,0.6276004687874394,20.951037040368572,92.65356761705374,Fail
SUP0128,B,2,0.060658058063412526,0.5937699140818216,21.485704426416127,93.85241234065506,Pass
SUP0128,B,3,0.06928612736876574,0.5953887119580575,21.917141576171563,90.03272444747958,Fail
SUP0128,B,4,0.05103109967284987,0.6329404986523826,20.641800873607725,81.2833913628491,Pass
SUP0128,B,5,0.07028839727890954,0.6030535191345153,22.436463076598223,98.95210215940776,Pass
SUP0128,B,6,0.06574100784973297,0.6690378310231034,20.14893361144577,96.06264168027347,Fail
SUP0128,B,7,0.05822093723430112,0.6464831408132943,26.8683495065153,82.60286171875161,Fail
SUP0128,B,8,0.0597623208889482,0.615222665340919,23.810419945136864,87.54069380065614,Fail
SUP0128,B,9,0.06971418434317461,0.55,21.469696757418106,97.97021759031779,Pass
SUP0128,B,10,0.06526655836529015,0.6831482429438368,27.801501933878576,89.52249067608817,Fail
SUP0128,B,11,0.06397700708232724,0.55,22.134791689308134,97.93497195867023,Fail
SUP0128,B,12,0.062367994835771254,0.5747578465825489,26.241914226002617,99.0,Fail
SUP0129,A,1,0.03205918893169727,0.7695010264330098,9.272855721033558,32.0165879996933,Pass
SUP0129,A,2,0.03383226552773332,0.8465565337197108,13.639169468594842,28.20131531331299,Pass
SUP0129,A,3,0.021223917435464375,0.8558324030899893,17.603137682787402,32.994096140145984,Pass
SUP0129,A,4,0.028464995631288275,0.7053910257244279,20.40871802339986,35.96072471012124,Pass
SUP0129,A,5,0.04574090833575411,0.8833964837238576,18.592927892922877,28.353303595910624,Pass
SUP0129,A,6,0.02732422774227126,0.8619126448486405,19.850837862373094,24.993028748168385,Pass
SUP0129,A,7,0.04519420344554076,0.8077320762621008,19.637787178341938,38.749888971622305,Pass
SUP0129,A,8,0.03333098981704223,0.7970000694156512,20.4243619031089,30.365162020778943,Pass
SUP0129,A,9,0.03406100098712909,0.8213344212402152,15.764020823716544,36.58946263476857,Fail
SUP0129,A,10,0.02877481474428703,0.777926538225224,15.144783841584669,36.35208590593811,Pass
SUP0129,A,11,0.04145794148275389,0.7297056371875581,15.496621696522173,49.053606458280775,Pass
SUP0129,A,12,0.030299146694719028,0.7742088295835656,12.757536730434396,34.870853041060926,Pass
SUP0129,B,1,0.051919318386638005,0.8363270700612556,18.976796726179018,36.767925264659794,Pass
SUP0129,B,2,0.03875993773941707,0.7683759210085532,17.51696978154294,33.76098662093854,Pass
SUP0129,B,3,0.033053224717671,0.7900601384189466,17.57349240197149,31.647931214397023,Pass
SUP0129,B,4,0.04441403813101734,0.8027966483784033,14.497477327500844,33.62012925974038,Pass
SUP0129,B,5,0.032927654994859105,0.7694962830154816,16.40029168850466,33.33639126727145,Pass
SUP0129,B,6,0.03152092383513474,0.8012994911648421,18.704883609533773,32.77520422271093,Pass
SUP0129,B,7,0.03768368100138533,0.8309075485487987,11.210007706942372,32.94252558940506,Pass
SUP0129,B,8,0.032880690596544596,0.8478815756181237,25.04165690220682,26.892714406744084,Fail
SUP0129,B,9,0.04422800539643838,0.7771919591520123,19.807051560205487,43.91845144807574,Pass
SUP0129,B,10,0.020732553879155586,0.8587851513160666,17.44749156925134,33.08421849629455,Pass
SUP0129,B,11,0.036045214709781705,0.8037181532244998,14.560867730019657,34.68645008516994,Pass
SUP0129,B,12,0.03774003820583792,0.7764616872498095,20.673726544831716,49.64270765508773,Pass
SUP0129,C,1,0.03182852719630643,0.7972176996307809,18.320557581678603,38.50492288090449,Pass
SUP0129,C,2,0.041489360428867215,0.7488834654389512,16.18714777944006,37.7324064651546,Pass
SUP0129,C,3,0.03207051639896227,0.8395717345462302,12.564776542456888,34.86331132064589,Pass
SUP0129,C,4,0.026817905732608435,0.8170554565021175,15.176266333814812,35.72016547200933,Pass
SUP0129,C,5,0.043508777285490255,0.8186797445463003,11.326000395099541,25.069225035557995,
SUP0129,C,6,0.038294168109171134,0.8637522045382477,18.932833312007386,28.793588030245274,Pass
SUP0129,C,7,0.03433445645440542,0.8180814289615286,18.887952106605354,36.18849369198736,Pass
SUP0129,C,8,0.031071432978587662,0.8437545414567336,11.737292767044233,33.572317362274084,Pass
SUP0129,C,9,0.02765458738227848,0.7854183721749597,21.069658411727882,31.212332503417656,Pass
SUP0129,C,10,,0.830368607336488,7.658661794637403,35.56003077723436,Pass
SUP0129,C,11,0.03532510855180166,0.7579131364934925,15.258392386395592,35.337155785994646,Pass
SUP0129,C,12,0.03480953206350732,0.7826768709628849,21.17128496171051,41.8483495861567,Pass
SUP0130,A,1,0.06706120429330442,0.7001416036949497,18.519569813852293,67.71114402529419,Pass
SUP0130,A,2,0.048524467891279344,0.7325835615783005,20.270521498093448,56.431812857489554,Pass
SUP0130,A,3,0.03819646544695247,0.6677675629050395,21.490110476566084,67.70944613577846,Pass
SUP0130,A,4,0.04915794105156942,0.7068227338480825,18.653833676125917,72.32272868838717,Pass
SUP0130,A,5,0.050092443912451635,0.6531066205620529,15.687264677690766,74.47015553441048,Pass
SUP0130,A,6,0.24826280652425098,0.6724700926629475,39.16896443600657,76.18241660329771,Pass
SUP0130,A,7,0.06745493405346017,0.6798758127612831,16.738708462722755,77.01311943184746,Pass
SUP0130,A,8,0.0379098256654008,0.5914351568514915,15.524314433345902,67.09542487552808,Pass
SUP0130,A,9,0.05351699337628798,0.605602227410646,15.31153628497115,80.17713685322617,Fail
SUP0130,A,10,0.04065727658663668,0.5862520818049323,20.592907120382954,77.41737099306283,Pass
SUP0130,A,11,0.05244738809100482,0.6535309624844243,21.494187340899533,77.89384594854606,Pass
SUP0130,A,12,0.04759371096478233,0.7333622990309877,19.226955646078245,65.07710957640074,Pass
SUP0130,D,1,0.06053699920217597,0.6324166322238959,17.917299747436182,82.47008803301999,Pass
SUP0130,D,2,0.06126596381701136,0.6743066028076152,18.444434990633873,77.30719151109217,Pass
SUP0130,D,3,0.05357662218888511,0.7224048803733008,19.13730991248462,69.57477795157551,Pass
SUP0130,D,4,0.05882127076589133,0.6856958304476916,13.18466640830216,66.53456807899748,Pass
SUP0130,D,5,0.06153591362132819,0.6282182431285332,21.73897551231177,77.31772652970547,Fail
SUP0130,D,6,0.053330679925369,0.6803749656774334,23.58350348611534,78.09759977096851,Pass
SUP0130,D,7,0.05771983562355529,0.6389590624254377,15.990633477204023,74.89054812030129,Pass
SUP0130,D,8,0.06788572324443629,0.6513992932516437,22.260849987548227,81.53667915165155,Pass
SUP0130,D,9,0.03997408459158085,0.6358523905223705,17.35166065853996,84.3035916346092,Fail
SUP0130,D,10,0.06803398547337977,0.664975115240703,20.918246930270456,76.69620923750931,Pass
SUP0130,D,11,0.0516838348162175,0.6718163226324879,15.991124443189875,78.11362241940733,Pass
SUP0130,D,12,0.052856315152918366,0.713283426805849,23.727744438449726,72.41633806062703,
SUP0131,A,1,0.052314730748773026,0.7098174780311536,14.542517125455486,72.52410360217998,Pass
SUP0131,A,2,0.05045805227406776,0.6907555783159459,20.955989288696387,69.65173230025374,Pass
SUP0131,A,3,0.05398913215356345,0.5860726791530813,21.219712907111376,84.26922217981566,Fail
SUP0131,A,4,0.04130000531465131,0.6352376585466177,21.13032500888729,72.94765439719667,Pass
SUP0131,A,5,0.06555310324102047,0.5769642052206437,22.93385652080702,82.11463367407605,Fail
SUP0131,A,6,0.048652501360089466,0.6285388038160827,17.477017103927288,78.9126384010864,Pass
SUP0131,A,7,0.05137856611715109,0.6737897230570665,22.374964394242717,77.63486936165661,Pass
SUP0131,A,8,0.065799852527003,0.6402441601716937,20.498114051044958,82.54791875999328,Pass
SUP0131,A,9,0.06273055718049426,0.7316793045761105,16.723500244555254,92.53395878849356,Fail
SUP0131,A,10,0.0797770858399613,0.6312304786888723,12.291643867176637,90.80253191741306,Fail
SUP0131,A,11,0.04509683672217672,0.6202571630515963,21.005822165989485,87.89596657298004,Fail
SUP0131,A,12,0.06937353987313746,0.6828718742155562,19.775592531067755,80.59652506169317,Pass
SUP0131,B,1,0.05406319039633377,0.6087587214422953,22.593068183435147,80.99341354565743,Fail
SUP0131,B,2,0.0592515174619307,0.6984248050232795,14.662938608052329,80.2175638433498,Fail
SUP0131,B,3,0.06246551218261355,0.6399071807198239,19.065578900142825,87.88994395142865,
SUP0131,B,4,0.04584653415728079,0.7210940204495623,26.577399262127148,63.75017121669958,Pass
SUP0131,B,5,0.06899204990546857,0.6276105341230871,23.21494409799447,95.55064849556963,Pass
SUP0131,B,6,0.06453536950711382,0.6348517166635662,22.173474866739326,88.86486264298223,Pass
SUP0131,B,7,0.05704719615544543,0.7045904649910353,16.987553115484623,71.66016385315373,Pass
SUP0131,B,8,0.05458171081594639,0.7054444499251804,24.660287028728888,81.37558999130849,Pass
SUP0131,B,9,0.04671909134818969,0.6250413816489335,16.174101079494353,81.15280415519695,Fail
SUP0131,B,10,,0.6492914657699547,20.691437082397677,88.4123452849869,Fail
SUP0131,B,11,0.0703318300986292,0.6426263947103741,17.527376503885417,91.2934928869976,Pass
SUP0131,B,12,0.06308772068391649,0.6407548709023131,26.758161706709924,91.05139488492061,Fail
SUP0131,C,1,0.07067331840645762,0.5979098035847009,24.23183203632784,80.92473475823722,Pass
SUP0131,C,2,0.04524749842261576,0.6457609774994005,21.6520459219348,83.38594127386956,Fail
SUP0131,C,3,0.04746613396576898,0.6612250114110285,19.19075155009469,69.57033043707993,Pass
SUP0131,C,4,0.06414118480462921,0.6287501492566128,17.31468913551699,82.3600857831759,Fail
SUP0131,C,5,0.06812428924282639,0.6662795672752302,24.537642705892857,83.27931443753847,Pass
SUP0131,C,6,0.050962898656936526,0.6691617411130645,17.735645295591606,73.19892782202893,Pass
SUP0131,C,7,0.057245522098129165,0.6167332699779754,20.46291678783902,83.82302991040832,Pass
SUP0131,C,8,0.06404527148071001,0.5943234518100258,19.702218534146503,89.42759622428724,Fail
SUP0131,C,9,0.06533960096551912,0.6037928529769799,18.155049512629308,85.93360042423858,Pass
SUP0131,C,10,0.0650456955251149,0.5864546384510628,19.292193280940733,89.07276753010734,Fail
SUP0131,C,11,0.0656270482872184,0.6428810868903372,25.338837321501707,78.5386378960535,Fail
SUP0131,C,12,0.0681558982323033,0.6865371651372143,19.60562980482135,83.09054719458119,Pass
SUP0132,B,1,0.051263138420022586,0.7700753491059174,22.911795790485236,58.58982727817672,Pass
SUP0132,B,2,0.04641304074995895,0.7212534941001434,18.90380447404525,55.931907376535676,Pass
SUP0132,B,3,0.2367616188093285,0.7251165850468914,28.76454134249511,61.70632122711528,Fail
SUP0132,B,4,0.05295462690316174,0.7847809585942224,19.272686761118138,63.39195038093781,Pass
SUP0132,B,5,,0.6982972438764857,15.871698286719173,60.020225966720204,Pass
SUP0132,B,6,0.057540590617802305,0.6510568528197291,17.592630263911545,57.12598441775928,Pass
SUP0132,B,7,0.0553742245514012,0.7351705950748851,19.246143146517905,58.37751040637104,Pass
SUP0132,B,8,0.04922861118142205,0.7113977605440194,21.716912233216984,59.28942693599562,Pass
SUP0132,B,9,0.04745077730186838,0.7225347507352651,16.86343630785241,63.53604365614771,Pass
SUP0132,B,10,0.053310861493408905,0.7290551568178864,17.227842397718142,66.04723579293093,Pass
SUP0132,B,11,0.042249132005992736,0.8055374500731959,15.53317502569083,53.83997790150306,Pass
SUP0132,B,12,0.04908151291284976,0.7471842512344529,14.330999769546706,65.89338129176987,Pass
SUP0132,D,1,0.057572807537843676,0.6969244713892445,26.114080474409654,64.08649733103172,Pass
SUP0132,D,2,0.03804795556211972,0.7364046776723914,17.68809065580609,49.80858314905373,Pass
SUP0132,D,3,0.04597316081540535,0.7214169419385607,17.339314487352308,51.14517638764592,Pass
SUP0132,D,4,0.04850720324739679,0.6595145063280916,21.215329478763206,55.740603049003845,Pass
SUP0132,D,5,0.036376819440980264,0.7710408558464643,22.807520584017738,52.65387807554035,Pass
SUP0132,D,6,0.04494203686197846,0.755784379811146,22.557051091367708,48.70734539328121,Pass
SUP0132,D,7,0.05524922673494482,0.652479649589636,21.448503099059277,69.01085087341694,Pass
SUP0132,D,8,0.04839017370767469,0.7388147827464798,18.055710038586472,63.82373788442096,Pass
SUP0132,D,9,0.047550679664740365,0.7509545752479143,19.359892159299726,64.06949789602446,Pass
SUP0132,D,10,0.0635119214619548,0.7169676664591228,18.982446987527553,62.980916050852706,Pass
SUP0132,D,11,0.04379056498743723,0.772959781779407,15.872920011281858,57.018008923147015,Pass
SUP0132,D,12,0.05610785763185783,0.6689939137010887,29.582316229587853,66.03370339825425,Pass
SUP0133,A,1,0.06934260841162163,0.6133583025044251,17.592296989615132,76.94938029303145,Pass
SUP0133,A,2,0.04620840847596851,0.677608942415561,21.983285616599794,79.1516219731381,Fail
SUP0133,A,3,0.05678540217197404,0.6143908588367659,19.675415181123956,86.26520871390245,Pass
SUP0133,A,4,0.060443032356687895,0.6188119437918987,19.161136787395986,85.36690469105433,Fail
SUP0133,A,5,0.06630170397032362,0.5559913371816324,17.20766676811286,90.50423834148299,Pass
SUP0133,A,6,0.06288442743210582,0.7034826857434296,16.35904474810739,87.29971967039562,Pass
SUP0133,A,7,0.06916845712009732,0.670119295711339,23.731752440963596,88.80077758021626,Fail
SUP0133,A,8,0.06143874677638975,0.5546368521154937,21.037916023388284,99.0,Fail
SUP0133,A,9,0.07492771079146897,0.5701612763605787,21.072985627288396,96.05431223656477,Fail
SUP0133,A,10,0.07020206256622251,0.5894712806658954,18.05825239116901,85.00832623145259,Fail
SUP0133,A,11,0.06626120222679274,0.626457440264603,17.73315756092804,89.49451875078171,Pass
SUP0133,A,12,0.08158383782164357,0.5931767626240451,21.086765362927075,97.2398831563539,Pass
SUP0133,D,1,0.06594358192610528,0.621001325684745,23.313791498760907,76.67644308781651,Pass
SUP0133,D,2,0.0437569991087643,0.6032153413625833,20.89559937475568,81.74521372230109,Fail
SUP0133,D,3,0.06481970289967995,0.665394267042964,23.79081375185092,78.10372541116678,Fail
SUP0133,D,4,0.04453492125261672,0.6913049987442373,24.77239871496527,79.97302138530843,Fail
SUP0133,D,5,,0.6079054758635514,25.361904451948263,90.98415610664979,Fail
SUP0133,D,6,0.06297521471567044,0.5868837655751891,23.490805151247486,98.43341222065985,Fail
SUP0133,D,7,0.05870855673050236,0.6393563814588306,11.943750801357295,88.21032833193097,Pass
SUP0133,D,8,0.050712506287496656,0.7143260891804601,20.305082259285147,76.14589070562619,Pass
SUP0133,D,9,0.06670529174946487,0.6095126650591365,19.039679266431172,89.9195631286045,Pass
SUP0133,D,10,0.06350908770372189,0.6400182172199795,21.760482076088522,86.23432669827315,Pass
SUP0133,D,11,0.06783673158255248,0.6215538998837455,26.445812736027676,89.65370619349814,Fail
SUP0133,D,12,0.06279214783865193,0.6751385597281157,24.928987529234874,89.80519662080006,Fail
SUP0133,C,1,0.07417806286940201,0.5907016365753261,25.926163355153957,87.05620071520774,Fail
SUP0133,C,2,0.06926489319295279,0.55,21.050332010521444,83.96421971555023,Pass
SUP0133,C,3,0.07408735670308476,0.6333653726787023,20.5908027144479,90.23838643662582,Pass
SUP0133,C,4,0.045855790379754124,0.677927238972563,21.724210794963955,80.23565610727228,Fail
SUP0133,C,5,0.06765216839052957,0.6548644716700958,15.947973820308906,81.42110767441464,Fail
SUP0133,C,6,0.06691471736453337,0.6069457187853848,17.75501185010942,95.60771884402772,Fail
SUP0133,C,7,0.06150571193163164,0.5806861628106424,17.957183601707833,89.71469110111235,Fail
SUP0133,C,8,0.06117502670218283,0.7026318436250971,21.204293435697107,76.29375261805698,Pass
SUP0133,C,9,0.06792303845166217,0.6267971413781199,20.121812090410756,84.00254414251587,Fail
SUP0133,C,10,0.06423262226411235,0.6011803870003988,21.16545042526367,92.21305231401905,Pass
SUP0133,C,11,0.06830693175657818,0.6300934322785955,27.23309798809588,95.16005550728728,Pass
SUP0133,C,12,,0.5681249583686993,20.281597750730104,94.7555638483854,Fail
SUP0134,B,1,0.037988243045463374,0.7990497292446826,11.643521407724617,42.56245871001696,Pass
SUP0134,B,2,0.047309905406007165,0.7315687317226589,16.354009814828448,42.988883555142,Pass
SUP0134,B,3,0.04982826636913256,0.7812901082848289,18.631564881615635,41.6991524029902,Pass
SUP0134,B,4,0.02762379955719928,0.7271982774687222,13.872387816568903,44.58293214817669,Pass
SUP0134,B,5,0.035032173515507414,0.8039728089154088,15.844937004836783,44.17559283792313,Pass
SUP0134,B,6,0.034315238342786276,0.7633980126562212,18.440216728925797,44.85406082099081,Pass
SUP0134,B,7,0.055460580834813866,0.7039785910382494,17.47535540195952,55.77026743688771,Pass
SUP0134,B,8,0.04572773595201031,0.7393762937237779,16.164632429722612,40.22666651987771,
SUP0134,B,9,0.028813852899966477,0.7667273433794692,11.434061129041195,41.675915672492664,Pass
SUP0134,B,10,0.048974300717126835,0.7421136274526413,14.338662908148054,43.16924893599098,
SUP0134,B,11,0.05626678231867004,0.738650973057887,15.421804451610736,59.49795076718879,Pass
SUP0134,B,12,0.032891006792932255,0.7911987412466597,15.659525940222908,42.828335074070495,Pass
SUP0135,B,1,0.034145191886861825,0.8594776196831487,14.741407705163358,32.709376905311885,Pass
SUP0135,B,2,0.034880153408432264,0.744664673877834,10.815152682302882,28.838490138838367,Pass
SUP0135,B,3,0.03698470252639118,0.8097025555993729,14.265550335688106,29.166615910635784,Fail
SUP0135,B,4,0.03251581028069971,0.8363745581492973,16.172832118749817,29.636770533671903,Pass
SUP0135,B,5,0.025003592428386484,0.8155485324713428,20.477739176539664,24.377611181480873,Fail
SUP0135,B,6,0.015036209923941925,0.7920166805128728,14.444109855573375,32.40746538548488,Pass
SUP0135,B,7,0.02552865391412802,0.8657906035228004,18.301190728919373,23.892272765184668,Pass
SUP0135,B,8,0.042774778078805316,0.7832771693848927,10.52267533635981,26.322883477225325,Pass
SUP0135,B,9,0.049039495925652134,0.7477917188624815,22.547451157167167,49.022974597647725,Fail
SUP0135,B,10,0.03811468732057559,0.7837361065034615,10.723136489023407,29.586835751365292,Pass
SUP0135,B,11,0.04064462781981286,0.823847775269099,18.291279291269433,27.312947148250544,Pass
SUP0135,B,12,0.04342610164022756,0.7980774782002001,21.434913342657396,33.54806095518908,Pass
SUP0135,D,1,0.04990097208443103,0.7929255045272949,9.77030675304285,40.72511789284221,Pass
SUP0135,D,2,0.037979013911319165,0.843735680396245,13.199987995255455,18.928466189377943,Pass
SUP0135,D,3,0.053857257365490935,0.7813194271317182,12.908168548267877,27.89103251492184,Fail
SUP0135,D,4,0.04012224238402711,0.7872109713073262,14.953596611987862,34.698277134545776,Pass
SUP0135,D,5,0.03829970415122961,0.7895947813388761,10.432290366794083,26.166732658317272,Pass
SUP0135,D,6,0.09982239865307911,0.823649024117344,47.35324084961316,27.485295782275884,Pass
SUP0135,D,7,0.04028431201932852,0.7966043858762407,14.389605369891946,42.4365802008888,Pass
SUP0135,D,8,0.022917273420956827,0.8335262432359097,25.637686606527712,21.247915156903595,Pass
SUP0135,D,9,0.0348650701105358,0.8192925303251806,15.127374712104054,34.817976839834046,Pass
SUP0135,D,10,0.03233187929328676,0.8665051882314203,15.340179545482897,36.19892063061855,Pass
SUP0135,D,11,0.025297761277768994,0.8064097808818952,13.053018878268993,24.262094721077904,Pass
SUP0135,D,12,0.02530918746650969,0.7722813236316104,19.54726597366185,29.312837384202275,Pass
SUP0136,D,1,0.03249890036637137,0.7557777926182964,19.835661255314307,40.132207972582364,Pass
SUP0136,D,2,0.035020721024982104,0.8172322447970763,22.821363500115236,49.88356394615843,Pass
SUP0136,D,3,0.03915395484641464,0.7930036212292589,13.911771508676269,39.951272117542395,Pass
SUP0136,D,4,0.023322323094334352,0.7359514250790938,13.496851556647924,39.201222924238415,Pass
SUP0136,D,5,0.03877413286665991,0.7395541612983995,18.869029871251655,59.9259142708873,Pass
SUP0136,D,6,0.030436436480892153,0.7268572264313872,18.83516447643759,58.18423370207661,Pass
SUP0136,D,7,0.02422468021362191,0.7773950786593782,14.951388926240629,33.90828409072482,
SUP0136,D,8,0.029661466274935776,0.7935076385128929,12.778580791025975,53.890189252396446,Pass
SUP0136,D,9,0.05435045592564977,0.7236316467991135,16.359500741276616,40.35466820416255,Pass
SUP0136,D,10,0.04552797738509006,0.7712504796880759,17.79100643589233,47.892303055041516,Pass
SUP0136,D,11,0.04964446398341016,0.7653646050615264,18.43081873299501,48.61932320518099,Pass
SUP0136,D,12,0.04652189616155682,0.7636280939847979,20.448411614126403,54.09474871495341,Pass
SUP0136,C,1,0.048557607116057805,0.7388444559908003,24.567942874543782,47.93998724562877,Pass
SUP0136,C,2,0.06393761919745854,0.763630162082656,17.36047121150867,50.97624360057039,Pass
SUP0136,C,3,0.04613355724687547,0.7755304919113581,20.77310676636021,51.36243702289802,Pass
SUP0136,C,4,0.04594989600439568,0.8139501958692427,15.145785195767026,43.12112377241518,Pass
SUP0136,C,5,0.05569904262955669,0.8183481981340507,16.97425401006909,48.2675834238769,Pass
SUP0136,C,6,0.028990174169161435,0.761413810731655,13.825896616247007,41.3057448868685,Pass
SUP0136,C,7,0.0522837321417155,0.7888606769549708,15.310335636056612,49.59825730776626,Pass
SUP0136,C,8,0.04555349745600582,0.7613752333643317,17.040248445544243,51.417104837199844,Pass
SUP0136,C,9,0.04390045196710041,0.7241643125342901,14.604275213050643,38.74327614622872,Pass
SUP0136,C,10,0.036306355475442885,0.7628725563879734,19.731723423270402,55.96015036252132,Pass
SUP0136,C,11,0.048449828240974,0.7261927738265634,18.811040486365936,59.974989636211006,Pass
SUP0136,C,12,0.05203406804735432,0.7546346493640576,17.74928349866045,53.139443176016634,Pass
SUP0137,A,1,0.05582472282775399,0.7008574421891338,21.214908782982793,78.39636280972525,Fail
SUP0137,A,2,0.054114853609334,0.7244391555030499,14.829680304108123,71.32615246554953,Fail
SUP0137,A,3,0.06219597854403865,0.6725467429750992,17.66099593584282,61.74271664352593,Pass
SUP0137,A,4,0.05754697564262545,0.6064356012093722,13.161189759220878,73.28908100897961,Pass
SUP0137,A,5,0.04539013944663189,0.6321579675137508,28.789708465632078,84.53858956955048,Pass
SUP0137,A,6,0.048402895829784985,0.6758754192267981,20.46967313986106,73.99492463277272,Fail
SUP0137,A,7,0.06530675941514416,0.7251222448820234,20.548199744884762,78.545239134024,Fail
SUP0137,A,8,0.06743612775849696,0.6471451914505122,20.504960197647794,75.09868623111744,Pass
SUP0137,A,9,0.06796470599539504,0.6257389524069074,29.365418871271864,81.28840837867126,Fail
SUP0137,A,10,0.059478974079407526,0.7343438361129724,23.21143534156414,79.89353688280326,Pass
SUP0137,A,11,0.06396884845303139,0.6121718157499489,23.781581308311942,85.85459751056388,Fail
SUP0137,A,12,0.06409562634781206,0.643034362174377,21.668710862775242,84.47525685977965,Fail
SUP0137,D,1,0.0632428788136999,0.5980514643706113,22.96378694411304,79.60287698661006,Fail
SUP0137,D,2,0.048736856160870985,0.6776377079224855,19.575902822999534,72.54103072164885,Pass
SUP0137,D,3,0.05444663440834604,0.6316593993308148,19.00995702035782,85.21775587531752,Fail
SUP0137,D,4,0.06242578335177217,0.665803431355741,15.775052937747896,77.21592903337844,Pass
SUP0137,D,5,0.05198141212414039,0.661445036527932,28.305230328210435,72.96029830315153,Pass
SUP0137,D,6,0.058991451109925964,0.7093863967968473,18.80753574020399,83.64013066805138,Pass
SUP0137,D,7,0.06525849465418652,0.6957390547979047,14.579540955511185,75.88670546709834,Pass
SUP0137,D,8,0.06586770114075223,0.6927679005566856,21.455456930414574,78.38980543959147,Fail
SUP0137,D,9,0.06708064723944282,0.6171804443245497,19.142359527649564,79.0165416800001,Fail
SUP0137,D,10,0.05784665682337939,0.701388624000866,16.045911432731735,67.5153136445046,Pass
SUP0137,D,11,0.05335698236400036,0.6425002400693376,23.812437178765293,83.09004547966194,Pass
SUP0137,D,12,0.055926005152617295,0.6659452647979833,25.87132891281476,87.25279203549883,Fail
SUP0138,C,1,0.049968212315287135,0.7276761333662258,21.328843573451472,64.50848445095181,Pass
SUP0138,C,2,0.04299828490471196,0.731545685017739,10.969813529468697,57.71938615202141,Pass
SUP0138,C,3,0.06348501576854665,0.7498816086364132,21.723786730004882,65.05137592483361,Pass
SUP0138,C,4,0.0442953251835063,0.6749245294938586,17.652543619328146,60.21783608303492,Pass
SUP0138,C,5,0.06962726163843658,0.7712055091067291,18.375933394798,70.69270462933088,Pass
SUP0138,C,6,0.05560757337850176,0.6822701973446711,16.573231598359634,56.70635453744116,Pass
SUP0138,C,7,0.04840655737160318,0.6371556593669364,20.10286631458063,76.02976256932479,Pass
SUP0138,C,8,0.07069646815308736,0.6468552955005149,20.194592950376155,76.43095970008756,Pass
SUP0138,C,9,0.25,0.7409876313409453,25.157319729097754,75.38051279435871,Fail
SUP0138,C,10,0.045263558076433466,0.7011345253491843,25.550425619301784,72.7630245429321,Pass
SUP0138,C,11,0.07750353637877863,0.7545120292477233,20.508474622258174,69.82596011748818,Pass
SUP0138,C,12,0.058017119629218336,0.6735860498192917,15.957896336024527,66.81296651876148,Pass
SUP0139,A,1,0.032904515909374904,0.7422716614440588,15.038337142504131,38.58827608406578,Pass
SUP0139,A,2,0.039640754554936784,0.7773466024475739,15.238722324015852,33.69251249664154,Pass
SUP0139,A,3,0.024784646936302987,0.824985992362157,16.856083331881546,36.02326633437848,Pass
SUP0139,A,4,0.029071177190051197,0.8937915524449515,18.59474746088934,23.87345570417382,Pass
SUP0139,A,5,0.04668549244985233,0.8107636630497524,13.912274065383508,38.23004986011424,Pass
SUP0139,A,6,0.026548953192999478,0.8162163185153509,21.40989735167752,34.35758938186186,Pass
SUP0139,A,7,0.043790631795481594,0.8846644931258314,17.136200984125875,28.009234500406038,Pass
SUP0139,A,8,0.025191149576841515,0.84480674806763,17.39104886131335,35.68206774446881,Pass
SUP0139,A,9,0.0328648918359756,0.805318487973524,14.65532585061294,36.784398386860325,Pass
SUP0139,A,10,0.03634565917077643,0.7686982740935112,18.021776594315995,47.91465523645041,Pass
SUP0139,A,11,0.042809852584022326,0.7720182787700038,14.759495760545834,37.2144117710258,Pass
SUP0139,A,12,0.029320305086584515,0.7329255274330336,16.759772545476583,55.382576453816355,Pass
SUP0140,A,1,0.03632610590339466,0.7998725617074356,18.143444046125513,45.24905181655295,Fail
SUP0140,A,2,0.04578195951460074,0.6729764999421053,18.144773883739163,46.05241653521538,Pass
SUP0140,A,3,0.030902099033212595,0.7813240028064884,13.143911122094558,40.81130033147175,
SUP0140,A,4,0.04477350001970056,0.7509649832866203,18.275249711893704,46.20113979315526,Pass
SUP0140,A,5,0.050044780335439125,0.7023239257703978,14.162068076304394,64.75962178519494,Pass
SUP0140,A,6,0.04349793518288399,0.6875500842417269,18.923717557275126,64.9081243097202,Pass
SUP0140,A,7,0.04947684742504811,0.6692967759622631,23.63020457798204,48.21676824369337,Pass
SUP0140,A,8,0.047373417601826756,0.6876295769813242,22.327888562803913,51.469085283766084,Pass
SUP0140,A,9,0.013072609226523774,0.7913767816251257,19.78693314552774,47.91342104105865,Fail
SUP0140,A,10,0.03840773829450512,0.6850548119576031,14.666464086797749,51.78189901574558,Pass
SUP0140,A,11,0.0410568541223715,0.669778996706707,14.996601121839198,51.767002905623215,Pass
SUP0140,A,12,0.05068813487200263,0.6867803013944628,14.553081726579798,62.23354779135732,Pass
SUP0140,C,1,0.05094771227759688,0.6708002074857873,12.853729431308977,52.72386437140733,Fail
SUP0140,C,2,0.03370786508948149,0.7743095591757511,20.609287790753722,46.74472666711431,Pass
SUP0140,C,3,0.055935895160572485,0.7124569852763573,20.373543654405662,52.988792992161315,Pass
SUP0140,C,4,0.05899808525405331,0.6662793923503917,23.72246389289056,62.12263018988054,Pass
SUP0140,C,5,0.031599728685825335,0.7875245136345435,13.67526339121758,50.74350272228152,Pass
SUP0140,C,6,0.03854369565728638,0.7402913272909284,24.078693841222638,59.89619651757046,Pass
SUP0140,C,7,0.03237999288165698,0.7693577099773835,24.93280099680691,45.40662497087593,Fail
SUP0140,C,8,0.056788425876873286,0.7191249204734118,17.502679652743012,59.93072873813655,Pass
SUP0140,C,9,0.037868897778594826,0.7777244105996022,21.473892487921955,52.50447812361111,Pass
SUP0140,C,10,0.053068114148916816,0.6846973115806634,16.8345821469809,55.89022568382411,Pass
SUP0140,C,11,0.05140055456712331,0.7004834813495084,17.404252963041426,57.86319665012361,Pass
SUP0140,C,12,0.04430191481952347,0.7120870648517782,22.928903489833615,50.19548052974941,Pass
SUP0140,D,1,0.03068831811369336,0.7772314857325378,15.522909533313896,49.4708500909807,Pass
SUP0140,D,2,0.03903577401884111,0.7385364215293918,16.873648775663526,50.51257250115475,Pass
SUP0140,D,3,0.03326703526794592,0.7368215283380136,16.897905174986416,59.27231803937314,Pass
SUP0140,D,4,0.056170140391979345,0.7305014011729762,17.4157924897599,56.956328099253014,Pass
SUP0140,D,5,0.05097299772430398,0.7377015689522767,14.680757207198372,56.83199258537112,Pass
SUP0140,D,6,0.05480010736060978,0.7210440504270937,17.418788050551743,50.2796499841281,Pass
SUP0140,D,7,0.041039975938375446,0.7878211935624855,20.55498402334274,45.18143833714156,Pass
SUP0140,D,8,0.05240250975494666,0.7765405356056365,18.584697598492887,49.3008915360606,
SUP0140,D,9,0.04538188006874751,0.8041896181637125,13.143749943766569,54.16153875920118,Pass
SUP0140,D,10,0.039134615960350075,0.70727284363797,22.358347231599883,62.16511029856245,Pass
SUP0140,D,11,0.05276994175834026,0.6611903004024916,19.601193776386193,54.05097906592541,Pass
SUP0140,D,12,0.05608690373655664,0.7134378117477598,16.41500187518636,63.64806543770688,Fail
SUP0141,B,1,0.047413401106961545,0.8058391580476765,20.735013629093388,45.450255431086454,Pass
SUP0141,B,2,0.03650659207054361,0.6932593160557264,22.179137638218894,51.30627681057,Pass
SUP0141,B,3,0.04484418338286691,0.7476946324530329,15.143147018887742,45.009906322432386,Fail
SUP0141,B,4,0.04407409213851651,0.7763358675542219,19.09498123796677,41.12491825692099,Pass
SUP0141,B,5,0.02700771537220941,0.7837740312229035,7.550563028826925,45.06390822810632,Pass
SUP0141,B,6,0.05716977432449967,0.7576699258671454,18.73877672364791,51.1285930464519,Pass
SUP0141,B,7,0.05184936052973703,0.8128489421296028,19.75102565007697,42.25126953695048,Pass
SUP0141,B,8,0.054031609865434004,0.8144187266570448,12.559470249495392,51.38050619827175,Pass
SUP0141,B,9,0.028398640695158083,0.8312376009248287,9.906981305655325,31.607761583273444,Pass
SUP0141,B,10,0.025181512789072505,0.7578516582242629,17.493296436183048,49.60333297623232,Pass
SUP0141,B,11,0.03837442713195339,0.729046586311898,20.00509805063728,54.245639708472105,Fail
SUP0141,B,12,0.047174485619573006,0.8327328949163141,25.52479091624039,52.28017222049792,Pass
SUP0141,D,1,0.03985588389832105,0.8172470456980828,15.989760745069495,37.01186735828486,Pass
SUP0141,D,2,,0.7738814898811514,16.507077028679433,45.03141945761073,Pass
SUP0141,D,3,,0.733341128171208,19.411771720833425,53.94141540375996,Pass
SUP0141,D,4,0.05006543409415325,0.8115040225155499,12.814720336143981,40.40586579941816,Pass
SUP0141,D,5,0.029300569710213647,0.8351521632232226,12.805111072782589,37.44018800828954,Pass
SUP0141,D,6,0.04688463679367249,0.8450538951518367,13.070401697443474,47.10145894035576,Pass
SUP0141,D,7,0.044732674965568216,0.7669242511350621,20.017738657520436,46.66941651154606,Pass
SUP0141,D,8,0.04149041694291448,0.8096469733098193,14.916840072539152,41.55592303572264,Pass
SUP0141,D,9,0.033926757450852316,0.7679814591107524,16.6759434459686,40.09377251155408,Pass
SUP0141,D,10,0.03335473536144667,0.7054107485521536,17.515939434270116,49.56265048646915,Fail
SUP0141,D,11,0.03611803577828682,0.8256178499950786,16.121686137425254,48.27806564009538,Pass
SUP0141,D,12,0.05215115693666796,0.7384055745510222,16.40121828954434,57.03252309180455,Pass
SUP0142,A,1,0.04393757535952443,0.811683246801153,8.566768035720777,41.856708274669636,Pass
SUP0142,A,2,0.03159700616121274,0.8172003904852478,18.569608245496607,45.780898837137954,Pass
SUP0142,A,3,0.030971467391531192,0.7580838113150493,20.095269118238097,41.81824459791567,Pass
SUP0142,A,4,0.04538310010657427,0.7681250102090295,17.7530345507144,42.030882538063835,Pass
SUP0142,A,5,0.04819656755277046,0.7820036129453394,19.160390079498534,37.617091768918506,Pass
SUP0142,A,6,0.03377421451141811,0.80645013335752,13.838381004558958,42.616101957522446,Pass
SUP0142,A,7,0.028475723031876624,0.7893686494875218,16.97752715405145,32.09612909507351,Pass
SUP0142,A,8,0.03755598876235869,0.7814754121887586,17.685191073562205,44.52340729931286,Fail
SUP0142,A,9,0.03881462722863779,0.7281474510670615,22.75727772232027,48.886074568834196,Pass
SUP0142,A,10,0.01861432770202023,0.7803254159365396,19.27282665505718,40.25107942829553,Pass
SUP0142,A,11,0.04107312961965725,0.7281299499532216,20.28352054842415,38.43705346558715,Pass
SUP0142,A,12,0.044788060422579726,0.7520458772357689,12.756276123855729,48.95256696086281,Pass
SUP0142,C,1,0.046422223355582694,0.7456506992013929,15.77656721469597,42.27168986771765,Pass
SUP0142,C,2,0.0537393591044029,0.750635350399423,20.871069314971763,37.82693455294496,Pass
SUP0142,C,3,0.027417077151975548,0.7576523185497986,19.852666903300758,32.65228176851345,Pass
SUP0142,C,4,0.052528130408882476,0.718915376505667,16.164994729374218,46.19115654723556,Pass
SUP0142,C,5,0.0345507245392348,0.7888689267337845,13.252916114153116,33.41239568396521,Pass
SUP0142,C,6,0.04476496301499705,0.7628367475403909,14.43687611344223,48.53182473095414,Pass
SUP0142,C,7,0.04914131635961858,0.8019924749531265,15.724649440169172,52.23942785549817,Pass
SUP0142,C,8,0.051453974184909726,0.7165186813610702,16.758267625971214,47.20889486060783,Pass
SUP0142,C,9,0.029161383675766588,0.7416827616579312,11.556639270259025,42.945262191303314,Pass
SUP0142,C,10,0.034656122141220325,0.6800906304944363,16.896374577895678,52.88816410537986,Pass
SUP0142,C,11,0.03764288189141226,0.7328741355489586,17.884155644145146,49.448003927976735,Pass
SUP0142,C,12,0.046762404036688125,0.8303167214389358,19.88438815412648,42.46028847409787,Pass
SUP0143,A,1,0.030930935766517433,0.8783117765718901,21.931793240054574,27.594049412951403,
SUP0143,A,2,0.04127921588358849,0.8519849111155344,13.287139839638648,32.203210224881666,Fail
SUP0143,A,3,0.035527551661628354,0.8312405352476762,17.396093380142517,30.859014215945344,Pass
SUP0143,A,4,0.039052546088993556,0.7099724492304579,12.703146119544627,46.68427501081655,Pass
SUP0143,A,5,0.03531173808884614,0.8624896424312751,13.521599626441605,23.361407636247343,Fail
SUP0143,A,6,0.04236816350783397,0.7555056161175716,13.214296674072658,34.39744279595731,
SUP0143,A,7,0.05478647606212439,0.8066925717671016,16.991224027676775,36.57395784957809,Fail
SUP0143,A,8,0.03486171368621982,0.7399476203209491,15.20565750927635,33.917000754361155,Pass
SUP0143,A,9,0.024291473052053182,0.8653016794112657,13.509605886594503,32.80677230040883,Pass
SUP0143,A,10,0.02415967138312121,0.7979097859453692,8.760308251628434,33.795513525211376,Pass
SUP0143,A,11,0.03816378747931985,0.7773762399565194,18.22220791638061,41.583074055012084,Pass
SUP0143,A,12,0.024131733586169175,0.766548251630827,16.98167838631917,29.190523124012593,Fail
SUP0143,B,1,0.020066330418262758,0.8741160313022232,17.360162568472333,23.5595191630591,Pass
SUP0143,B,2,,0.8669171460524538,14.787740837420408,26.30427105529897,Pass
SUP0143,B,3,0.03931690697908689,0.8887282609421951,14.710105448245656,28.805695323223183,Pass
SUP0143,B,4,0.0428006906981647,0.772495677295026,14.171658662918798,42.587763015862926,Pass
SUP0143,B,5,0.020529498814828944,0.8488090895593405,14.031342136046147,26.963016217058186,Pass
SUP0143,B,6,0.022414716577573164,0.8579903982023147,14.676913090690142,37.44939041374192,Pass
SUP0143,B,7,0.037498106310088056,0.7580068793596625,17.42388226271421,42.41772534652047,Pass
SUP0143,B,8,0.030855969570899512,0.8135146836910347,16.732026767071158,33.58450973577064,
SUP0143,B,9,0.038431362303947975,0.7946248797437919,17.064851294328015,38.40157891325593,Pass
SUP0143,B,10,0.02987661800714815,0.7924357981071799,18.02983032648293,36.386805452286254,Pass
SUP0143,B,11,0.04334619792651927,0.8218871950872991,15.524641763129036,33.52569536693227,Pass
SUP0143,B,12,0.03865925390798165,0.7793605514605565,22.083846189755214,44.388043498836055,Pass
SUP0143,C,1,0.0279179574162165,0.7966167266338179,15.047721988498912,28.534909386104626,Pass
SUP0143,C,2,0.0594588449563159,0.7717992281511767,12.188086147829045,39.356947540371934,Pass
SUP0143,C,3,,0.8081630777317542,19.094503465476425,28.186647488707116,
SUP0143,C,4,0.038462590060710844,0.8854110880711451,14.152285952329482,32.31071450234114,Pass
SUP0143,C,5,0.04181336688514839,0.7339696252077804,15.480367013551227,48.357061867620544,Pass
SUP0143,C,6,0.034518986999129295,0.8293483621218617,6.13443968562242,28.81377036582154,Pass
SUP0143,C,7,0.05061626093661235,0.7554180548873758,22.751347040016228,45.77207827382506,Pass
SUP0143,C,8,0.043644298163422086,0.8482471907365026,21.950880065033886,33.63028280805631,Pass
SUP0143,C,9,0.048186792949964224,0.8125075220403354,9.487440877237075,38.97474355300552,Pass
SUP0143,C,10,0.046973356391335756,0.8059704095723773,13.932905658865357,42.35854886539722,Pass
SUP0143,C,11,0.056393761403454576,0.8089342582892981,14.230603409535977,38.33558949165373,Pass
SUP0143,C,12,0.03520388513801037,0.7985541742947095,21.31420011026764,46.63346340730182,Pass
SUP0144,C,1,0.03926932780108539,0.681034213764875,11.62621024892787,49.75015150354812,Pass
SUP0144,C,2,0.046510847080623585,0.7049244594082726,16.31176713953363,53.58128073898097,Pass
SUP0144,C,3,0.05271337548876568,0.760871441118144,23.67203750823883,47.894414888071346,Pass
SUP0144,C,4,0.04698963870924784,0.7306092070222506,22.49730852271514,68.29418103995093,Pass
SUP0144,C,5,0.04888166639168208,0.7328135790872531,18.3214304263275,49.40710570353143,Pass
SUP0144,C,6,0.03309589237761625,0.7826421201085493,17.244284438445504,53.87277233777584,Pass
SUP0144,C,7,0.030850853764879626,0.6931312713923291,26.40717914309287,61.08142588232172,Pass
SUP0144,C,8,0.05706355537750764,0.6500723634329257,20.364953890677217,72.65132182871218,Pass
SUP0144,C,9,0.04589533490612801,0.7864146536274054,20.929941207967726,57.33968865871075,Pass
SUP0144,C,10,0.05853624870213481,0.7178302071913837,22.230615616928805,73.6111390315205,Pass
SUP0144,C,11,0.05614068018247104,0.7541676646687199,21.752709795266792,63.580830727802066,Pass
SUP0144,C,12,0.047494854611519345,0.7305208474984911,18.611590714357646,56.87595631643858,Pass
SUP0144,B,1,0.03913545132629253,0.6931440831570413,13.995706031354455,51.32943741170994,Fail
SUP0144,B,2,0.05519802147197785,0.830926630819397,20.139560251997732,38.356955269260105,
SUP0144,B,3,0.06119290661339019,0.7906219397314546,17.076711479995787,44.7739222087347,Pass
SUP0144,B,4,0.047301419476171565,0.8011590827259496,11.413479824424922,56.00356097988028,Pass
SUP0144,B,5,0.03491140126872867,0.7690394988914554,14.901505271784073,47.37331424171337,Pass
SUP0144,B,6,0.05618184359925613,0.7427889787659835,21.085866041247417,62.81551055136481,Pass
SUP0144,B,7,0.046163893234497384,0.7237344893087507,10.118186613917775,58.31690380147063,Pass
SUP0144,B,8,0.054955170575234254,0.6900874346346411,14.922619455854882,61.17450133529562,Pass
SUP0144,B,9,0.06464633268130235,0.7214138844691615,15.784744052009216,63.57610687558885,Pass
SUP0144,B,10,0.05774014024061844,0.7462844034047655,16.160874566870056,60.12719139817662,Pass
SUP0144,B,11,0.04652448856801916,0.77631175163967,14.122109017732853,59.955147595663774,Pass
SUP0144,B,12,0.05151495092915734,0.6820323174380656,16.845986010428057,63.89596205710617,Pass
SUP0144,D,1,0.0498547155523279,0.7644553769356986,15.705093791708324,49.939996794481175,Fail
SUP0144,D,2,0.03813633277139685,0.768019079824361,12.995325768096599,51.632867605043174,Pass
SUP0144,D,3,0.05658891438536468,0.7412578627532986,14.13928763827171,64.72620281307933,Pass
SUP0144,D,4,0.028625817557784445,0.7493061688544176,15.84139808922696,57.52291454625535,Pass
SUP0144,D,5,0.03512228577839314,0.7026347839914755,13.39551083674799,46.2412684499787,Pass
SUP0144,D,6,0.043377909304695796,0.7889518154843222,19.310593870532422,55.38776521554065,Pass
SUP0144,D,7,0.045366407897357686,0.6730714172153003,18.825738728655548,64.55665055792569,Pass
SUP0144,D,8,0.04927947022206626,0.7284972722952838,20.67006562789023,66.0180269443178,Pass
SUP0144,D,9,0.05099573333499633,0.7462118120002373,14.28418202182955,53.34794599098777,Pass
SUP0144,D,10,0.052579275490817465,0.6744194062690095,16.030928993602156,58.47821144868461,Pass
SUP0144,D,11,0.039037445776365726,0.7023369972704121,14.972865485216097,64.23252697996905,Pass
SUP0144,D,12,0.037018019196663796,0.7321341793176429,21.77208848671957,60.38118077028273,Pass
SUP0145,C,1,,0.6941992981852292,15.18899833721354,72.4520074989395,Pass
SUP0145,C,2,0.05066201769682385,0.719648001924746,19.950365181040297,65.27009203289025,Pass
SUP0145,C,3,0.06621152988386858,0.6341950114294984,17.50413697959027,72.59928287445612,Pass
SUP0145,C,4,0.06497138144736406,0.682960724118084,22.392651580369936,71.31201533759811,Pass
SUP0145,C,5,0.04499974122606462,0.6624894204755069,22.218397149774923,75.8819571293336,Pass
SUP0145,C,6,0.05285365395776338,0.6404352039739618,24.52924650183083,73.0066814149673,Pass
SUP0145,C,7,0.049209382313411945,0.678242575557355,23.879738527492826,78.06896957716195,Pass
SUP0145,C,8,0.050067936673452884,0.6628936092015877,21.973153023990807,75.86963216000994,Pass
SUP0145,C,9,0.06511239134863643,0.7460740594687078,14.451146627826509,76.61716981825964,Pass
SUP0145,C,10,0.047676032445188254,0.7040792836075517,15.09160364479739,71.89877517675774,Pass
SUP0145,C,11,0.044027485938234016,0.6319522579908029,23.21416985113278,80.3031722425411,Pass
SUP0145,C,12,0.04589954830049824,0.7109123610616948,22.980159919799444,64.90418546203006,Pass
SUP0145,D,1,0.1714615530393551,0.6579946482989563,36.34499499584284,63.31339379540996,Pass
SUP0145,D,2,,0.6150658634981175,22.32383547310542,67.50646006367741,Pass
SUP0145,D,3,0.04505502056806913,0.6395369837342775,15.921469687634701,71.55645218983074,Pass
SUP0145,D,4,0.05987538858849823,0.6847951930998027,19.85548228425511,64.50598971343253,Pass
SUP0145,D,5,0.06299436939139305,0.6083470057197877,22.8852198265442,67.35743415116958,Pass
SUP0145,D,6,0.05907185880603265,0.6581909884282248,19.592641957117912,71.95876765454781,Pass
SUP0145,D,7,0.047971895136864465,0.7431248784334817,19.146991471053592,69.8721802316037,Pass
SUP0145,D,8,0.06829232154047506,0.7090784950159779,22.39299824374002,75.14646500838458,Pass
SUP0145,D,9,0.0474557107290048,0.6672872044167595,17.595540148899435,69.7957711530035,Pass
SUP0145,D,10,0.06457045395693124,0.6677110348356355,17.916065041051812,70.55941495235224,Pass
SUP0145,D,11,0.07215045346623832,0.6561918230670537,19.397000272449084,72.99822380360368,Pass
SUP0145,D,12,0.06557624280857308,0.6681383542495497,18.623931755211927,78.63661079830884,Fail
SUP0146,B,1,0.041159064725430475,0.7585197961846099,11.124201538102325,45.00635035463064,Fail
SUP0146,B,2,0.030713216101457396,0.8300301087946341,17.20491132208154,39.46361932506266,Pass
SUP0146,B,3,0.03487016746394061,0.7808956975753584,17.345553552433117,37.67449121860607,Pass
SUP0146,B,4,0.020364172988084177,0.8562863664511711,17.704596305108762,36.49579343081668,Pass
SUP0146,B,5,0.02952532643860966,0.7223013603645005,16.25713081919059,40.352194517347755,Pass
SUP0146,B,6,0.03993056054235081,0.7529820506485582,10.888556723922116,46.6699160264156,Pass
SUP0146,B,7,0.030409279386478288,0.7364181732290146,17.541488889803453,36.45207133927473,Pass
SUP0146,B,8,0.04323437644179725,0.7891119855426355,19.823760959291047,46.83543031852953,Pass
SUP0146,B,9,0.033754619727410846,0.8150704695636543,14.616632770764296,43.93675272137359,Pass
SUP0146,B,10,0.046220517752304444,0.8054746167274421,15.466177415906508,43.76816379024814,Fail
SUP0146,B,11,0.03703592707006475,0.7584214637362252,15.726283326105163,40.135216817338915,Pass
SUP0146,B,12,0.04432473186035417,0.7727190263558594,18.77429681055036,49.88538137572165,Pass
SUP0146,C,1,0.04024312870125825,0.753368877126069,21.8396055577649,54.74950000571512,Fail
SUP0146,C,2,0.0348667696712784,0.7816559753646025,12.343128137376414,39.88566062322194,
SUP0146,C,3,0.04474383326821739,0.7948623025171198,12.590410756254412,47.71963811392805,Pass
SUP0146,C,4,0.028741913694340357,0.8140191966682323,16.707728512227078,40.529126479177144,
SUP0146,C,5,0.043480259558120446,0.7559287209721387,17.600377995262537,46.71775015746828,Pass
SUP0146,C,6,0.046504912758107794,0.8133919585373429,11.126726024416657,41.73519403015912,Pass
SUP0146,C,7,0.04883445365380221,0.7830411098035974,18.320709819636356,41.46493172252442,Pass
SUP0146,C,8,0.041832527495417625,0.7308252396609615,11.443371248737092,41.42090239462051,Pass
SUP0146,C,9,0.040524754636159135,0.7732190508259672,12.341204159019906,44.436119163388135,Pass
SUP0146,C,10,0.05347387615886185,0.7378337915625951,11.4409198371696,50.433539255807105,Pass
SUP0146,C,11,0.03673086275186925,0.675432993686653,14.852086796098567,58.63078425342245,Pass
SUP0146,C,12,0.0484642649543238,0.7831958058732288,17.9354325594553,44.86411006014219,Fail
SUP0147,B,1,0.044373709386905026,0.7525337599337387,22.065412246789286,56.040394764828996,Fail
SUP0147,B,2,0.04981526883423579,0.852581967569596,19.90269058155974,53.69055670520926,Pass
SUP0147,B,3,0.05284338276069923,0.6690562805026709,23.94023239633021,65.26678213589638,Pass
SUP0147,B,4,0.05197564214067832,0.6564792727761155,16.704566648209514,66.76171513125576,Pass
SUP0147,B,5,0.04711519177098741,0.7168416865819319,22.837388810535145,61.770103269967485,Pass
SUP0147,B,6,0.0418219133295004,0.6947301212067478,21.015856814337738,60.844247240585304,Pass
SUP0147,B,7,0.04356143012496506,0.7210985505625731,22.362073560683527,57.05270111591398,Pass
SUP0147,B,8,0.05702231516177409,0.7331145857930433,22.3933309512053,73.08685181906813,Fail
SUP0147,B,9,0.05243896782639718,0.6717920375196191,19.680235695408616,61.46813158456117,Pass
SUP0147,B,10,0.06671765386306376,0.7124051026532334,16.678208365135404,71.69320124323721,Pass
SUP0147,B,11,0.05747758401321149,0.6919424806563709,17.32628491301854,71.0603994952637,Pass
SUP0147,B,12,0.06535049184365248,0.6410739142894658,17.852769007524188,78.31089199247093,Pass
SUP0147,C,1,0.05574516153314284,0.7220495037569433,17.554249168520748,59.67143751565996,Pass
SUP0147,C,2,0.04973876936217042,0.6957724958255009,17.30669175402202,60.59379966273832,Pass
SUP0147,C,3,0.04618191162690001,0.7069063903357742,20.776932089806703,62.97454061035144,Pass
SUP0147,C,4,0.05348433143731782,0.6527656363270529,23.66669554919217,63.525326788717344,Pass
SUP0147,C,5,0.04911348450623191,0.6330904276333074,16.98112414314937,66.23459813302956,Pass
SUP0147,C,6,0.06701809951250531,0.6547071076812926,15.005406843448004,68.29736096934572,Pass
SUP0147,C,7,0.06225266370753583,0.6964492462598861,22.581409529887942,68.0738876549673,Fail
SUP0147,C,8,0.06562964459644285,0.7183811865069568,21.307367205317494,75.51505473426114,Pass
SUP0147,C,9,0.0401267833676559,0.6832301126238649,20.993852626425145,65.77926814458502,Pass
SUP0147,C,10,0.051154793051474606,0.774161957913542,17.699887107417027,52.377743875091255,Pass
SUP0147,C,11,0.05683828190519563,0.7266772446527703,11.925957107986784,67.13280925132186,Pass
SUP0147,C,12,0.046770877415199044,0.6752768963951586,23.571894984588475,73.09978071103649,Pass
SUP0148,B,1,0.04959252791660059,0.7188251847327995,17.59879596567701,55.720202682210044,Pass
SUP0148,B,2,0.04248011256909955,0.6796722016061744,16.817509707044632,57.76539242815902,Fail
SUP0148,B,3,0.046689316135743855,0.7184052605682073,17.018397005402417,57.46841333914805,Pass
SUP0148,B,4,0.044152009277174775,0.7604784599854674,19.520922707116025,54.68664136378639,Fail
SUP0148,B,5,0.0450780176109175,0.7917286654546429,20.522083680953802,54.31761828956648,Pass
SUP0148,B,6,0.032623082934660874,0.7004137185520609,18.38167676644044,55.01959666652891,Pass
SUP0148,B,7,0.050299972323759,0.7815680914940452,18.41145062528271,60.12338992281551,Pass
SUP0148,B,8,0.06071765591962888,0.7378998548930482,18.494328330277074,61.71961643673158,Pass
SUP0148,B,9,0.07135482130136743,0.7038065696814051,11.878880573088779,63.98914598714333,Pass
SUP0148,B,10,0.05860807223238289,0.7518229002577448,21.45936748571832,54.95717275869854,Pass
SUP0148,B,11,0.04379679223656853,0.7251768749970695,24.17032144518737,56.41104282609317,Pass
SUP0148,B,12,0.03886874992297877,0.7085472790918104,18.74512088257522,55.122856836814336,Pass
SUP0148,C,1,0.04605638915579631,0.7398510344931326,15.910970658576005,56.323827073194195,Pass
SUP0148,C,2,0.0422850984977543,0.776240397131101,16.637913004690564,48.90894427209424,Pass
SUP0148,C,3,0.0336267709806546,0.7136739686693993,17.830396435993055,58.950287020120406,Pass
SUP0148,C,4,0.05698312856091407,0.731556169002576,12.030968432076946,51.97133374192359,Pass
SUP0148,C,5,0.0478726182911388,0.6389766414715564,26.200727420748315,70.63217399047676,Pass
SUP0148,C,6,0.07155267602949426,0.7466387047199177,15.761139521310263,58.03574767981148,Pass
SUP0148,C,7,0.04409529805161937,0.6871892783181162,15.16757080224574,67.55944430704933,Pass
SUP0148,C,8,0.05981743769614431,0.6913452779472338,15.78704141179949,70.746149225369,Pass
SUP0148,C,9,0.0455476008311605,0.7312200069658215,16.468122902677315,64.07730277023862,Pass
SUP0148,C,10,0.0730994012441217,0.7771104753922939,19.833767110031452,60.04812149337433,Pass
SUP0148,C,11,0.06366739718114861,0.747601068846296,24.360265131284585,67.10122936349988,Pass
SUP0148,C,12,0.05182165638545939,0.6442228224448042,17.43344516788629,68.38645286414682,Fail
SUP0149,B,1,0.035014710420089024,0.7696800603206584,10.481116214925414,46.33402409762757,Pass
SUP0149,B,2,0.04808086403515562,0.759682825420738,17.35601074750376,54.717432464038396,Pass
SUP0149,B,3,0.03574780743186046,0.7422894799477203,13.779236504361126,47.165085225091666,Pass
SUP0149,B,4,0.05053451803261205,0.7289049490657066,16.992471022427253,58.61515583613796,Pass
SUP0149,B,5,0.053179503749454876,0.7178078664517731,23.741105685552522,51.22433046328657,Pass
SUP0149,B,6,0.05631504466673477,0.6826387167612924,13.59051684717037,55.63898163684329,Pass
SUP0149,B,7,0.03564475272518742,0.7532763461515203,21.70088032511695,57.123423800741634,Pass
SUP0149,B,8,0.047672252426351334,0.6832483825338862,18.26341428759222,67.71769501697494,Pass
SUP0149,B,9,0.054398505145552695,0.7082364479359258,17.32509244565328,55.64797687588447,Pass
SUP0149,B,10,0.03940730628290158,0.6602809367876176,16.040614262549305,62.73384853394102,Pass
SUP0149,B,11,0.04045583539061257,0.7751758954676314,15.631998813808634,62.631727860153326,Pass
SUP0149,B,12,0.06686227650161525,0.7183982663596011,17.514379095377194,57.19669935105767,Pass
SUP0149,C,1,0.03886484920199147,0.7614916907452092,10.354370585435662,53.51226554391712,Pass
SUP0149,C,2,0.05088538408020916,0.8177056003566283,16.715650004986255,44.53698527703974,Pass
SUP0149,C,3,0.03884145166080043,0.712287937482746,17.35203648111079,52.805465072813234,Pass
SUP0149,C,4,0.037030163467463725,0.7084712288372605,17.93728056566572,53.45739764641911,Pass
SUP0149,C,5,0.060987314767922934,0.7384427673969088,19.061611019076103,56.53559993652854,Pass
SUP0149,C,6,0.04877900345020656,0.7238639142215707,18.466335602434295,67.78765279129533,Pass
SUP0149,C,7,0.041581025625628765,0.7111620279773088,18.644732079899388,55.20404270649685,Pass
SUP0149,C,8,0.048674620924933305,0.7226311782132955,14.934814021962694,59.90640150108034,Pass
SUP0149,C,9,0.03893262794109969,0.6989105977073498,18.086577973481635,54.68605001909067,Pass
SUP0149,C,10,0.054288863539799025,0.722888871571522,21.36323539481161,54.140805817235446,Pass
SUP0149,C,11,0.06692168374901314,0.7685341368474533,13.341204719592316,50.791832097684065,Pass
SUP0149,C,12,0.05963442509745799,0.701787263487939,13.05246175010745,65.03885527069733,Pass
SUP0150,A,1,0.03615657470685253,0.7379765961239068,15.479700688395198,50.02442379012734,Pass
SUP0150,A,2,,0.8055157044143351,16.62329658404774,50.485598342810924,Pass
SUP0150,A,3,,0.7256954460564611,19.306030828279688,52.970598657489504,Pass
SUP0150,A,4,0.040845907868857695,0.7424804126974458,14.201934058421724,46.72914034710608,Pass
SUP0150,A,5,0.04540353206899565,0.7381154339323394,22.992576060235212,60.01032796476633,Pass
SUP0150,A,6,0.03361482315219004,0.8606009653556455,18.099275758307364,52.76904620322291,Pass
SUP0150,A,7,0.029620868442524213,0.7979668564507282,14.176915926449237,47.325931941791595,Pass
SUP0150,A,8,0.03167438348027854,0.7291501902882802,8.90292517495124,50.14516235229912,Pass
SUP0150,A,9,0.04508448861233632,0.7163823633454145,24.497463169370903,61.32094265618871,Pass
SUP0150,A,10,0.04178211884636418,0.7046832105645079,18.62176996114966,61.0796617606346,Pass
SUP0150,A,11,0.05487607516061038,0.6490502902143463,18.529126305515984,67.96976251040856,Pass
SUP0150,A,12,0.03987551662852076,0.7927517897768152,13.653136790095173,52.40005703726319,Pass
SUP0150,C,1,0.031534010946921834,0.7785530537213875,15.476717375623103,48.212273524393154,Pass
SUP0150,C,2,0.05269730857073901,0.7307145354948225,13.681225737548068,51.36842492626157,Pass
SUP0150,C,3,0.04991139703525569,0.7339430854802891,16.153285499976917,50.21403347721591,Pass
SUP0150,C,4,0.057101810753956435,0.81659608764211,14.494105849475083,57.611237070777214,
SUP0150,C,5,0.04985002885014831,0.8091467832677671,23.469778948234378,50.54318584062279,Pass
SUP0150,C,6,0.046128277904381405,0.6955291724126893,11.01013384770283,63.47246166893737,Pass
SUP0150,C,7,0.058344660687126355,0.7376145849092054,17.035100444649153,50.37115558014246,Pass
SUP0150,C,8,0.056108568674231786,0.7234655090699811,16.54492971478482,61.53464730979612,Pass
SUP0150,C,9,0.04695489955526909,0.7300331965187352,14.458515751203102,55.045968915580815,Fail
SUP0150,C,10,0.0395287533795164,0.7518406751248623,20.879047704838023,58.85214570201133,Pass
SUP0150,C,11,0.036758052602657396,0.6612432008769852,15.587705364380195,60.307918696646276,Pass
SUP0150,C,12,0.05592436659057196,0.6863050114884702,21.056577050428768,70.81072428444604,Pass
SUP0150,D,1,0.058349935922018696,0.719731087888595,16.58413855079918,54.73710669757641,Pass
SUP0150,D,2,0.04437596607145796,0.7225137446562706,21.139300118572994,45.448567956756435,
SUP0150,D,3,0.04568263085753185,0.7325782747251842,14.842429601217866,48.96874085043599,Pass
SUP0150,D,4,0.03832807244996472,0.6910650041485206,24.78583877138332,52.424114362058795,Pass
SUP0150,D,5,0.05004685108675459,0.7008135639075017,20.831641860499335,58.04432871517144,Pass
SUP0150,D,6,0.03925325134703853,0.7791159680144821,15.788143889720589,50.79058859213235,Pass
SUP0150,D,7,0.03431628237258104,0.7826479133283527,16.38867523023853,51.07431055341534,Pass
SUP0150,D,8,0.053587146606322945,0.633043475133547,17.02459112464877,68.2852964684966,Pass
SUP0150,D,9,0.052540384786125625,0.657214797607065,15.775725245125537,57.67353361992536,Pass
SUP0150,D,10,0.047013825399542526,0.7556609665445287,11.977400401696109,53.151328837591834,Fail
SUP0150,D,11,0.037450265167513194,0.7399501476474484,22.138823638041764,53.101475289344265,Pass
SUP0150,D,12,0.04730322021913845,0.7983229516687423,19.453551697098803,50.317215766237396,Pass
SUP0151,A,1,,0.7126769110976096,16.773478642219175,64.28454852996535,Pass
SUP0151,A,2,0.04794619556427824,0.6594708567105338,16.673209007777036,61.13427309370709,Pass
SUP0151,A,3,0.0543245420766074,0.6905383457161796,15.83274433320085,62.39688444780661,Pass
SUP0151,A,4,0.05763331183125702,0.7818144800784543,18.75088406143192,66.00375934214982,Pass
SUP0151,A,5,0.059782230289603326,0.7707032521759176,20.156794102062932,60.38534437815286,Pass
SUP0151,A,6,0.052074196675945005,0.6310672733033347,19.52551392034823,76.82154354017405,Pass
SUP0151,A,7,0.060832144715398107,0.7577872042868654,18.62796381473441,65.53894555064322,Pass
SUP0151,A,8,0.05228901347863316,0.6616724583255041,16.590864587305614,64.54230627564878,Fail
SUP0151,A,9,0.04402525671157408,0.7638587577214146,26.237697784093246,63.48442701144934,Pass
SUP0151,A,10,0.05130875791960331,0.7107175101254398,22.992226679035287,57.84912786700035,Pass
SUP0151,A,11,0.04897908731290272,0.6894538036155785,21.752431630800874,66.23470189890108,Fail
SUP0151,A,12,0.04186160920629304,0.7161539894495648,21.845417794715154,67.12371144368211,Pass
SUP0152,A,1,0.03769360280640443,0.738190701214518,12.341151837141798,63.316075527381344,Pass
SUP0152,A,2,0.046156304739017724,0.6864381220982797,19.02612517326004,66.16339190998139,Pass
SUP0152,A,3,0.06532182892100527,0.7033610507590285,19.043037550454915,65.79873397045091,Pass
SUP0152,A,4,0.04552461830094833,0.6810772711288668,20.93500882860827,61.14284424010244,Pass
SUP0152,A,5,0.05296803507916784,0.6987402259867878,15.843055585969957,59.20969597453944,Pass
SUP0152,A,6,0.035885047056101106,0.7687479328355545,14.216271292107082,60.709841864724304,Pass
SUP0152,A,7,0.05156601246567383,0.7643331322215196,14.315419703053742,63.323181477885456,Pass
SUP0152,A,8,0.050604967099044156,0.7154326403544539,17.88268778847101,65.50669689465956,Pass
SUP0152,A,9,0.031521095701352635,0.7609515638600929,12.747901725383947,57.69570564067961,Pass
SUP0152,A,10,0.04695153178032619,0.7434694472168212,16.563988432135098,71.92014830103572,Pass
SUP0152,A,11,0.054802439477049054,0.689170800916866,12.90451473984589,64.1131547331006,Pass
SUP0152,A,12,0.04793632163430664,0.6691975515413793,18.637493159428523,72.81080105816115,Fail
SUP0152,B,1,0.05068409387701962,0.8049027253222045,20.702105803138572,44.52519938118817,Pass
SUP0152,B,2,0.05105404941754707,0.7195376781190422,20.781503208634906,64.02491893644267,Pass
SUP0152,B,3,0.05672278351948538,0.7596618585371722,19.970782782114565,60.087644294636924,Pass
SUP0152,B,4,0.05469363030042026,0.7482466662805549,15.780234995014593,61.99767909183518,Pass
SUP0152,B,5,0.04063616399619873,0.711542355204216,13.764040820727175,63.2799376849492,Pass
SUP0152,B,6,0.062414489229028494,0.7056447170230599,18.75606438763381,65.2714697832732,Pass
SUP0152,B,7,0.05420212121420724,0.6179882030808261,17.54704434558683,74.72814639830676,Pass
SUP0152,B,8,0.05276825176886676,0.7694172583257439,19.272653378658763,59.118264302770555,Pass
SUP0152,B,9,0.06283100602157161,0.707933639295022,21.80714293578916,61.13367971169391,Pass
SUP0152,B,10,0.04712730535630276,0.6252819471374635,15.793599614510109,80.2549857526017,Pass
SUP0152,B,11,0.06321398812326687,0.6905876085896513,23.986556796494334,73.0136071792861,Pass
SUP0152,B,12,0.055425178492732936,0.7234727698453314,10.763391396127659,61.6383966309692,Pass
SUP0152,C,1,0.05668281647392982,0.7136285786542423,17.827084525086597,63.49980154431431,Fail
SUP0152,C,2,0.049009393352760396,0.7014269038149329,18.322455241840437,57.67559542655521,Pass
SUP0152,C,3,0.05161230401452522,0.742697758511147,16.45134201259372,58.65334763666406,Pass
SUP0152,C,4,0.04204487649735746,0.7068424256269702,13.74903715674267,56.593022744444426,Pass
SUP0152,C,5,0.045333976717740095,0.7130515237414922,11.972336959978419,61.24114125499899,Pass
SUP0152,C,6,0.04616559131476981,0.7511722203629082,17.26697474823838,71.10675569533574,
SUP0152,C,7,0.0494652973926795,0.6748671779902446,14.236730239699543,67.36149434330906,Pass
SUP0152,C,8,0.04957095849308878,0.7219415842566342,21.305003147326868,62.84730264669952,Pass
SUP0152,C,9,,0.6740832167023941,17.814413500666987,61.61802060964754,Pass
SUP0152,C,10,0.06201480878081247,0.7244796067316345,18.397231570346467,64.07011994984819,Pass
SUP0152,C,11,0.0707289376484976,0.6960303041000905,17.441023058761168,79.18444110889956,Pass
SUP0152,C,12,0.0446202708490111,0.6897934415077103,21.91948549839738,67.44068085502697,Pass
SUP0153,A,1,0.012249668429873767,0.9372253529446063,11.863145640613622,2.5706123412674016,Fail
SUP0153,A,2,0.011746418877572922,0.9117450426770941,8.808604707593833,4.9363006681493635,Pass
SUP0153,A,3,0.019611245865534217,0.8826612239365843,14.397770195053614,14.531311461094424,Pass
SUP0153,A,4,0.01795772522473887,0.9146142574357501,12.78959457332376,5.105827504482329,Pass
SUP0153,A,5,0.02517309550321393,0.8153057559550749,18.03141287757445,20.316243679741305,Pass
SUP0153,A,6,0.014319853936898441,0.8684892574122672,12.284990383527134,2.8064632392596476,Pass
SUP0153,A,7,0.022475252389903715,0.9030581108637861,8.256073007264016,7.908781519514664,Fail
SUP0153,A,8,0.025178191132709048,0.9152897197909928,8.512236422456528,14.943810238537331,Pass
SUP0153,A,9,0.022363728566304433,0.8589399697917613,15.196967928084057,16.428936638320245,
SUP0153,A,10,0.010528569159000715,0.9047829049005334,10.836131175953483,10.275200067267857,Fail
SUP0153,A,11,0.03580248762104572,0.8863129961122065,18.107231808489153,18.086420110031874,Pass
SUP0153,A,12,0.026555206428385717,0.8806876068633306,15.703994884643105,13.334765236170655,Pass
SUP0153,D,1,,0.8248367986118824,16.733131932220452,20.199176360727414,Pass
SUP0153,D,2,0.0270761903041105,0.8930045755359647,11.27182331170862,7.710956090959753,Pass
SUP0153,D,3,0.02310617454210354,0.877318717244919,18.068583184265037,16.988114144110348,Fail
SUP0153,D,4,0.019204708025485462,0.8934330731450331,13.399112807265917,8.882559245257998,Pass
SUP0153,D,5,0.03221784816978835,0.9112640753796997,17.555187177929305,17.784195188473756,Pass
SUP0153,D,6,0.011870636505936477,0.9210482285027219,9.4107665598831,3.5379243999833307,Pass
SUP0153,D,7,0.01062669338610419,0.8439492587169404,15.888847963316152,17.53963001555736,Pass
SUP0153,D,8,0.027839825796110426,0.8677080513122281,20.822878487304507,18.07052791129837,Pass
SUP0153,D,9,0.03144021587383797,0.9218278510356325,10.043096228182002,18.326224109952857,Pass
SUP0153,D,10,0.03778753428836315,0.9335092358522058,13.193990370307407,13.705702664879777,Pass
SUP0153,D,11,0.012845416286424572,0.8958351156193707,10.805687654013227,5.714116600617,Pass
SUP0153,D,12,0.019345123501439986,0.8802318420816638,11.334653650260794,18.649962876689898,Pass
SUP0154,C,1,0.026660788828469367,0.9559105680329045,10.385705233964744,8.54717420962945,Pass
SUP0154,C,2,0.024872495873150696,0.8367873359035508,12.825878782447006,14.551109928292846,Fail
SUP0154,C,3,0.031019506812966478,0.908572707070651,17.30047486156665,20.975656092472132,Pass
SUP0154,C,4,0.10685462729151379,0.8160495584760908,33.66186761869783,23.132976026760353,Pass
SUP0154,C,5,0.01417498793259991,0.907827521838646,17.35900771983397,12.74302224869632,Pass
SUP0154,C,6,0.012471665767127327,0.8503550236722011,9.373547458849144,15.48344410941261,Pass
SUP0154,C,7,0.021491256612786728,0.8565328818814535,15.700419460667213,19.707626679302795,Pass
SUP0154,C,8,0.018599859771439436,0.8672653240303181,14.859061093812016,12.601403891218418,Pass
SUP0154,C,9,0.036021212770118806,0.8305898313977944,17.60029428652768,22.769853323714283,Pass
SUP0154,C,10,0.02352051396398386,0.8352504843807953,11.768019502991121,17.855567425203827,Pass
SUP0154,C,11,0.03486247743938337,0.8216854475650442,10.76598506779262,24.19521343796756,Pass
SUP0154,C,12,0.03058945566443233,0.8988653604898821,13.237142093651418,16.547626339096766,Fail
SUP0155,B,1,0.04094252884095656,0.7363913329486922,10.670350246387041,51.440544340520454,Pass
SUP0155,B,2,0.03455446354831528,0.7132373633841161,20.857693645061005,49.51572996647544,Pass
SUP0155,B,3,0.051213006273186444,0.706819174581836,19.45353318187501,57.157761025031604,Pass
SUP0155,B,4,0.044758720250003915,0.6972725071362254,18.55247702562098,58.36316326033145,Pass
SUP0155,B,5,0.033851482230775276,0.6767041918476742,18.497649297330163,63.512367021907664,Pass
SUP0155,B,6,0.04572444086529636,0.7255926200941152,18.73919172411378,59.14842024926079,Pass
SUP0155,B,7,0.04924106852485901,0.6529285413828356,16.194197921296404,66.24440374508545,Pass
SUP0155,B,8,0.05014692609610702,0.7823254587421663,18.847030959642563,54.996522447834586,Pass
SUP0155,B,9,0.05868608969879265,0.7347383050019077,17.066576147373713,69.94494161455663,Pass
SUP0155,B,10,0.06011429141913218,0.7497585671920561,20.194129766750677,60.088458034571296,Pass
SUP0155,B,11,0.0492494719463322,0.7328524832856744,14.84761257803731,69.71640179691454,Pass
SUP0155,B,12,0.0415573011827604,0.7354298814578306,16.4061980541802,59.05425530921963,Pass
SUP0156,D,1,0.051236963029654956,0.6451215763486402,16.712501951593005,73.2870027298907,Pass
SUP0156,D,2,0.041994222136493384,0.6911790425908494,21.201765031611504,72.4152908417731,Pass
SUP0156,D,3,,0.6862762441080856,22.64394053714249,76.0161378109559,Pass
SUP0156,D,4,0.05308128724096418,0.6725058175561577,23.75415915154626,68.35858287079256,Pass
SUP0156,D,5,0.06341420455964095,0.7487178869134802,16.050654045812585,69.96596596437672,Pass
SUP0156,D,6,0.05356402022032774,0.7292983019106563,14.422467260506204,61.82984482367969,Pass
SUP0156,D,7,0.0425800350548443,0.6526288947620054,21.54466680779099,70.71627839668058,Pass
SUP0156,D,8,0.05844152842244252,0.6607212119332134,15.181354557671352,71.09784216557094,Pass
SUP0156,D,9,0.038589917164135276,0.7168790639565115,7.459024924807052,67.11963406264339,Pass
SUP0156,D,10,0.057192919244117436,0.68573624641055,22.564151494029883,65.51533662543312,Pass
SUP0156,D,11,0.06181367815920765,0.6305743371661068,17.96167672771839,77.1059956423486,Fail
SUP0156,D,12,0.06549625735677428,0.6303612484311981,21.45475021065831,73.27999982291708,Pass
SUP0157,A,1,0.05747013146447608,0.6935049625355774,19.271056017661014,71.11795644898196,Pass
SUP0157,A,2,0.0538501070721616,0.73654515267954,10.537058326984717,60.39619299719226,Pass
SUP0157,A,3,0.06973809934837169,0.663226753570892,15.297696676185126,66.3081386279322,Pass
SUP0157,A,4,0.058184712717597176,0.7077648395148985,19.895931605127572,75.71111458392203,Pass
SUP0157,A,5,0.051534572792493544,0.611734770947519,17.236579778911878,73.02402889441275,Pass
SUP0157,A,6,0.050299382152803544,0.7234855180257845,20.494462503093768,67.24268835232692,Pass
SUP0157,A,7,0.04793489239956532,0.701942135228365,13.34093382745712,71.06319174540249,Pass
SUP0157,A,8,0.0571033833699586,0.6840480842486109,19.87670768613181,70.59607768968029,Fail
SUP0157,A,9,0.06055973739828906,0.6617630751715458,21.20906621067392,76.44815369714169,Pass
SUP0157,A,10,0.05239221597207659,0.7222461249819216,15.430479019697419,69.28364748828471,Pass
SUP0157,A,11,0.05266860263999463,0.6611833030074078,17.605550856335316,74.80256425469513,Pass
SUP0157,A,12,0.06004247532710279,0.7001281192621732,23.3508736580836,71.11879726147372,Pass
SUP0157,C,1,0.053975127006575245,0.7051933771663453,17.24712160984609,78.84246340492624,Fail
SUP0157,C,2,,0.7161189897304101,15.204078489979064,67.83292419765003,Pass
SUP0157,C,3,0.04852960374500338,0.7260637905411192,21.20422827946167,82.00050540063336,Fail
SUP0157,C,4,0.06213046855798781,0.7237695769226047,15.670469065352485,75.76876800231292,Pass
SUP0157,C,5,0.07145761524936262,0.5925926716816123,13.536004386122022,76.35973070793372,Pass
SUP0157,C,6,0.05066389579864795,0.6983070658610989,24.048799138750486,62.4628164010203,Pass
SUP0157,C,7,0.06885392330726228,0.6993134107278762,14.381284592305551,73.17280600204886,Pass
SUP0157,C,8,0.06165580993439811,0.6894596733472511,19.14717584405439,80.64414063753672,Pass
SUP0157,C,9,0.058406967933712736,0.6628833437191083,19.11426678270189,76.12549496295597,Pass
SUP0157,C,10,0.06598935229177692,0.6749274595096497,14.017114580470722,76.6744977470523,Pass
SUP0157,C,11,0.04492648426953628,0.6823618561659469,22.620139136241534,74.68116997546251,Pass
SUP0157,C,12,0.06794805397297263,0.635667961709359,19.7527781679717,85.12427330079785,Pass
SUP0158,B,1,0.050609233599132226,0.7088526129437677,28.055409291294907,76.1344799812233,Pass
SUP0158,B,2,0.05815843865697536,0.6709169208901821,13.370168175549875,79.57837309715588,Pass
SUP0158,B,3,0.05860259071208942,0.6522594798133002,19.679268054174823,68.1855078510496,Fail
SUP0158,B,4,0.05603144335731748,0.595353380423869,22.437010018578224,79.12414974890496,Fail
SUP0158,B,5,0.06064188427487124,0.6948817431730802,23.086355558168094,73.76140216912238,Pass
SUP0158,B,6,0.06855316681164522,0.6203810661828901,21.906676633822002,94.2202692951783,Fail
SUP0158,B,7,0.06447314992718,0.6559887806747062,20.116734597322328,89.18273744575491,Fail
SUP0158,B,8,0.08292572525768455,0.6412732275147226,23.01661333824836,85.7608892843475,Fail
SUP0158,B,9,0.06543768063941503,0.6598826467919545,21.26787197304487,82.23234137825048,Fail
SUP0158,B,10,0.04096524035228438,0.6573630954650062,18.107436398335807,79.94225752890803,Fail
SUP0158,B,11,0.06334696010515335,0.6223673583301693,24.10908832181604,82.11437206182153,
SUP0158,B,12,0.07717198364967312,0.6871112820417677,17.350038406587434,90.03425265754055,Fail
SUP0159,A,1,0.05293603474448743,0.6784828650241872,17.38637411112721,79.13555169517375,Fail
SUP0159,A,2,0.04332861896657196,0.6164930546000877,17.87017952837653,72.72735893518886,Pass
SUP0159,A,3,0.054696584467684134,0.6590683653695535,22.786005208582736,70.41107570386605,Pass
SUP0159,A,4,0.06463265309148986,0.6235370582728065,15.71164223632644,74.26703457951702,Pass
SUP0159,A,5,0.05630785441526983,0.6113366011522419,20.72217598148933,76.8138417375036,Pass
SUP0159,A,6,0.053352210826463436,0.6961238350101889,20.18189327924647,70.42688969883532,Pass
SUP0159,A,7,0.05864662456058106,0.6638065625772671,20.181343203377384,72.04826528966949,Fail
SUP0159,A,8,0.02545159633620466,0.7009114594991788,20.753261402170143,64.62766248019102,Pass
SUP0159,A,9,0.07168823332068155,0.6335581699702255,26.089805450363613,76.15510036844496,Pass
SUP0159,A,10,0.05423319250627469,0.5977767170769245,23.46488735664745,79.47163589330347,Fail
SUP0159,A,11,0.05453465026318106,0.6592478871668831,17.670000001855932,71.45733865769708,Pass
SUP0159,A,12,,0.6453815581106984,19.04170746086981,79.0821847456638,Pass
SUP0159,C,1,0.06420362565468712,0.6407794686188679,15.604484297386865,70.96429150504751,Pass
SUP0159,C,2,0.059995792030278765,0.6908021166809041,16.62260829916867,68.8189384130876,Pass
SUP0159,C,3,0.0547569418317615,0.6361531557639659,17.387706472850677,73.05989090165545,Pass
SUP0159,C,4,0.06448409638972971,0.6564338492757739,18.128317297236233,79.41835697635905,Fail
SUP0159,C,5,0.06956174913600911,0.6618905729980491,24.040861123545984,78.20874843130522,Pass
SUP0159,C,6,0.054562288657173795,0.582302554013814,22.828303570793135,71.51660795377498,Pass
SUP0159,C,7,0.05503251313159108,0.6925965550774993,19.718040129591223,79.75335078675113,Fail
SUP0159,C,8,0.05682226490150495,0.7120692807093089,21.40802514132828,78.81862499394188,Fail
SUP0159,C,9,0.061982208103043786,0.6225228663093929,18.303496577060493,82.92710051545187,Pass
SUP0159,C,10,0.06238471395205783,0.6380365517256426,20.164158073987608,78.04745978069627,Fail
SUP0159,C,11,0.07496870742900145,0.6531730184975526,18.836495976343414,84.37763274403193,Pass
SUP0159,C,12,0.06928501761916446,0.6785475550455559,27.288059209343942,70.96644235845908,Pass
SUP0160,A,1,0.03605901194773609,0.8738084329717042,17.539980029578476,30.67426722183981,Fail
SUP0160,A,2,0.040739887171573744,0.8105197879738651,10.863130614871043,42.01980423457287,Pass
SUP0160,A,3,0.03353159733311286,0.7000262687807125,14.59405340986948,36.7627919037624,Pass
SUP0160,A,4,0.023825935767775055,0.8322572141947947,18.088351272427698,30.28950111576348,Pass
SUP0160,A,5,0.04537068186578233,0.8434272321173609,14.833986604617325,36.5203175157385,Pass
SUP0160,A,6,0.02900296811729811,0.7803606951316667,20.20183149906248,33.36116818446835,Pass
SUP0160,A,7,0.01181583491038769,0.7669704445834775,14.665118852162141,27.770398016679387,Pass
SUP0160,A,8,0.024510076535509323,0.8119858941597772,16.517447975668052,39.34665676446316,Pass
SUP0160,A,9,0.04510849308422934,0.84270930161031,11.701419706192162,41.06468147626636,Pass
SUP0160,A,10,0.025858069767671986,0.8155212118964874,16.405950094452102,36.2643795262056,Pass
SUP0160,A,11,0.02931903837656578,0.7545240580743617,10.171786021940264,39.37500080911104,Pass
SUP0160,A,12,0.046488057194664235,0.7650794095944129,21.693245023653574,34.71059163516265,Pass
SUP0160,B,1,0.018895387171066015,0.8451071981744261,16.285822043478518,32.02227423177467,Pass
SUP0160,B,2,0.03499541912069619,0.7350428676526267,15.084022953048418,46.3441519474993,Pass
SUP0160,B,3,0.03492730796148153,0.8162025416330191,16.181639015401522,31.188946226640418,Pass
SUP0160,B,4,0.03399727822758695,0.8910545715128712,5.301682631218718,31.441912753790497,Pass
SUP0160,B,5,0.024156313514050454,0.7597150528779002,16.606268115643527,33.0742932303276,Pass
SUP0160,B,6,0.037419173472738376,0.8204445239727512,17.054983984323503,43.672668600473166,
SUP0160,B,7,0.04368195958914423,0.7359751234534163,17.70308021020983,39.34392343244325,Pass
SUP0160,B,8,0.04132335480338771,0.8086631313470086,8.269280537593337,49.64002239679612,Pass
SUP0160,B,9,0.030515515742909734,0.7862057582479368,16.839017627814844,42.805089192153474,Pass
SUP0160,B,10,0.03445137446788699,0.6980726040290057,12.783125671484495,46.0213157680602,Pass
SUP0160,B,11,0.03913602258281868,0.6858703599247377,17.20002874716344,40.74519896855172,Pass
SUP0160,B,12,0.03603198568040799,0.7235253083453711,20.820792412738378,42.074707056691736,Fail
SUP0161,A,1,0.04845613452854723,0.7604993076054501,18.734771724073028,42.98215714877486,Pass
SUP0161,A,2,0.03554725283278796,0.7691930205077364,17.54813071491155,50.69044847476459,Pass
SUP0161,A,3,0.046238077532864665,0.8220837992493419,18.472561887169867,48.76107661962796,Pass
SUP0161,A,4,0.03661114289539692,0.7280518352639398,15.090753493941683,38.37376211635239,Pass
SUP0161,A,5,0.026867296313867084,0.7973141989952351,14.361346151220635,38.61550849262602,Fail
SUP0161,A,6,0.05200952845134575,0.7689300755864878,19.66187757300964,62.429338492178836,Pass
SUP0161,A,7,,0.7613968641538421,17.272009929118738,50.95738464888331,Pass
SUP0161,A,8,0.03638528067784155,0.7557902870872603,18.520177478655288,62.36810463896108,Pass
SUP0161,A,9,0.04017879587865825,0.8437209993902679,15.244720839970924,41.60759930085999,Pass
SUP0161,A,10,0.0421373036817674,0.8187692492771651,14.861879122140037,48.32349946850072,Pass
SUP0161,A,11,0.03317047524675049,0.7511707948983783,15.215543075065291,45.38664523727063,Pass
SUP0161,A,12,0.038517872577689724,0.7739381136485602,18.270303449198522,54.02459747548756,Pass
SUP0161,B,1,0.04638340303462148,0.743455649840052,17.37767357860531,40.275281486989904,Pass
SUP0161,B,2,0.045178590087712064,0.7040111441165599,14.36045066468619,60.39730761938471,Pass
SUP0161,B,3,0.05352941477318906,0.6211479517126365,24.297565066315983,58.43199762786659,Pass
SUP0161,B,4,0.052984739680799954,0.6940119023583627,23.629921210601385,57.91197901153734,
SUP0161,B,5,0.044190139520775266,0.7590133101094024,14.482206956782152,50.683077084860024,Pass
SUP0161,B,6,0.04444495484680883,0.6884421545038236,22.848755358664082,55.51785987077276,Pass
SUP0161,B,7,0.056666122445518566,0.7584231242823065,22.467823043308023,56.989392751182486,Pass
SUP0161,B,8,0.05694840877305695,0.7264222407426517,20.829978955662302,57.63054711559244,Pass
SUP0161,B,9,0.05107624597674943,0.7422660878565844,23.37956961353116,63.519078949169625,Pass
SUP0161,B,10,0.05126910574456661,0.8070564039562844,15.130047056927717,46.26193118189545,Pass
SUP0161,B,11,0.047811630331732045,0.7448770058084906,19.526208898049642,51.53149024271151,Pass
SUP0161,B,12,0.0493517931489853,0.6869981545478149,16.59562379877105,56.26361641711457,Pass
SUP0162,A,1,0.032087675808371394,0.8069363924394581,17.42972750616524,32.02201602985811,Pass
SUP0162,A,2,0.02702015684223883,0.7658306849006622,11.975238406425218,43.40897160749711,Pass
SUP0162,A,3,0.03200047275865111,0.8111123399767294,16.632563219867595,31.81920783919775,Pass
SUP0162,A,4,0.025024153276740013,0.8531185157892525,17.45125476055199,40.70378651069571,Pass
SUP0162,A,5,0.03240829922722433,0.7820530200039159,17.274722738748025,29.564972172232004,Pass
SUP0162,A,6,0.044825159411676044,0.8301543939111692,15.695841976315213,40.09135263992337,Pass
SUP0162,A,7,0.026356651842709695,0.7594939206151521,18.95708245278226,44.79977659370883,Pass
SUP0162,A,8,0.0322826852493431,0.8142568587670844,13.121808160509595,34.48595820293951,Pass
SUP0162,A,9,0.030053194660678014,0.7630980546358375,14.026007458649104,33.142943194039475,Pass
SUP0162,A,10,0.05266465301218875,0.7382032691215138,21.70044960505389,45.65510467722767,Pass
SUP0162,A,11,0.02495171178961989,0.8247810169842595,9.041457640705072,42.237230925911625,Pass
SUP0162,A,12,0.037887742567819606,0.7953200941909814,17.056292263331084,36.95386754754962,Pass
SUP0162,B,1,0.0345371837788321,0.846358446110797,19.07983155512529,36.429039098380905,Pass
SUP0162,B,2,0.03854815944587447,0.7387871926588035,17.58620483147551,46.49642268178912,Pass
SUP0162,B,3,0.04049038495410193,0.7718873370998137,22.325900941508355,48.18779111544376,Pass
SUP0162,B,4,0.020480944044682134,0.7895075541430554,9.012990082271019,35.39768116199113,Pass
SUP0162,B,5,0.04333180333510667,0.8457586419161675,26.733738112258887,36.31500502658214,Pass
SUP0162,B,6,0.050001814324874806,0.8161268161677164,16.309647293332066,38.83155528771333,Pass
SUP0162,B,7,0.04715118884962583,0.8294891216286391,11.681427517947153,37.45419058988291,Pass
SUP0162,B,8,0.039668827565255985,0.8184986379734563,11.987721272241735,40.92240080104031,Pass
SUP0162,B,9,0.04566099625998791,0.8403165065142583,15.62673736877008,38.4919220388637,Pass
SUP0162,B,10,0.04479796024957083,0.8289350563566911,14.62692393228777,39.0242712510724,Pass
SUP0162,B,11,0.038786118992197485,0.8217310965527223,17.27387954684242,41.03526769933984,Pass
SUP0162,B,12,0.049611166863673145,0.7441396911425008,21.560852432084033,47.75599394046688,Pass
SUP0163,D,1,0.044748811470456784,0.698276831800115,13.622501770276108,75.61386565596995,Pass
SUP0163,D,2,0.05906131430245804,0.6518598448556124,18.374603372759324,71.53814338864433,Pass
SUP0163,D,3,0.06545072823713188,0.6659653361692875,20.251934599060014,83.2988767276359,Fail
SUP0163,D,4,0.056759675346495855,0.6398938662108609,20.723368821047952,96.4081693858474,Pass
SUP0163,D,5,0.08430199912096398,0.6821556230627157,21.344759058681145,81.03452401691935,Pass
SUP0163,D,6,0.05470817590767244,0.6194513627755155,18.646698309743837,78.59215877702768,Fail
SUP0163,D,7,0.06657155517667515,0.7124838040347771,29.772600518352778,88.11215320214185,Fail
SUP0163,D,8,,0.7422054513493577,18.03859821974667,76.79415616730594,Pass
SUP0163,D,9,0.06599290880543848,0.6156211893245641,15.808669873759587,79.48908594645559,Pass
SUP0163,D,10,0.08198769189324563,0.5963711206679896,20.27172012972412,91.38411468980738,Fail
SUP0163,D,11,0.06606198492762426,0.7283309983925267,19.90396018466494,76.75700205165828,Pass
SUP0163,D,12,0.06519067415645977,0.6301171409779462,19.625449062230437,86.2295829113348,Pass
SUP0164,C,1,0.04014154405415058,0.8281389418301317,13.23129126709373,23.567712596697838,Pass
SUP0164,C,2,0.02485299040823924,0.8387544094864746,16.42586351843443,23.49476639603634,Pass
SUP0164,C,3,0.030600730240405848,0.836966380413467,14.134563458999292,29.75929261800534,Pass
SUP0164,C,4,0.038650810729973506,0.8734557993022338,7.984342042871823,16.21305224421819,
SUP0164,C,5,0.02203039627053171,0.8168933540164871,18.493703839235998,24.964041069920768,Pass
SUP0164,C,6,0.03848791081157951,0.7945546592982882,10.551016106108833,28.172290553040312,Pass
SUP0164,C,7,0.040657959426686374,0.7584040495033337,16.867373987130424,32.60596763939468,Pass
SUP0164,C,8,0.03866056834453194,0.7890275685033868,18.459771938803456,31.729828077689394,Pass
SUP0164,C,9,0.04285158082566614,0.7392712179281613,12.413261012451716,41.61850358671176,Pass
SUP0164,C,10,0.028075862453743636,0.7884146527642706,16.726549554758634,39.455944863763385,Pass
SUP0164,C,11,,0.7722687995187604,13.346014495000174,40.55972181239436,Pass
SUP0164,C,12,0.034292006866448524,0.8394607676798863,19.08313418804106,37.815496648296815,Pass
SUP0165,A,1,0.040412695537568696,0.858340100087881,19.950751508125315,23.55482528772354,Pass
SUP0165,A,2,0.027660632225864182,0.8784814054970221,18.95522335127378,21.270892957491014,Pass
SUP0165,A,3,0.020590931359140682,0.8242579500045873,17.481099960217183,21.56555776932729,Pass
SUP0165,A,4,0.012827123386058261,0.7927358707694991,17.321694288526512,40.368499546096295,Pass
SUP0165,A,5,0.01856055283687329,0.7947240468696932,16.998250874878803,28.065944143996962,Pass
SUP0165,A,6,0.03572471719832583,0.8240100613161654,15.775953769345014,38.09021600953959,Fail
SUP0165,A,7,0.020988496108005884,0.7336414760588229,16.95004205457203,37.082685812764986,Pass
SUP0165,A,8,0.03664420955707727,0.8103728718342347,14.122854576743876,38.31449815148769,Pass
SUP0165,A,9,0.03845163792526181,0.799505639649557,18.14697633146059,23.51546257374572,Pass
SUP0165,A,10,0.04526570247720487,0.7764058068241366,12.587673299538402,39.905377988133594,Pass
SUP0165,A,11,0.03448301549209668,0.7689301348131025,19.092454941075378,41.2168458408104,
SUP0165,A,12,0.025202021092968527,0.7846481148811086,14.77691786971225,35.04658656537563,Pass
SUP0165,B,1,0.031700635639070884,0.8468076376193191,8.54444049550954,29.392880249428792,Pass
SUP0165,B,2,0.013101177650637806,0.8324476534706778,16.613589726399425,34.28886586250765,Pass
SUP0165,B,3,0.03857789069987874,0.8198571825381077,11.967160436101418,38.56767289391042,Pass
SUP0165,B,4,0.043180320462708845,0.8180424105351356,13.522081123284062,35.5548403993155,Pass
SUP0165,B,5,0.057205353148217356,0.7852417488561891,17.36773034793861,32.815815337429434,
SUP0165,B,6,0.021648775931115263,0.8585146329966294,11.932652608179637,30.13888723542396,Pass
SUP0165,B,7,0.043692933105152314,0.7838801362598509,16.763939700441863,38.58717167784804,Pass
SUP0165,B,8,0.03726410988375548,0.7676117462928561,14.569048122886201,27.6262163523446,Pass
SUP0165,B,9,0.03865734989265806,0.8269891380953619,10.716008440689782,36.5628329006694,Pass
SUP0165,B,10,0.03126412968117194,0.7839727566284646,19.752810686152067,40.77178647508248,Pass
SUP0165,B,11,0.03284537300355865,0.7835750263864747,12.252610081733526,38.192441697366334,Pass
SUP0165,B,12,0.04115990715449407,0.8247713620675474,14.241080306755123,45.42533726466095,Pass
SUP0165,D,1,0.029276381434813013,0.8201459441222078,11.843677980279018,30.948741095473466,Pass
SUP0165,D,2,0.02718348903322646,0.7595114325650965,19.77017030737597,27.63759887778425,Pass
SUP0165,D,3,0.024951424002289023,0.8434108364623532,11.724647312298568,35.1124612719114,Fail
SUP0165,D,4,0.03319621555553531,0.809885910501901,16.9142961177946,29.265882839698612,Pass
SUP0165,D,5,0.025132616716526897,0.8986146269705478,13.996672069707252,28.375506565787422,Pass
SUP0165,D,6,0.02979132779221412,0.9042077893042847,9.44203001927882,31.015395718650236,Pass
SUP0165,D,7,0.03141568055478956,0.7725961962400816,17.121042670403746,41.97655425912413,Pass
SUP0165,D,8,0.03665111427799798,0.7723722272813779,23.113026803119755,33.2952940382201,Pass
SUP0165,D,9,0.052872421872654556,0.7506984464702573,16.663464122289117,48.15450263515341,Pass
SUP0165,D,10,0.04207819033585503,0.7739055917222942,16.79992878032501,40.718834861140586,Pass
SUP0165,D,11,0.044476213458296,0.8035666470509036,18.945449707819265,45.11800039814587,Pass
SUP0165,D,12,0.023811811612498686,0.7886800263465253,20.006971017996975,41.861659723697834,Pass
SUP0166,C,1,0.0341497321503043,0.8316010256722378,19.184677957380348,43.46481499310248,Pass
SUP0166,C,2,0.04500798353091552,0.7500961435458281,14.77102624306561,33.4434179822707,Pass
SUP0166,C,3,,0.7733363538925679,15.420678680724144,39.336240710447406,Pass
SUP0166,C,4,0.05295622940393789,0.7734337459099573,10.293766268064182,32.653390535442185,Pass
SUP0166,C,5,0.030482291864900347,0.7611719044097568,22.545390523690465,33.12290469491133,Pass
SUP0166,C,6,0.03267147330442046,0.8123055091425653,22.17198501600759,34.62796240002165,Pass
SUP0166,C,7,0.04002289743923827,0.7917955043852231,21.24361693849481,31.48703636590428,Pass
SUP0166,C,8,0.03827307354816345,0.836069241700206,13.92383103954487,27.514311000413787,Pass
SUP0166,C,9,0.03449220914471366,0.7024007140881487,22.461401050732206,47.91576104037537,Pass
SUP0166,C,10,0.033926253862885516,0.8426353821718361,14.633973173256305,38.5475308329312,Pass
SUP0166,C,11,,0.7579153220663273,14.878858070075822,38.17213378810116,Pass
SUP0166,C,12,0.04469852687975056,0.8117529210423012,20.943041904807934,41.560114445662286,Pass
SUP0166,D,1,0.040295946152173225,0.7974553256440804,15.306192482524558,34.89571328564489,Pass
SUP0166,D,2,0.025654188237005944,0.8652757276160968,11.558576669016775,39.172605618529694,Pass
SUP0166,D,3,0.025016880009804038,0.8023553191245867,19.700322371964784,40.56092467959037,Pass
SUP0166,D,4,0.04057437510831766,0.756189633681151,13.528826736754759,41.026793814515955,Pass
SUP0166,D,5,0.03034506711328525,0.7938506913123331,20.32635915698165,38.134881756282304,Pass
SUP0166,D,6,0.025740024522301543,0.8891102194572303,18.808980219246767,30.729780607726735,Pass
SUP0166,D,7,0.02115936682442776,0.8152344265284669,9.149816719173437,31.066891285549744,Pass
SUP0166,D,8,0.023565653054860032,0.7862221310096003,14.384201361671058,41.64828684939968,Pass
SUP0166,D,9,0.029704189571919212,0.8688412425913502,11.955757339455346,26.479723236444837,Fail
SUP0166,D,10,0.03756111267573851,0.8128239740158173,9.24593639114531,38.64824078683577,Pass
SUP0166,D,11,0.03732799506845276,0.7370812356232691,13.593346989842185,39.274582392020065,Pass
SUP0166,D,12,0.0463532232829197,0.7635784715299095,6.997410779754659,37.38623764365954,Pass
SUP0167,D,1,0.04289714479105111,0.8939856191809468,16.764676670197396,25.673621333790592,Pass
SUP0167,D,2,0.025101284875976206,0.9243060878970659,15.744976751998692,14.621408612191281,Pass
SUP0167,D,3,0.033944974054615634,0.8209588657729031,17.6826275391716,18.474402967741526,Fail
SUP0167,D,4,0.01864843388598355,0.9096064521368159,16.257888266246518,26.341637408421306,Pass
SUP0167,D,5,0.041120456144504575,0.8244570891293761,11.989528932996215,21.419535856862574,Pass
SUP0167,D,6,0.02640793334296192,0.8783785866977168,15.523662076946367,24.288590668409405,Fail
SUP0167,D,7,0.026043263690301004,0.85857935589468,9.460245248333107,25.76492909290069,Pass
SUP0167,D,8,0.04484978040479143,0.8107101388330611,11.631876861447862,32.646389236350544,Pass
SUP0167,D,9,0.03247741540636428,0.7723502357197685,13.33162473033218,25.682682118570096,Pass
SUP0167,D,10,0.038931668920577804,0.8203689204758655,13.681890841408023,22.36205899986345,Pass
SUP0167,D,11,0.03137219563318092,0.7767957841821469,17.636154465831336,35.943534430330494,Pass
SUP0167,D,12,0.04036930131356924,0.766617158603195,16.57641707464665,36.4203377418846,Pass
SUP0168,A,1,0.018996817633672114,0.8632815502235092,12.649254796240927,17.4432532966515,Pass
SUP0168,A,2,0.03401913550742114,0.805404763924548,12.296628298436879,28.408381710108127,Pass
SUP0168,A,3,0.02510249884017655,0.8253573931660922,10.24294125764263,18.465448667422216,Pass
SUP0168,A,4,0.030015354285520275,0.8520108897220665,12.820453269461385,14.771306347174697,Pass
SUP0168,A,5,0.036927093085465434,0.8122643856596888,11.00816620033965,37.69255841777626,Pass
SUP0168,A,6,0.03199447973050772,0.8292037074437918,17.002644143771047,40.15202466202241,Pass
SUP0168,A,7,0.034468067406692136,0.8346681995185948,13.62575969599092,29.68128073742114,Pass
SUP0168,A,8,0.03544989534029135,0.840151722503225,14.40080198146857,27.605810621514458,Pass
SUP0168,A,9,0.030695000843896886,0.7087487917892985,15.108980862084328,42.425963318595436,
SUP0168,A,10,0.016580092910353738,0.8011181731422019,11.117454319087654,27.675832425737593,Fail
SUP0168,A,11,0.02313724573498824,0.8141228512664064,17.39193391395131,30.52685337721778,Pass
SUP0168,A,12,0.029099679743097982,0.8027341719789948,18.597755621631105,33.9910500339262,
SUP0168,C,1,0.043644713046967376,0.7989181447090604,13.20826016742657,23.62167763453376,Pass
SUP0168,C,2,0.04232212519933063,0.856327225873886,15.599874344188416,27.075694116228465,Pass
SUP0168,C,3,0.03308947065200405,0.7947450303536966,18.011931851308606,28.835895310760257,Pass
SUP0168,C,4,0.02607445232747261,0.7919366458184744,15.474632254961806,28.872338615982688,Pass
SUP0168,C,5,0.026181222931600023,0.899422719836353,9.528272147707563,18.34077499681233,Pass
SUP0168,C,6,0.02127698033204693,0.8586084183436328,11.559687681390402,19.688348470941868,Pass
SUP0168,C,7,0.03223759955871501,0.831569953559867,14.714859774772409,32.085852769590616,Pass
SUP0168,C,8,0.016625864687905695,0.9202592634198666,12.91069075782424,21.007484807182774,Pass
SUP0168,C,9,0.023906396790987695,0.7782476439429137,13.012749156862995,31.249229559073225,Fail
SUP0168,C,10,0.037615282432506336,0.8657252402129659,15.815369819549066,17.891983970053147,Pass
SUP0168,C,11,0.03546556029716281,0.7981477676044167,17.886253485818195,35.2536346341497,Pass
SUP0168,C,12,0.041419887709002394,0.7684104470181363,18.230764733442797,29.317519648584955,Pass
SUP0169,C,1,0.04879284895881645,0.7854259515273762,19.928997794608293,48.83330213403957,Pass
SUP0169,C,2,0.03826259759981834,0.7538775127715276,16.91777445270122,36.478295493549744,Pass
SUP0169,C,3,0.04365320510134285,0.7648060074750472,15.259395391129415,39.46893623785904,Pass
SUP0169,C,4,0.036034725285067196,0.8245715553558329,15.979272018278932,30.936018187584043,Pass
SUP0169,C,5,0.03068781899905563,0.8594661143169701,15.835800754353471,37.819091748329136,Pass
SUP0169,C,6,0.044954528732708124,0.8002801401324503,19.505403456847326,34.55958222618709,Fail
SUP0169,C,7,0.041639890780318024,0.7307185575685082,25.55340648642646,44.450807641586685,Pass
SUP0169,C,8,,0.852767846264186,13.679827535559674,38.39897452887528,Fail
SUP0169,C,9,0.03461447645197064,0.7990358632002383,20.03121523650533,38.68186479113489,Fail
SUP0169,C,10,0.030415091951070915,0.7476891163819189,18.404968482602822,43.611151312320445,Pass
SUP0169,C,11,0.04971453927595285,0.7585167692870608,13.270654892964007,50.14859645070621,Pass
SUP0169,C,12,0.05507773946257885,0.7078832986457033,12.619451758937357,41.26994668296906,Pass
SUP0169,D,1,0.035572552466521856,0.7880337434762781,15.389101560044441,38.08216936716908,Pass
SUP0169,D,2,0.03974681372583478,0.7987832286990577,23.616105339974325,38.20610269985042,Pass
SUP0169,D,3,0.02719322793651697,0.7798760243857407,18.527733538759932,36.80063478041676,Pass
SUP0169,D,4,0.03855349401559079,0.8190661870022481,11.845862964735906,31.48432186449823,Pass
SUP0169,D,5,0.03843051594661707,0.7609835533013891,17.149885020691016,41.13415631089281,Pass
SUP0169,D,6,0.027954963222355928,0.7499564871446137,7.122126945965995,42.683829601549455,Pass
SUP0169,D,7,0.02899006747855178,0.8644207855785236,14.401899579725546,38.81563104539408,Pass
SUP0169,D,8,0.040196730537197016,0.8319722136045165,17.443530962699743,31.931614098201543,Pass
SUP0169,D,9,0.0380566865645286,0.7586720807031854,22.909814754921495,35.224510115427634,Pass
SUP0169,D,10,0.036555520291298285,0.7128080920098726,16.876010491926273,52.0710045669548,Pass
SUP0169,D,11,0.04642097506185154,0.7251514105093442,21.581635113338685,41.58076778981182,Pass
SUP0169,D,12,0.04331747797622619,0.7651033416164472,17.150425964367397,39.78297098636635,Pass
SUP0170,B,1,0.04907523361188966,0.6971538173310654,19.172000083677883,65.39268273351288,Pass
SUP0170,B,2,0.056064352631223745,0.670107528654239,19.99435784862474,63.753674749357266,Pass
SUP0170,B,3,0.040596148153181036,0.7899460920197455,18.205438326274194,58.528223562880825,Pass
SUP0170,B,4,0.037822662360893364,0.7503110422774836,19.650889366040015,55.68401579493251,Pass
SUP0170,B,5,0.04202831981877693,0.6817294171457194,23.60622904157232,69.83680436282089,Pass
SUP0170,B,6,0.04516044018591234,0.6761216692727566,22.23622245101452,62.61878749359111,Pass
SUP0170,B,7,0.04961332511396597,0.7043820694935341,20.00575306448685,71.42816461352453,Pass
SUP0170,B,8,0.049336843424701037,0.741811803208703,18.900083638215474,62.215271909263755,Pass
SUP0170,B,9,0.055359464297603585,0.6688487729924193,17.360360626147983,74.0173374613187,Pass
SUP0170,B,10,0.047810110324301096,0.6669099551068328,21.755061707452196,70.50037465342598,Pass
SUP0170,B,11,0.04302169417551787,0.6859126249099202,21.27400122080713,60.62929370834891,Pass
SUP0170,B,12,0.058074176521441666,0.673613827868312,24.37701702536604,69.83212334273978,Pass
SUP0170,C,1,0.04636134365815664,0.7504464799182701,23.37122809250762,63.64509671746884,
SUP0170,C,2,0.04640594264213105,0.7033562068767132,15.244847252679884,62.37131597997296,Pass
SUP0170,C,3,0.03794246863909119,0.7822692189692979,18.727348275922683,54.99779794858473,Pass
SUP0170,C,4,0.06669377475537279,0.71808277170663,17.13411116232853,65.7422690863319,Pass
SUP0170,C,5,0.05005844518555173,0.690386375454453,16.72874562154943,63.18277147543246,Pass
SUP0170,C,6,0.05578317516480648,0.7516009425569374,23.484240743153023,59.81089248082656,Pass
SUP0170,C,7,0.052212481547738575,0.6624835733046133,16.542735776217786,66.55004311937839,
SUP0170,C,8,0.04992773747300976,0.6994059743577951,13.873822528038858,63.10222343131149,Pass
SUP0170,C,9,0.049483397340323164,0.7004678072804208,17.796324002885974,70.46546912901094,Pass
SUP0170,C,10,0.055479146775559596,0.6267486430669239,20.63798881363636,79.3265854841505,Fail
SUP0170,C,11,0.07915787200127136,0.7161855289942428,18.69859604775276,69.19594264721702,Pass
SUP0170,C,12,0.04276212253826205,0.7549507549381572,17.307718478694106,66.20378624901974,
SUP0171,A,1,0.02893103137310092,0.6776268491316937,16.00596206723081,40.17393290346078,Pass
SUP0171,A,2,0.031031115063991345,0.7080812843445374,15.112564507442713,36.52541272303834,Pass
SUP0171,A,3,0.027609516581125332,0.8236605203241669,10.235104887103443,35.28272906303854,Pass
SUP0171,A,4,0.046099125950867036,0.7997831221295003,14.196715584253134,38.153032663180575,Pass
SUP0171,A,5,0.04646148964990953,0.7450365747003674,14.353885774308948,42.82098790965747,
SUP0171,A,6,0.033267768761468884,0.8172051351979573,15.206527980829675,34.91892977313086,Pass
SUP0171,A,7,0.035023964842545385,0.8186482216851995,16.654303113449856,41.78301546013831,Fail
SUP0171,A,8,0.03294053017304056,0.7709879802640044,15.461743590885659,37.227220320740365,Pass
SUP0171,A,9,0.03983246639059593,0.8004203239757504,12.908290909169583,48.81917018544942,Pass
SUP0171,A,10,0.046208670470134584,0.7071852844677504,17.34596309279803,46.77290341837973,Pass
SUP0171,A,11,0.03435040482254466,0.7364445743281399,20.785954434046523,45.37415336390739,Pass
SUP0171,A,12,0.03395567190342226,0.7924370753497517,12.96297904576208,45.07182460320329,Pass
SUP0171,B,1,0.026750242552905555,0.7970055843527005,15.321484087036328,45.20246847569817,Pass
SUP0171,B,2,0.02373106133277033,0.8203039244955587,20.47954050794025,30.843283811544335,
SUP0171,B,3,0.02701458212016238,0.8478723034426116,15.995382007944611,33.85113546822982,Pass
SUP0171,B,4,0.04383976740856587,0.7402145227922601,12.059751031973683,47.97347541348214,Pass
SUP0171,B,5,0.022257696102944736,0.7970318597175368,19.163768056642652,36.57733902087911,Pass
SUP0171,B,6,0.04289139434750924,0.808924624634096,14.677181339658642,40.05623093309871,Pass
SUP0171,B,7,0.03672984407457127,0.7219400994170605,13.227915287454307,50.310087762738554,Pass
SUP0171,B,8,0.03458666889276644,0.7432738253452132,15.583561575112823,46.28646751103413,Pass
SUP0171,B,9,0.0362827637637374,0.7844678022074386,13.686437228473178,38.52032512136248,Pass
SUP0171,B,10,0.01286715677316828,0.8452715412719493,15.93773549221798,37.934033746792785,Pass
SUP0171,B,11,0.04470975541697776,0.7524557941669576,19.739613361404828,50.39446234327839,Pass
SUP0171,B,12,0.04139704480696196,0.723273299550005,13.413114158562067,49.10944728837166,Pass
SUP0171,C,1,0.05621919925195046,0.7428438766319136,17.85170691284862,46.239307290273494,Pass
SUP0171,C,2,0.03976830984166563,0.7894031984562146,18.37223445693301,41.57103981033452,Pass
SUP0171,C,3,0.028931354204829937,0.7517455496655077,13.152793446187532,49.88484694973598,Pass
SUP0171,C,4,0.05101744031112476,0.7995237508279522,15.064451779889957,46.164404073523805,Pass
SUP0171,C,5,0.04179278526206951,0.7534528418282402,22.287989937540083,51.62630115782624,Pass
SUP0171,C,6,0.1790200500379214,0.730462873358769,36.19444672409066,54.760595434643825,Pass
SUP0171,C,7,0.04585258614931663,0.7633572737774368,17.619976340560896,47.28166035358905,Pass
SUP0171,C,8,0.058850387138814124,0.7385473521664898,19.04613815925789,46.705113031244956,Pass
SUP0171,C,9,0.05074415194862465,0.7366537149389177,14.005887962063749,44.308332325055375,Pass
SUP0171,C,10,0.05235295980898712,0.728469053374322,23.685479917306345,57.5857032100059,
SUP0171,C,11,0.0432616229260222,0.6548071302896606,17.0992050558326,52.99083184982622,Pass
SUP0171,C,12,0.052447924659386295,0.7484683195242121,18.294717673225463,50.518514910845596,Pass
SUP0172,B,1,0.03549536942639264,0.6958921923291626,15.086614333370292,59.00955741937195,Pass
SUP0172,B,2,0.053546513294886494,0.7493843218958857,16.755777149417156,53.98345011925401,Pass
SUP0172,B,3,0.03371292669724111,0.7524654515407234,15.249920047871882,46.24625408405538,Pass
SUP0172,B,4,0.058270977780917645,0.6936586494509568,16.941815756834597,61.28668591526063,Pass
SUP0172,B,5,0.05079240363699535,0.7530493664879531,14.708298537651254,49.09702269180245,Pass
SUP0172,B,6,0.03600324621690682,0.8196013673382593,19.84941273167028,47.27910421274684,Fail
SUP0172,B,7,0.03634490170830204,0.8190682908738174,13.976760395416175,46.4992714089193,Pass
SUP0172,B,8,0.043377135340824324,0.7546052127024773,19.825705969191635,51.77774894297387,Pass
SUP0172,B,9,0.04578661864450454,0.6566831113189483,24.328956096017674,65.0108076920661,Pass
SUP0172,B,10,0.036603670571449726,0.7303165807142772,23.39998989036213,54.71470843863305,Pass
SUP0172,B,11,0.03988643070514831,0.6876293266958359,14.659029337382755,64.87359525843068,Pass
SUP0172,B,12,0.05013312865773498,0.720824009016807,16.668302479149126,57.862086379350814,Fail
SUP0173,B,1,0.04788730748452759,0.7330904751725837,16.15428337195356,48.98773658829715,Pass
SUP0173,B,2,0.04925407891780218,0.7194315379750998,19.08196359446937,58.99464535984239,Pass
SUP0173,B,3,0.0474017093594942,0.7450954983427773,15.252405925619653,42.32946591135639,Pass
SUP0173,B,4,0.024366848746351834,0.7634543503215153,14.534216434520411,52.99589257691321,Pass
SUP0173,B,5,0.055704258228738944,0.772915440448765,17.012641376738717,54.91662012385909,Pass
SUP0173,B,6,0.03218819962562469,0.7814370328791023,9.147552034206129,36.709655640935395,Pass
SUP0173,B,7,0.0335528901737233,0.7952641052052851,10.013250304199119,46.74989656483523,Pass
SUP0173,B,8,0.04170852044828977,0.7264417244993372,13.557800703734689,58.667787993120726,Pass
SUP0173,B,9,0.04759965301993748,0.7026193014883356,13.1439638263677,43.95662864993945,Pass
SUP0173,B,10,0.04545830219010371,0.7523412361282946,18.69859073970381,58.70913049018969,Pass
SUP0173,B,11,0.058095991454189276,0.767891330894524,16.439954143670956,45.03620473395261,Pass
SUP0173,B,12,0.054255263914023494,0.7051408341860412,19.502419658213935,63.46030293508787,Pass
SUP0174,A,1,0.025866975493988666,0.8358220779601194,10.878466949455364,31.268014503391512,Pass
SUP0174,A,2,0.033917074930995,0.7854634052149382,23.01588536326714,30.674774101085806,Pass
SUP0174,A,3,0.021021762217357555,0.6884611331578063,12.80139084941411,37.46414416003771,Pass
SUP0174,A,4,0.03274534698459016,0.7874044847733017,17.80244561569791,45.362795107529784,Pass
SUP0174,A,5,0.04653159794446087,0.772314696763331,18.59260255113477,43.57471604640866,Pass
SUP0174,A,6,0.034230665240993656,0.7540639385943355,15.323306251702206,43.92760850452346,Pass
SUP0174,A,7,0.041683157584288706,0.7277857188833758,16.31962528250267,41.085384455995,Pass
SUP0174,A,8,0.032388637585305954,0.8982142104963285,19.034061873385372,39.28529806108436,Pass
SUP0174,A,9,0.04553209425848393,0.8269679206088429,16.34129309146001,27.545979351288672,Pass
SUP0174,A,10,0.039797362709926114,0.7224838497876924,17.60240190934076,50.76031941148888,Pass
SUP0174,A,11,0.03988116811526779,0.8118746034438191,15.328568544624137,32.94177783385302,Pass
SUP0174,A,12,0.09395353554568503,0.7575803280353034,22.212694116652575,39.19407863197023,Fail
SUP0174,C,1,0.04096806436409935,0.8131468443178272,20.628906642537743,37.81838172150685,Pass
SUP0174,C,2,0.042385757681179,0.8280340121157227,19.311824813225485,26.515565337374042,Pass
SUP0174,C,3,0.0255517815675831,0.8421800328080536,11.513981743026239,40.18826380284818,Pass
SUP0174,C,4,0.017448952562815756,0.84463154984906,13.564105362262731,35.84847818264958,Pass
SUP0174,C,5,0.03282561797711133,0.8107780792895922,10.43973916363538,34.00693717550546,Pass
SUP0174,C,6,0.03778722858669921,0.8532211233854285,15.566662002073626,40.65214868776013,Pass
SUP0174,C,7,0.03003582021070875,0.7737397712480615,10.462458540478806,35.4108260106747,Pass
SUP0174,C,8,0.038064891321970655,0.7812594340738586,15.886013636744652,36.718045757832144,Pass
SUP0174,C,9,0.18756844043227086,0.7510313190587538,21.22367467699098,40.42177312492139,Pass
SUP0174,C,10,0.051114219670880964,0.7198925347777492,15.355203023774582,48.11204400667882,Pass
SUP0174,C,11,0.030845851944135493,0.7778879450833064,12.467792528224637,34.27320811426536,Fail
SUP0174,C,12,0.033607484140181866,0.819102613937085,9.301221459191673,43.66613812466982,Pass
SUP0175,A,1,0.04441393503078788,0.7565004509761253,10.29850708527518,58.02183497775068,Pass
SUP0175,A,2,0.03783182296120438,0.7618027659886214,15.592259801909599,52.512923238300004,Pass
SUP0175,A,3,0.03816085834899567,0.7212170639308662,18.421243357173598,63.31637270860986,Pass
SUP0175,A,4,0.05290125760233646,0.7233213790320902,15.793918311860555,54.64486907726327,Pass
SUP0175,A,5,0.05363076294573971,0.7013182827999362,24.245165317820753,60.557244452989266,Pass
SUP0175,A,6,0.04651995295912631,0.7090536100958724,15.85077432340212,59.77130185002562,Pass
SUP0175,A,7,0.05359392109778258,0.6840702679033006,14.700171276659871,58.979542292036164,Pass
SUP0175,A,8,0.05059309270431317,0.7554498561266606,22.971080888928697,56.83222480404281,Pass
SUP0175,A,9,0.038290124643345816,0.7243588066643986,12.369761409547857,59.83427613280173,Fail
SUP0175,A,10,0.04767408637600022,0.6214235055638826,21.4451965134534,69.61334302008119,Pass
SUP0175,A,11,0.1502063831002402,0.6714780689322281,47.14902598666091,68.15046176804685,Pass
SUP0175,A,12,0.06111542738217155,0.6940164123809153,19.62227986319065,68.38126843431108,
SUP0176,A,1,0.04175880257387361,0.7304412548736219,18.762465825451347,55.455056654631434,Pass
SUP0176,A,2,0.05064574142012613,0.7729654760722996,16.44626668369534,47.559965593295956,Pass
SUP0176,A,3,0.04516283350136292,0.792616937242477,12.725317367994055,43.0221751881744,Pass
SUP0176,A,4,0.03120739764138627,0.808537655000222,19.19006195982213,46.72838792770114,Pass
SUP0176,A,5,0.02291637439828943,0.7782997088616648,18.478610639305156,49.50211599998639,Pass
SUP0176,A,6,0.04204437400753441,0.8248724763505321,12.65404006390083,45.212586460301495,Fail
SUP0176,A,7,0.05404933916593882,0.8032603099399407,17.251383151378334,39.860636470597,Pass
SUP0176,A,8,0.04874082119303064,0.7594516233836448,19.528851487599542,42.957202199736926,Pass
SUP0176,A,9,0.014028659012942802,0.751857539016488,20.9128677704467,50.3579205956767,Pass
SUP0176,A,10,0.04930585715073288,0.8267769613128325,14.805980846882871,50.56432673703902,Fail
SUP0176,A,11,0.031373202338405924,0.7265624016796921,17.030777279327847,46.54195548553252,Fail
SUP0176,A,12,0.059900758086090515,0.745230216789257,17.811280527462213,51.838662740358515,Pass
SUP0177,D,1,0.04054842657769069,0.7500814967533355,16.497284872555387,48.064492189919285,Pass
SUP0177,D,2,0.03724601058555545,0.6893904255630934,8.46337723446197,50.97150545880822,Pass
SUP0177,D,3,0.06780245285536868,0.7102543618880865,18.06630098767805,62.89167189118262,Pass
SUP0177,D,4,,0.7175677705857224,14.372513943749594,57.55907889252123,Pass
SUP0177,D,5,0.04544453753927202,0.7362110019817083,6.019320707328319,55.49697088269425,Pass
SUP0177,D,6,0.05306921757450242,0.7951810155456085,18.744929050423078,55.379062853730424,Pass
SUP0177,D,7,0.05153464773191201,0.744034845395044,11.918164593411898,46.517550026050394,Pass
SUP0177,D,8,0.053393144543583314,0.692036576138259,19.994402727341903,52.38467137937651,Pass
SUP0177,D,9,0.04052789196984187,0.8237208993907502,15.474000542794453,51.60640427130079,Pass
SUP0177,D,10,0.04543951354179201,0.6972727155722763,15.648472116054345,59.92355293936632,Pass
SUP0177,D,11,0.044242720854407246,0.7215899234840905,15.440457855395431,63.89760096645655,Pass
SUP0177,D,12,0.06615347433197734,0.632286962860741,18.958010248943296,64.7388688950346,Fail
SUP0177,B,1,0.03397299190926644,0.7130425432869718,17.130738551927568,48.271283773886026,Pass
SUP0177,B,2,0.03540922235370602,0.7327405772014249,21.719852191414933,46.06049864228612,Pass
SUP0177,B,3,0.04791019077042785,0.7556169595454412,18.668265402416733,56.942483554983546,Fail
SUP0177,B,4,0.048593070609975586,0.7083520002737222,15.26689511267569,53.72826065804195,Pass
SUP0177,B,5,0.049139150945150874,0.7570098378130994,18.912629203939325,58.031161682858276,Pass
SUP0177,B,6,0.03420322918862212,0.7297430933287313,14.261513983452936,45.60583726228403,Pass
SUP0177,B,7,0.04257571260569152,0.6676566141410972,19.223553829503555,62.03378074637092,Pass
SUP0177,B,8,0.04821476299648517,0.7309818818120145,14.01600096342973,54.13933495485768,Pass
SUP0177,B,9,0.043645137571346804,0.8004196990229022,17.30447117781852,59.84071562778112,Pass
SUP0177,B,10,0.046591974429812895,0.7213863130260981,16.42719667665301,60.40001873789131,Pass
SUP0177,B,11,0.044763404557774195,0.7078285058820295,17.752599669910722,53.60644450390818,Pass
SUP0177,B,12,0.05420749827755037,0.785338559321,19.352876092897652,53.85884278716556,Pass
SUP0177,C,1,0.03908106898941913,0.7856205768703142,20.292965133483285,51.57507173390329,Pass
SUP0177,C,2,0.06105716482260089,0.803350260801881,18.678728128566533,50.88773064283154,Pass
SUP0177,C,3,0.05704971229699134,0.7613182434324088,20.75505499226152,54.938605796836164,Pass
SUP0177,C,4,0.05617368038512009,0.643436538677524,16.90168965157752,65.70551556772608,Pass
SUP0177,C,5,0.055051249125773645,0.7043481751058676,19.83875612144831,54.974956707079215,Pass
SUP0177,C,6,0.0762467881521815,0.7303777668747373,18.18887650748956,65.60120437719672,Pass
SUP0177,C,7,0.049605060824213995,0.8070654283504684,23.90373962154164,54.59864862685885,Pass
SUP0177,C,8,0.04550967090648384,0.7626412586277996,19.985574668440993,61.97562867224022,Pass
SUP0177,C,9,0.03325897917513373,0.7535679033858006,12.99110729599105,45.348152727816895,Pass
SUP0177,C,10,0.061941065763333844,0.6995320404400016,16.780378090929887,64.49289361236876,Pass
SUP0177,C,11,0.061150614372883376,0.6923002811966685,13.875656705476537,67.51051990532659,Pass
SUP0177,C,12,0.04673431074152805,0.6429121761009917,18.55083345443004,69.36520796371771,Pass
SUP0178,A,1,0.05657361465673492,0.644770519685746,23.306406087167698,82.04110439247478,Fail
SUP0178,A,2,0.05527648776616316,0.6143376498391412,18.40667112795794,86.97513758457504,Fail
SUP0178,A,3,0.05927810063691021,0.6276566032693173,21.1049221210052,88.98005162204717,Fail
SUP0178,A,4,0.049570398936121834,0.651757000895939,24.484509225299192,87.33242780901786,Pass
SUP0178,A,5,0.062481389579660845,0.6455777651503468,15.981133006706346,82.38684746395398,Pass
SUP0178,A,6,0.057863671832418535,0.6097384782038819,17.76476452288721,84.89349280351797,Fail
SUP0178,A,7,0.05801096556663692,0.6229920468646667,24.879544176514138,88.93932077722314,Fail
SUP0178,A,8,0.055012272087015625,0.5983932317901909,14.319773051356306,79.80440988266854,Fail
SUP0178,A,9,0.060966811342229074,0.6540229371274318,20.044211531672353,91.84264779574649,Pass
SUP0178,A,10,,0.6046429211662735,21.899002149544675,95.4218188703631,Pass
SUP0178,A,11,0.07449972274582223,0.5784961549400474,18.49510719745042,93.14765198176524,Pass
SUP0178,A,12,0.0628946610415878,0.6124935722215282,22.91862498029074,84.86743689434617,Pass
SUP0178,D,1,0.05636560596343783,0.6517199736984225,20.91873098168025,82.26030229665196,Fail
SUP0178,D,2,0.049523076022066626,0.6121409909440708,19.3694850954266,74.41956633616752,Pass
SUP0178,D,3,0.06045546983183338,0.6319511290659414,18.62475713539843,73.9920521848066,Pass
SUP0178,D,4,0.056873625939493064,0.6811468503810426,22.641198161259542,78.00741193066396,Pass
SUP0178,D,5,0.0759709785451208,0.6501360282449045,23.25331490113907,94.50306612354795,Pass
SUP0178,D,6,0.04900785289720283,0.654013748822551,21.141878127916556,87.54803263214387,Fail
SUP0178,D,7,0.04933699535211224,0.6538229094931008,25.967727726935262,84.20417916672162,Pass
SUP0178,D,8,0.06139452897645094,0.6546121736370394,20.60865773311315,82.39540563381705,Pass
SUP0178,D,9,0.07784369370627897,0.6298881408557072,21.316001343502275,88.41751685575043,Fail
SUP0178,D,10,0.07168297035700998,0.7077277212211998,21.42265512825189,80.18291340607905,Pass
SUP0178,D,11,0.06610718756234145,0.6516638560820598,24.107258730067453,99.0,Pass
SUP0178,D,12,0.06848755819013565,0.5971773105818278,19.328765180206553,99.0,Pass
SUP0179,C,1,0.03788348977466065,0.8088845072433344,14.632977923679134,33.41364302519278,Pass
SUP0179,C,2,0.03888802010075063,0.6785844866603467,21.461301002089616,47.27752106282256,Pass
SUP0179,C,3,0.0531006412376155,0.7466390572016031,16.950638874885065,48.36617746353768,Pass
SUP0179,C,4,0.040193801092441805,0.753047310435589,11.631316149799682,42.46432216653337,Pass
SUP0179,C,5,0.04719713907729994,0.8334996370517322,15.083687412649173,38.45018417477229,Fail
SUP0179,C,6,0.036204083252389004,0.8064656956225414,15.86047696999578,45.29968901342023,Pass
SUP0179,C,7,0.04219293383388654,0.7657376627556106,19.20504062895404,52.311112581849265,Pass
SUP0179,C,8,0.02249248042408962,0.8011839890690047,15.943093740951308,38.37439834932623,Pass
SUP0179,C,9,0.03979444654511229,0.8408985529687105,12.980439405347571,44.13754499415573,Pass
SUP0179,C,10,0.03953017876759097,0.7794246747775084,19.583906769668776,50.10411311066269,Pass
SUP0179,C,11,0.0597491830164643,0.7182609678437716,24.48516410469754,56.92183207448491,Pass
SUP0179,C,12,0.049522308190735345,0.7275643847256819,15.122130339470045,56.46585933495698,Pass
SUP0180,B,1,0.029868095657011692,0.7766005637994718,15.088047360148618,39.27079313382458,Pass
SUP0180,B,2,0.03383484682000844,0.7736026196451384,21.290154727169124,42.38008446828251,Pass
SUP0180,B,3,0.04164558638325642,0.7997072986613929,18.09927047520015,44.61717813294362,Pass
SUP0180,B,4,0.037185565179436234,0.8849848204137445,14.982271945960987,38.47353808002243,Pass
SUP0180,B,5,0.037808603665492324,0.7847383897661742,15.786848631261375,44.694270694602956,Pass
SUP0180,B,6,0.051920519405448444,0.7335359345799454,13.512977185553448,55.876080645950154,Pass
SUP0180,B,7,0.049958395931490186,0.7638263403830959,13.150270509790296,48.12530257134618,Fail
SUP0180,B,8,0.040625585713516175,0.6584139066207779,15.509650220541769,50.45115938362127,Pass
SUP0180,B,9,0.052735144343764924,0.8000315931261525,17.63275023956547,48.634108294418645,Pass
SUP0180,B,10,0.039331106347554115,0.7967384461561415,16.703989529119056,48.65395249851672,Pass
SUP0180,B,11,0.04389450008388119,0.8094645469649097,11.030902276319363,48.013062665584954,Pass
SUP0180,B,12,0.03578380687632311,0.7213961589816731,14.258592423872653,56.3234950362061,Pass
SUP0180,C,1,0.045816959438362205,0.7673757951598819,16.95790052774992,47.9422914701929,Pass
SUP0180,C,2,0.04621283034661318,0.7013754175949383,20.769293615839945,56.40635070211933,Pass
SUP0180,C,3,0.05369796339055374,0.7307150041182786,21.721205400595466,52.960913009105724,Pass
SUP0180,C,4,,0.7874106991007902,24.003058005095134,45.811370842459354,Pass
SUP0180,C,5,0.05213016600038352,0.7882333134476425,13.377500767473112,48.52298684829334,Pass
SUP0180,C,6,0.030666485607735945,0.7674908668443426,17.887379715438996,38.65301620090464,Fail
SUP0180,C,7,0.04030012755910202,0.7562370793851161,20.309885869415503,56.20788160290036,Pass
SUP0180,C,8,0.04546605574449017,0.7943662794757868,20.322766225014078,44.44219093994361,Pass
SUP0180,C,9,0.050048015009037494,0.777582949118652,12.8874506435915,46.641084057109964,Pass
SUP0180,C,10,0.05087674409330761,0.7088299651541633,18.445195682409057,51.50852500509742,Pass
SUP0180,C,11,0.0603801369049838,0.7455590869189619,12.164357165978583,52.90893263528749,Pass
SUP0180,C,12,0.044237890991418775,0.7566785794467336,16.766280914758145,52.11081073937663,Pass
